model;attack;base_class;target_class;epochs;lr;poison_num;epsilon;watermark_opacity;step_size;iterations;run;success;clean_acc;poisoned_acc
model_cat_lr0.0075;fc;1;0;20;0.1;30;0.01;0.0;0.01;2000;1;True;0.74;0.72
model_cat_lr0.0075;fc;1;0;20;0.1;30;0.01;0.0;0.01;2000;2;True;0.74;0.72
model_cat_lr0.0075;fc;1;0;20;0.1;30;0.01;0.0;0.01;2000;3;True;0.74;0.72
model_cat_lr0.0075;fc;1;0;20;0.1;30;0.01;0.0;0.01;2000;4;True;0.74;0.72
model_cat_lr0.0075;fc;1;0;20;0.1;30;0.01;0.0;0.01;2000;5;True;0.74;0.72
model_cat_lr0.0075;fc;1;0;20;0.1;30;0.01;0.0;0.01;4000;1;True;0.74;0.72
model_cat_lr0.0075;fc;1;0;20;0.1;30;0.01;0.0;0.01;4000;2;True;0.74;0.72
model_cat_lr0.0075;fc;1;0;20;0.1;30;0.01;0.0;0.01;4000;3;True;0.74;0.72
model_cat_lr0.0075;fc;1;0;20;0.1;30;0.01;0.0;0.01;4000;4;True;0.74;0.72
model_cat_lr0.0075;fc;1;0;20;0.1;30;0.01;0.0;0.01;4000;5;True;0.74;0.72
model_cat_lr0.0075;fc;1;0;20;0.1;30;0.01;0.2;0.01;2000;1;False;0.74;0.74
model_cat_lr0.0075;fc;1;0;20;0.1;30;0.01;0.2;0.01;2000;2;True;0.74;0.72
model_cat_lr0.0075;fc;1;0;20;0.1;30;0.01;0.2;0.01;2000;3;True;0.74;0.72
model_cat_lr0.0075;fc;1;0;20;0.1;30;0.01;0.2;0.01;2000;4;True;0.74;0.72
model_cat_lr0.0075;fc;1;0;20;0.1;30;0.01;0.2;0.01;2000;5;True;0.74;0.72
model_cat_lr0.0075;fc;1;0;20;0.1;30;0.01;0.2;0.01;4000;1;True;0.74;0.72
model_cat_lr0.0075;fc;1;0;20;0.1;30;0.01;0.2;0.01;4000;2;True;0.74;0.72
model_cat_lr0.0075;fc;1;0;20;0.1;30;0.01;0.2;0.01;4000;3;True;0.74;0.72
model_cat_lr0.0075;fc;1;0;20;0.1;30;0.01;0.2;0.01;4000;4;True;0.74;0.72
model_cat_lr0.0075;fc;1;0;20;0.1;30;0.01;0.2;0.01;4000;5;True;0.74;0.72
model_cat_lr0.0075;fc;1;0;20;0.1;60;0.01;0.0;0.01;2000;1;True;0.74;0.72
model_cat_lr0.0075;fc;1;0;20;0.1;60;0.01;0.0;0.01;2000;2;True;0.74;0.72
model_cat_lr0.0075;fc;1;0;20;0.1;60;0.01;0.0;0.01;2000;3;True;0.74;0.72
model_cat_lr0.0075;fc;1;0;20;0.1;60;0.01;0.0;0.01;2000;4;True;0.74;0.72
model_cat_lr0.0075;fc;1;0;20;0.1;60;0.01;0.0;0.01;2000;5;True;0.74;0.72
model_cat_lr0.0075;fc;1;0;20;0.1;60;0.01;0.0;0.01;4000;1;True;0.74;0.72
model_cat_lr0.0075;fc;1;0;20;0.1;60;0.01;0.0;0.01;4000;2;True;0.74;0.72
model_cat_lr0.0075;fc;1;0;20;0.1;60;0.01;0.0;0.01;4000;3;True;0.74;0.72
model_cat_lr0.0075;fc;1;0;20;0.1;60;0.01;0.0;0.01;4000;4;True;0.74;0.72
model_cat_lr0.0075;fc;1;0;20;0.1;60;0.01;0.0;0.01;4000;5;True;0.74;0.72
model_cat_lr0.0075;fc;1;0;20;0.1;60;0.01;0.2;0.01;2000;1;True;0.74;0.72
model_cat_lr0.0075;fc;1;0;20;0.1;60;0.01;0.2;0.01;2000;2;True;0.74;0.72
model_cat_lr0.0075;fc;1;0;20;0.1;60;0.01;0.2;0.01;2000;3;True;0.74;0.72
model_cat_lr0.0075;fc;1;0;20;0.1;60;0.01;0.2;0.01;2000;4;True;0.74;0.72
model_cat_lr0.0075;fc;1;0;20;0.1;60;0.01;0.2;0.01;2000;5;True;0.74;0.72
model_cat_lr0.0075;fc;1;0;20;0.1;60;0.01;0.2;0.01;4000;1;True;0.74;0.72
model_cat_lr0.0075;fc;1;0;20;0.1;60;0.01;0.2;0.01;4000;2;True;0.74;0.72
model_cat_lr0.0075;fc;1;0;20;0.1;60;0.01;0.2;0.01;4000;3;True;0.74;0.72
model_cat_lr0.0075;fc;1;0;20;0.1;60;0.01;0.2;0.01;4000;4;True;0.74;0.72
model_cat_lr0.0075;fc;1;0;20;0.1;60;0.01;0.2;0.01;4000;5;True;0.74;0.72
model_cat_lr0.0075;fc;1;0;20;0.1;30;0.03;0.0;0.01;2000;1;True;0.74;0.72
model_cat_lr0.0075;fc;1;0;20;0.1;30;0.03;0.0;0.01;2000;2;True;0.74;0.72
model_cat_lr0.0075;fc;1;0;20;0.1;30;0.03;0.0;0.01;2000;3;True;0.74;0.72
model_cat_lr0.0075;fc;1;0;20;0.1;30;0.03;0.0;0.01;2000;4;True;0.74;0.72
model_cat_lr0.0075;fc;1;0;20;0.1;30;0.03;0.0;0.01;2000;5;True;0.74;0.72
model_cat_lr0.0075;fc;1;0;20;0.1;30;0.03;0.0;0.01;4000;1;True;0.74;0.72
model_cat_lr0.0075;fc;1;0;20;0.1;30;0.03;0.0;0.01;4000;2;True;0.74;0.72
model_cat_lr0.0075;fc;1;0;20;0.1;30;0.03;0.0;0.01;4000;3;True;0.74;0.72
model_cat_lr0.0075;fc;1;0;20;0.1;30;0.03;0.0;0.01;4000;4;True;0.74;0.72
model_cat_lr0.0075;fc;1;0;20;0.1;30;0.03;0.0;0.01;4000;5;True;0.74;0.72
model_cat_lr0.0075;fc;1;0;20;0.1;30;0.03;0.2;0.01;2000;1;True;0.74;0.72
model_cat_lr0.0075;fc;1;0;20;0.1;30;0.03;0.2;0.01;2000;2;True;0.74;0.72
model_cat_lr0.0075;fc;1;0;20;0.1;30;0.03;0.2;0.01;2000;3;True;0.74;0.72
model_cat_lr0.0075;fc;1;0;20;0.1;30;0.03;0.2;0.01;2000;4;True;0.74;0.72
model_cat_lr0.0075;fc;1;0;20;0.1;30;0.03;0.2;0.01;2000;5;True;0.74;0.72
model_cat_lr0.0075;fc;1;0;20;0.1;30;0.03;0.2;0.01;4000;1;True;0.74;0.72
model_cat_lr0.0075;fc;1;0;20;0.1;30;0.03;0.2;0.01;4000;2;True;0.74;0.72
model_cat_lr0.0075;fc;1;0;20;0.1;30;0.03;0.2;0.01;4000;3;True;0.74;0.72
model_cat_lr0.0075;fc;1;0;20;0.1;30;0.03;0.2;0.01;4000;4;True;0.74;0.72
model_cat_lr0.0075;fc;1;0;20;0.1;30;0.03;0.2;0.01;4000;5;True;0.74;0.72
model_cat_lr0.0075;fc;1;0;20;0.1;60;0.03;0.0;0.01;2000;1;True;0.74;0.76
model_cat_lr0.0075;fc;1;0;20;0.1;60;0.03;0.0;0.01;2000;2;True;0.74;0.74
model_cat_lr0.0075;fc;1;0;20;0.1;60;0.03;0.0;0.01;2000;3;True;0.74;0.76
model_cat_lr0.0075;fc;1;0;20;0.1;60;0.03;0.0;0.01;2000;4;True;0.74;0.76
model_cat_lr0.0075;fc;1;0;20;0.1;60;0.03;0.0;0.01;2000;5;True;0.74;0.76
model_cat_lr0.0075;fc;1;0;20;0.1;60;0.03;0.0;0.01;4000;1;True;0.74;0.76
model_cat_lr0.0075;fc;1;0;20;0.1;60;0.03;0.0;0.01;4000;2;True;0.74;0.76
model_cat_lr0.0075;fc;1;0;20;0.1;60;0.03;0.0;0.01;4000;3;True;0.74;0.76
model_cat_lr0.0075;fc;1;0;20;0.1;60;0.03;0.0;0.01;4000;4;True;0.74;0.76
model_cat_lr0.0075;fc;1;0;20;0.1;60;0.03;0.0;0.01;4000;5;True;0.74;0.76
model_cat_lr0.0075;fc;1;0;20;0.1;60;0.03;0.2;0.01;2000;1;True;0.74;0.72
model_cat_lr0.0075;fc;1;0;20;0.1;60;0.03;0.2;0.01;2000;2;True;0.74;0.72
model_cat_lr0.0075;fc;1;0;20;0.1;60;0.03;0.2;0.01;2000;3;True;0.74;0.72
model_cat_lr0.0075;fc;1;0;20;0.1;60;0.03;0.2;0.01;2000;4;True;0.74;0.72
model_cat_lr0.0075;fc;1;0;20;0.1;60;0.03;0.2;0.01;2000;5;True;0.74;0.72
model_cat_lr0.0075;fc;1;0;20;0.1;60;0.03;0.2;0.01;4000;1;True;0.74;0.72
model_cat_lr0.0075;fc;1;0;20;0.1;60;0.03;0.2;0.01;4000;2;True;0.74;0.76
model_cat_lr0.0075;fc;1;0;20;0.1;60;0.03;0.2;0.01;4000;3;True;0.74;0.76
model_cat_lr0.0075;fc;1;0;20;0.1;60;0.03;0.2;0.01;4000;4;True;0.74;0.76
model_cat_lr0.0075;fc;1;0;20;0.1;60;0.03;0.2;0.01;4000;5;True;0.74;0.72
model_cat_lr0.0075;fc;1;0;20;0.1;30;0.05;0.0;0.01;2000;1;True;0.74;0.72
model_cat_lr0.0075;fc;1;0;20;0.1;30;0.05;0.0;0.01;2000;2;True;0.74;0.72
model_cat_lr0.0075;fc;1;0;20;0.1;30;0.05;0.0;0.01;2000;3;True;0.74;0.72
model_cat_lr0.0075;fc;1;0;20;0.1;30;0.05;0.0;0.01;2000;4;True;0.74;0.72
model_cat_lr0.0075;fc;1;0;20;0.1;30;0.05;0.0;0.01;2000;5;True;0.74;0.72
model_cat_lr0.0075;fc;1;0;20;0.1;30;0.05;0.0;0.01;4000;1;True;0.74;0.72
model_cat_lr0.0075;fc;1;0;20;0.1;30;0.05;0.0;0.01;4000;2;True;0.74;0.72
model_cat_lr0.0075;fc;1;0;20;0.1;30;0.05;0.0;0.01;4000;3;True;0.74;0.72
model_cat_lr0.0075;fc;1;0;20;0.1;30;0.05;0.0;0.01;4000;4;True;0.74;0.72
model_cat_lr0.0075;fc;1;0;20;0.1;30;0.05;0.0;0.01;4000;5;True;0.74;0.72
model_cat_lr0.0075;fc;1;0;20;0.1;30;0.05;0.2;0.01;2000;1;True;0.74;0.72
model_cat_lr0.0075;fc;1;0;20;0.1;30;0.05;0.2;0.01;2000;2;True;0.74;0.72
model_cat_lr0.0075;fc;1;0;20;0.1;30;0.05;0.2;0.01;2000;3;True;0.74;0.72
model_cat_lr0.0075;fc;1;0;20;0.1;30;0.05;0.2;0.01;2000;4;True;0.74;0.72
model_cat_lr0.0075;fc;1;0;20;0.1;30;0.05;0.2;0.01;2000;5;True;0.74;0.72
model_cat_lr0.0075;fc;1;0;20;0.1;30;0.05;0.2;0.01;4000;1;True;0.74;0.72
model_cat_lr0.0075;fc;1;0;20;0.1;30;0.05;0.2;0.01;4000;2;True;0.74;0.72
model_cat_lr0.0075;fc;1;0;20;0.1;30;0.05;0.2;0.01;4000;3;True;0.74;0.72
model_cat_lr0.0075;fc;1;0;20;0.1;30;0.05;0.2;0.01;4000;4;True;0.74;0.72
model_cat_lr0.0075;fc;1;0;20;0.1;30;0.05;0.2;0.01;4000;5;True;0.74;0.72
model_cat_lr0.0075;fc;1;0;20;0.1;60;0.05;0.0;0.01;2000;1;True;0.74;0.76
model_cat_lr0.0075;fc;1;0;20;0.1;60;0.05;0.0;0.01;2000;2;True;0.74;0.76
model_cat_lr0.0075;fc;1;0;20;0.1;60;0.05;0.0;0.01;2000;3;True;0.74;0.74
model_cat_lr0.0075;fc;1;0;20;0.1;60;0.05;0.0;0.01;2000;4;True;0.74;0.74
model_cat_lr0.0075;fc;1;0;20;0.1;60;0.05;0.0;0.01;2000;5;True;0.74;0.74
model_cat_lr0.0075;fc;1;0;20;0.1;60;0.05;0.0;0.01;4000;1;True;0.74;0.74
model_cat_lr0.0075;fc;1;0;20;0.1;60;0.05;0.0;0.01;4000;2;True;0.74;0.74
model_cat_lr0.0075;fc;1;0;20;0.1;60;0.05;0.0;0.01;4000;3;True;0.74;0.74
model_cat_lr0.0075;fc;1;0;20;0.1;60;0.05;0.0;0.01;4000;4;True;0.74;0.76
model_cat_lr0.0075;fc;1;0;20;0.1;60;0.05;0.0;0.01;4000;5;True;0.74;0.74
model_cat_lr0.0075;fc;1;0;20;0.1;60;0.05;0.2;0.01;2000;1;True;0.74;0.76
model_cat_lr0.0075;fc;1;0;20;0.1;60;0.05;0.2;0.01;2000;2;True;0.74;0.74
model_cat_lr0.0075;fc;1;0;20;0.1;60;0.05;0.2;0.01;2000;3;True;0.74;0.76
model_cat_lr0.0075;fc;1;0;20;0.1;60;0.05;0.2;0.01;2000;4;True;0.74;0.74
model_cat_lr0.0075;fc;1;0;20;0.1;60;0.05;0.2;0.01;2000;5;True;0.74;0.74
model_cat_lr0.0075;fc;1;0;20;0.1;60;0.05;0.2;0.01;4000;1;True;0.74;0.72
model_cat_lr0.0075;fc;1;0;20;0.1;60;0.05;0.2;0.01;4000;2;True;0.74;0.74
model_cat_lr0.0075;fc;1;0;20;0.1;60;0.05;0.2;0.01;4000;3;True;0.74;0.76
model_cat_lr0.0075;fc;1;0;20;0.1;60;0.05;0.2;0.01;4000;4;True;0.74;0.72
model_cat_lr0.0075;fc;1;0;20;0.1;60;0.05;0.2;0.01;4000;5;True;0.74;0.76
model_cat_lr0.0075;polytope;1;0;20;0.1;30;0.01;0.0;0.01;2000;1;True;0.74;0.72
model_cat_lr0.0075;polytope;1;0;20;0.1;30;0.01;0.0;0.01;2000;2;True;0.74;0.72
model_cat_lr0.0075;polytope;1;0;20;0.1;30;0.01;0.0;0.01;2000;3;True;0.74;0.72
model_cat_lr0.0075;polytope;1;0;20;0.1;30;0.01;0.0;0.01;2000;4;True;0.74;0.72
model_cat_lr0.0075;polytope;1;0;20;0.1;30;0.01;0.0;0.01;2000;5;True;0.74;0.72
model_cat_lr0.0075;polytope;1;0;20;0.1;30;0.01;0.0;0.01;4000;1;True;0.74;0.72
model_cat_lr0.0075;polytope;1;0;20;0.1;30;0.01;0.0;0.01;4000;2;True;0.74;0.72
model_cat_lr0.0075;polytope;1;0;20;0.1;30;0.01;0.0;0.01;4000;3;True;0.74;0.72
model_cat_lr0.0075;polytope;1;0;20;0.1;30;0.01;0.0;0.01;4000;4;True;0.74;0.72
model_cat_lr0.0075;polytope;1;0;20;0.1;30;0.01;0.0;0.01;4000;5;True;0.74;0.72
model_cat_lr0.0075;polytope;1;0;20;0.1;30;0.01;0.2;0.01;2000;1;True;0.74;0.72
model_cat_lr0.0075;polytope;1;0;20;0.1;30;0.01;0.2;0.01;2000;2;True;0.74;0.72
model_cat_lr0.0075;polytope;1;0;20;0.1;30;0.01;0.2;0.01;2000;3;True;0.74;0.72
model_cat_lr0.0075;polytope;1;0;20;0.1;30;0.01;0.2;0.01;2000;4;True;0.74;0.72
model_cat_lr0.0075;polytope;1;0;20;0.1;30;0.01;0.2;0.01;2000;5;True;0.74;0.72
model_cat_lr0.0075;polytope;1;0;20;0.1;30;0.01;0.2;0.01;4000;1;True;0.74;0.72
model_cat_lr0.0075;polytope;1;0;20;0.1;30;0.01;0.2;0.01;4000;2;True;0.74;0.72
model_cat_lr0.0075;polytope;1;0;20;0.1;30;0.01;0.2;0.01;4000;3;True;0.74;0.72
model_cat_lr0.0075;polytope;1;0;20;0.1;30;0.01;0.2;0.01;4000;4;True;0.74;0.72
model_cat_lr0.0075;polytope;1;0;20;0.1;30;0.01;0.2;0.01;4000;5;True;0.74;0.72
model_cat_lr0.0075;polytope;1;0;20;0.1;60;0.01;0.0;0.01;2000;1;True;0.74;0.72
model_cat_lr0.0075;polytope;1;0;20;0.1;60;0.01;0.0;0.01;2000;2;True;0.74;0.72
model_cat_lr0.0075;polytope;1;0;20;0.1;60;0.01;0.0;0.01;2000;3;True;0.74;0.72
model_cat_lr0.0075;polytope;1;0;20;0.1;60;0.01;0.0;0.01;2000;4;True;0.74;0.72
model_cat_lr0.0075;polytope;1;0;20;0.1;60;0.01;0.0;0.01;2000;5;True;0.74;0.72
model_cat_lr0.0075;polytope;1;0;20;0.1;60;0.01;0.0;0.01;4000;1;True;0.74;0.72
model_cat_lr0.0075;polytope;1;0;20;0.1;60;0.01;0.0;0.01;4000;2;True;0.74;0.72
model_cat_lr0.0075;polytope;1;0;20;0.1;60;0.01;0.0;0.01;4000;3;True;0.74;0.72
model_cat_lr0.0075;polytope;1;0;20;0.1;60;0.01;0.0;0.01;4000;4;True;0.74;0.72
model_cat_lr0.0075;polytope;1;0;20;0.1;60;0.01;0.0;0.01;4000;5;True;0.74;0.72
model_cat_lr0.0075;polytope;1;0;20;0.1;60;0.01;0.2;0.01;2000;1;True;0.74;0.72
model_cat_lr0.0075;polytope;1;0;20;0.1;60;0.01;0.2;0.01;2000;2;True;0.74;0.72
model_cat_lr0.0075;polytope;1;0;20;0.1;60;0.01;0.2;0.01;2000;3;True;0.74;0.72
model_cat_lr0.0075;polytope;1;0;20;0.1;60;0.01;0.2;0.01;2000;4;True;0.74;0.72
model_cat_lr0.0075;polytope;1;0;20;0.1;60;0.01;0.2;0.01;2000;5;True;0.74;0.72
model_cat_lr0.0075;polytope;1;0;20;0.1;60;0.01;0.2;0.01;4000;1;True;0.74;0.72
model_cat_lr0.0075;polytope;1;0;20;0.1;60;0.01;0.2;0.01;4000;2;True;0.74;0.72
model_cat_lr0.0075;polytope;1;0;20;0.1;60;0.01;0.2;0.01;4000;3;True;0.74;0.72
model_cat_lr0.0075;polytope;1;0;20;0.1;60;0.01;0.2;0.01;4000;4;True;0.74;0.72
model_cat_lr0.0075;polytope;1;0;20;0.1;60;0.01;0.2;0.01;4000;5;True;0.74;0.72
model_cat_lr0.0075;polytope;1;0;20;0.1;30;0.03;0.0;0.01;2000;1;True;0.74;0.74
model_cat_lr0.0075;polytope;1;0;20;0.1;30;0.03;0.0;0.01;2000;2;True;0.74;0.76
model_cat_lr0.0075;polytope;1;0;20;0.1;30;0.03;0.0;0.01;2000;3;True;0.74;0.72
model_cat_lr0.0075;polytope;1;0;20;0.1;30;0.03;0.0;0.01;2000;4;True;0.74;0.74
model_cat_lr0.0075;polytope;1;0;20;0.1;30;0.03;0.0;0.01;2000;5;True;0.74;0.76
model_cat_lr0.0075;polytope;1;0;20;0.1;30;0.03;0.0;0.01;4000;1;True;0.74;0.72
model_cat_lr0.0075;polytope;1;0;20;0.1;30;0.03;0.0;0.01;4000;2;True;0.74;0.72
model_cat_lr0.0075;polytope;1;0;20;0.1;30;0.03;0.0;0.01;4000;3;True;0.74;0.74
model_cat_lr0.0075;polytope;1;0;20;0.1;30;0.03;0.0;0.01;4000;4;True;0.74;0.72
model_cat_lr0.0075;polytope;1;0;20;0.1;30;0.03;0.0;0.01;4000;5;True;0.74;0.76
model_cat_lr0.0075;polytope;1;0;20;0.1;30;0.03;0.2;0.01;2000;1;False;0.74;0.74
model_cat_lr0.0075;polytope;1;0;20;0.1;30;0.03;0.2;0.01;2000;2;True;0.74;0.72
model_cat_lr0.0075;polytope;1;0;20;0.1;30;0.03;0.2;0.01;2000;3;False;0.74;0.74
model_cat_lr0.0075;polytope;1;0;20;0.1;30;0.03;0.2;0.01;2000;4;True;0.74;0.72
model_cat_lr0.0075;polytope;1;0;20;0.1;30;0.03;0.2;0.01;2000;5;True;0.74;0.72
model_cat_lr0.0075;polytope;1;0;20;0.1;30;0.03;0.2;0.01;4000;1;False;0.74;0.74
model_cat_lr0.0075;polytope;1;0;20;0.1;30;0.03;0.2;0.01;4000;2;False;0.74;0.74
model_cat_lr0.0075;polytope;1;0;20;0.1;30;0.03;0.2;0.01;4000;3;False;0.74;0.74
model_cat_lr0.0075;polytope;1;0;20;0.1;30;0.03;0.2;0.01;4000;4;False;0.74;0.74
model_cat_lr0.0075;polytope;1;0;20;0.1;30;0.03;0.2;0.01;4000;5;True;0.74;0.72
model_cat_lr0.0075;polytope;1;0;20;0.1;60;0.03;0.0;0.01;2000;1;True;0.74;0.76
model_cat_lr0.0075;polytope;1;0;20;0.1;60;0.03;0.0;0.01;2000;2;True;0.74;0.76
model_cat_lr0.0075;polytope;1;0;20;0.1;60;0.03;0.0;0.01;2000;3;True;0.74;0.76
model_cat_lr0.0075;polytope;1;0;20;0.1;60;0.03;0.0;0.01;2000;4;True;0.74;0.76
model_cat_lr0.0075;polytope;1;0;20;0.1;60;0.03;0.0;0.01;2000;5;True;0.74;0.74
model_cat_lr0.0075;polytope;1;0;20;0.1;60;0.03;0.0;0.01;4000;1;True;0.74;0.76
model_cat_lr0.0075;polytope;1;0;20;0.1;60;0.03;0.0;0.01;4000;2;True;0.74;0.76
model_cat_lr0.0075;polytope;1;0;20;0.1;60;0.03;0.0;0.01;4000;3;True;0.74;0.76
model_cat_lr0.0075;polytope;1;0;20;0.1;60;0.03;0.0;0.01;4000;4;True;0.74;0.76
model_cat_lr0.0075;polytope;1;0;20;0.1;60;0.03;0.0;0.01;4000;5;True;0.74;0.76
model_cat_lr0.0075;polytope;1;0;20;0.1;60;0.03;0.2;0.01;2000;1;True;0.74;0.72
model_cat_lr0.0075;polytope;1;0;20;0.1;60;0.03;0.2;0.01;2000;2;True;0.74;0.72
model_cat_lr0.0075;polytope;1;0;20;0.1;60;0.03;0.2;0.01;2000;3;True;0.74;0.72
model_cat_lr0.0075;polytope;1;0;20;0.1;60;0.03;0.2;0.01;2000;4;True;0.74;0.72
model_cat_lr0.0075;polytope;1;0;20;0.1;60;0.03;0.2;0.01;2000;5;True;0.74;0.72
model_cat_lr0.0075;polytope;1;0;20;0.1;60;0.03;0.2;0.01;4000;1;True;0.74;0.72
model_cat_lr0.0075;polytope;1;0;20;0.1;60;0.03;0.2;0.01;4000;2;True;0.74;0.72
model_cat_lr0.0075;polytope;1;0;20;0.1;60;0.03;0.2;0.01;4000;3;True;0.74;0.72
model_cat_lr0.0075;polytope;1;0;20;0.1;60;0.03;0.2;0.01;4000;4;True;0.74;0.72
model_cat_lr0.0075;polytope;1;0;20;0.1;60;0.03;0.2;0.01;4000;5;True;0.74;0.72
model_cat_lr0.0075;polytope;1;0;20;0.1;30;0.05;0.0;0.01;2000;1;True;0.74;0.74
model_cat_lr0.0075;polytope;1;0;20;0.1;30;0.05;0.0;0.01;2000;2;True;0.74;0.72
model_cat_lr0.0075;polytope;1;0;20;0.1;30;0.05;0.0;0.01;2000;3;True;0.74;0.76
model_cat_lr0.0075;polytope;1;0;20;0.1;30;0.05;0.0;0.01;2000;4;True;0.74;0.76
model_cat_lr0.0075;polytope;1;0;20;0.1;30;0.05;0.0;0.01;2000;5;True;0.74;0.76
model_cat_lr0.0075;polytope;1;0;20;0.1;30;0.05;0.0;0.01;4000;1;True;0.74;0.72
model_cat_lr0.0075;polytope;1;0;20;0.1;30;0.05;0.0;0.01;4000;2;True;0.74;0.72
model_cat_lr0.0075;polytope;1;0;20;0.1;30;0.05;0.0;0.01;4000;3;True;0.74;0.74
model_cat_lr0.0075;polytope;1;0;20;0.1;30;0.05;0.0;0.01;4000;4;True;0.74;0.72
model_cat_lr0.0075;polytope;1;0;20;0.1;30;0.05;0.0;0.01;4000;5;True;0.74;0.76
model_cat_lr0.0075;polytope;1;0;20;0.1;30;0.05;0.2;0.01;2000;1;True;0.74;0.72
model_cat_lr0.0075;polytope;1;0;20;0.1;30;0.05;0.2;0.01;2000;2;True;0.74;0.72
model_cat_lr0.0075;polytope;1;0;20;0.1;30;0.05;0.2;0.01;2000;3;True;0.74;0.72
model_cat_lr0.0075;polytope;1;0;20;0.1;30;0.05;0.2;0.01;2000;4;True;0.74;0.72
model_cat_lr0.0075;polytope;1;0;20;0.1;30;0.05;0.2;0.01;2000;5;True;0.74;0.72
model_cat_lr0.0075;polytope;1;0;20;0.1;30;0.05;0.2;0.01;4000;1;True;0.74;0.72
model_cat_lr0.0075;polytope;1;0;20;0.1;30;0.05;0.2;0.01;4000;2;True;0.74;0.72
model_cat_lr0.0075;polytope;1;0;20;0.1;30;0.05;0.2;0.01;4000;3;True;0.74;0.72
model_cat_lr0.0075;polytope;1;0;20;0.1;30;0.05;0.2;0.01;4000;4;True;0.74;0.72
model_cat_lr0.0075;polytope;1;0;20;0.1;30;0.05;0.2;0.01;4000;5;True;0.74;0.72
model_cat_lr0.0075;polytope;1;0;20;0.1;60;0.05;0.0;0.01;2000;1;True;0.74;0.74
model_cat_lr0.0075;polytope;1;0;20;0.1;60;0.05;0.0;0.01;2000;2;True;0.74;0.76
model_cat_lr0.0075;polytope;1;0;20;0.1;60;0.05;0.0;0.01;2000;3;True;0.74;0.76
model_cat_lr0.0075;polytope;1;0;20;0.1;60;0.05;0.0;0.01;2000;4;True;0.74;0.76
model_cat_lr0.0075;polytope;1;0;20;0.1;60;0.05;0.0;0.01;2000;5;True;0.74;0.74
model_cat_lr0.0075;polytope;1;0;20;0.1;60;0.05;0.0;0.01;4000;1;True;0.74;0.76
model_cat_lr0.0075;polytope;1;0;20;0.1;60;0.05;0.0;0.01;4000;2;True;0.74;0.76
model_cat_lr0.0075;polytope;1;0;20;0.1;60;0.05;0.0;0.01;4000;3;True;0.74;0.74
model_cat_lr0.0075;polytope;1;0;20;0.1;60;0.05;0.0;0.01;4000;4;True;0.74;0.76
model_cat_lr0.0075;polytope;1;0;20;0.1;60;0.05;0.0;0.01;4000;5;True;0.74;0.76
model_cat_lr0.0075;polytope;1;0;20;0.1;60;0.05;0.2;0.01;2000;1;True;0.74;0.76
model_cat_lr0.0075;polytope;1;0;20;0.1;60;0.05;0.2;0.01;2000;2;True;0.74;0.74
model_cat_lr0.0075;polytope;1;0;20;0.1;60;0.05;0.2;0.01;2000;3;True;0.74;0.76
model_cat_lr0.0075;polytope;1;0;20;0.1;60;0.05;0.2;0.01;2000;4;True;0.74;0.74
model_cat_lr0.0075;polytope;1;0;20;0.1;60;0.05;0.2;0.01;2000;5;True;0.74;0.74
model_cat_lr0.0075;polytope;1;0;20;0.1;60;0.05;0.2;0.01;4000;1;True;0.74;0.76
model_cat_lr0.0075;polytope;1;0;20;0.1;60;0.05;0.2;0.01;4000;2;True;0.74;0.74
model_cat_lr0.0075;polytope;1;0;20;0.1;60;0.05;0.2;0.01;4000;3;True;0.74;0.74
model_cat_lr0.0075;polytope;1;0;20;0.1;60;0.05;0.2;0.01;4000;4;True;0.74;0.74
model_cat_lr0.0075;polytope;1;0;20;0.1;60;0.05;0.2;0.01;4000;5;True;0.74;0.76
model_cat_lr0.0075;gradient;1;0;20;0.1;30;0.01;0.0;0.01;2000;1;True;0.74;0.72
model_cat_lr0.0075;gradient;1;0;20;0.1;30;0.01;0.0;0.01;2000;2;True;0.74;0.72
model_cat_lr0.0075;gradient;1;0;20;0.1;30;0.01;0.0;0.01;2000;3;True;0.74;0.72
model_cat_lr0.0075;gradient;1;0;20;0.1;30;0.01;0.0;0.01;2000;4;True;0.74;0.72
model_cat_lr0.0075;gradient;1;0;20;0.1;30;0.01;0.0;0.01;2000;5;True;0.74;0.72
model_cat_lr0.0075;gradient;1;0;20;0.1;30;0.01;0.0;0.01;4000;1;True;0.74;0.72
model_cat_lr0.0075;gradient;1;0;20;0.1;30;0.01;0.0;0.01;4000;2;True;0.74;0.72
model_cat_lr0.0075;gradient;1;0;20;0.1;30;0.01;0.0;0.01;4000;3;True;0.74;0.72
model_cat_lr0.0075;gradient;1;0;20;0.1;30;0.01;0.0;0.01;4000;4;True;0.74;0.72
model_cat_lr0.0075;gradient;1;0;20;0.1;30;0.01;0.0;0.01;4000;5;True;0.74;0.72
model_cat_lr0.0075;gradient;1;0;20;0.1;30;0.01;0.2;0.01;2000;1;True;0.74;0.72
model_cat_lr0.0075;gradient;1;0;20;0.1;30;0.01;0.2;0.01;2000;2;True;0.74;0.72
model_cat_lr0.0075;gradient;1;0;20;0.1;30;0.01;0.2;0.01;2000;3;True;0.74;0.72
model_cat_lr0.0075;gradient;1;0;20;0.1;30;0.01;0.2;0.01;2000;4;True;0.74;0.72
model_cat_lr0.0075;gradient;1;0;20;0.1;30;0.01;0.2;0.01;2000;5;True;0.74;0.72
model_cat_lr0.0075;gradient;1;0;20;0.1;30;0.01;0.2;0.01;4000;1;True;0.74;0.72
model_cat_lr0.0075;gradient;1;0;20;0.1;30;0.01;0.2;0.01;4000;2;True;0.74;0.72
model_cat_lr0.0075;gradient;1;0;20;0.1;30;0.01;0.2;0.01;4000;3;True;0.74;0.72
model_cat_lr0.0075;gradient;1;0;20;0.1;30;0.01;0.2;0.01;4000;4;True;0.74;0.72
model_cat_lr0.0075;gradient;1;0;20;0.1;30;0.01;0.2;0.01;4000;5;True;0.74;0.72
model_cat_lr0.0075;gradient;1;0;20;0.1;60;0.01;0.0;0.01;2000;1;True;0.74;0.72
model_cat_lr0.0075;gradient;1;0;20;0.1;60;0.01;0.0;0.01;2000;2;True;0.74;0.72
model_cat_lr0.0075;gradient;1;0;20;0.1;60;0.01;0.0;0.01;2000;3;True;0.74;0.72
model_cat_lr0.0075;gradient;1;0;20;0.1;60;0.01;0.0;0.01;2000;4;True;0.74;0.72
model_cat_lr0.0075;gradient;1;0;20;0.1;60;0.01;0.0;0.01;2000;5;True;0.74;0.72
model_cat_lr0.0075;gradient;1;0;20;0.1;60;0.01;0.0;0.01;4000;1;True;0.74;0.72
model_cat_lr0.0075;gradient;1;0;20;0.1;60;0.01;0.0;0.01;4000;2;True;0.74;0.72
model_cat_lr0.0075;gradient;1;0;20;0.1;60;0.01;0.0;0.01;4000;3;True;0.74;0.72
model_cat_lr0.0075;gradient;1;0;20;0.1;60;0.01;0.0;0.01;4000;4;True;0.74;0.72
model_cat_lr0.0075;gradient;1;0;20;0.1;60;0.01;0.0;0.01;4000;5;True;0.74;0.72
model_cat_lr0.0075;gradient;1;0;20;0.1;60;0.01;0.2;0.01;2000;1;True;0.74;0.72
model_cat_lr0.0075;gradient;1;0;20;0.1;60;0.01;0.2;0.01;2000;2;True;0.74;0.72
model_cat_lr0.0075;gradient;1;0;20;0.1;60;0.01;0.2;0.01;2000;3;True;0.74;0.72
model_cat_lr0.0075;gradient;1;0;20;0.1;60;0.01;0.2;0.01;2000;4;True;0.74;0.72
model_cat_lr0.0075;gradient;1;0;20;0.1;60;0.01;0.2;0.01;2000;5;True;0.74;0.72
model_cat_lr0.0075;gradient;1;0;20;0.1;60;0.01;0.2;0.01;4000;1;True;0.74;0.72
model_cat_lr0.0075;gradient;1;0;20;0.1;60;0.01;0.2;0.01;4000;2;True;0.74;0.72
model_cat_lr0.0075;gradient;1;0;20;0.1;60;0.01;0.2;0.01;4000;3;True;0.74;0.72
model_cat_lr0.0075;gradient;1;0;20;0.1;60;0.01;0.2;0.01;4000;4;True;0.74;0.72
model_cat_lr0.0075;gradient;1;0;20;0.1;60;0.01;0.2;0.01;4000;5;True;0.74;0.72
model_cat_lr0.0075;gradient;1;0;20;0.1;30;0.03;0.0;0.01;2000;1;True;0.74;0.72
model_cat_lr0.0075;gradient;1;0;20;0.1;30;0.03;0.0;0.01;2000;2;True;0.74;0.72
model_cat_lr0.0075;gradient;1;0;20;0.1;30;0.03;0.0;0.01;2000;3;True;0.74;0.72
model_cat_lr0.0075;gradient;1;0;20;0.1;30;0.03;0.0;0.01;2000;4;True;0.74;0.74
model_cat_lr0.0075;gradient;1;0;20;0.1;30;0.03;0.0;0.01;2000;5;True;0.74;0.72
model_cat_lr0.0075;gradient;1;0;20;0.1;30;0.03;0.0;0.01;4000;1;True;0.74;0.72
model_cat_lr0.0075;gradient;1;0;20;0.1;30;0.03;0.0;0.01;4000;2;True;0.74;0.72
model_cat_lr0.0075;gradient;1;0;20;0.1;30;0.03;0.0;0.01;4000;3;True;0.74;0.72
model_cat_lr0.0075;gradient;1;0;20;0.1;30;0.03;0.0;0.01;4000;4;True;0.74;0.72
model_cat_lr0.0075;gradient;1;0;20;0.1;30;0.03;0.0;0.01;4000;5;True;0.74;0.72
model_cat_lr0.0075;gradient;1;0;20;0.1;30;0.03;0.2;0.01;2000;1;True;0.74;0.76
model_cat_lr0.0075;gradient;1;0;20;0.1;30;0.03;0.2;0.01;2000;2;True;0.74;0.74
model_cat_lr0.0075;gradient;1;0;20;0.1;30;0.03;0.2;0.01;2000;3;True;0.74;0.74
model_cat_lr0.0075;gradient;1;0;20;0.1;30;0.03;0.2;0.01;2000;4;True;0.74;0.76
model_cat_lr0.0075;gradient;1;0;20;0.1;30;0.03;0.2;0.01;2000;5;True;0.74;0.72
model_cat_lr0.0075;gradient;1;0;20;0.1;30;0.03;0.2;0.01;4000;1;True;0.74;0.72
model_cat_lr0.0075;gradient;1;0;20;0.1;30;0.03;0.2;0.01;4000;2;True;0.74;0.72
model_cat_lr0.0075;gradient;1;0;20;0.1;30;0.03;0.2;0.01;4000;3;True;0.74;0.72
model_cat_lr0.0075;gradient;1;0;20;0.1;30;0.03;0.2;0.01;4000;4;True;0.74;0.72
model_cat_lr0.0075;gradient;1;0;20;0.1;30;0.03;0.2;0.01;4000;5;True;0.74;0.72
model_cat_lr0.0075;gradient;1;0;20;0.1;60;0.03;0.0;0.01;2000;1;True;0.74;0.76
model_cat_lr0.0075;gradient;1;0;20;0.1;60;0.03;0.0;0.01;2000;2;True;0.74;0.74
model_cat_lr0.0075;gradient;1;0;20;0.1;60;0.03;0.0;0.01;2000;3;True;0.74;0.76
model_cat_lr0.0075;gradient;1;0;20;0.1;60;0.03;0.0;0.01;2000;4;True;0.74;0.76
model_cat_lr0.0075;gradient;1;0;20;0.1;60;0.03;0.0;0.01;2000;5;True;0.74;0.76
model_cat_lr0.0075;gradient;1;0;20;0.1;60;0.03;0.0;0.01;4000;1;True;0.74;0.76
model_cat_lr0.0075;gradient;1;0;20;0.1;60;0.03;0.0;0.01;4000;2;True;0.74;0.76
model_cat_lr0.0075;gradient;1;0;20;0.1;60;0.03;0.0;0.01;4000;3;True;0.74;0.74
model_cat_lr0.0075;gradient;1;0;20;0.1;60;0.03;0.0;0.01;4000;4;True;0.74;0.74
model_cat_lr0.0075;gradient;1;0;20;0.1;60;0.03;0.0;0.01;4000;5;True;0.74;0.76
model_cat_lr0.0075;gradient;1;0;20;0.1;60;0.03;0.2;0.01;2000;1;True;0.74;0.76
model_cat_lr0.0075;gradient;1;0;20;0.1;60;0.03;0.2;0.01;2000;2;True;0.74;0.76
model_cat_lr0.0075;gradient;1;0;20;0.1;60;0.03;0.2;0.01;2000;3;True;0.74;0.74
model_cat_lr0.0075;gradient;1;0;20;0.1;60;0.03;0.2;0.01;2000;4;True;0.74;0.76
model_cat_lr0.0075;gradient;1;0;20;0.1;60;0.03;0.2;0.01;2000;5;True;0.74;0.76
model_cat_lr0.0075;gradient;1;0;20;0.1;60;0.03;0.2;0.01;4000;1;True;0.74;0.76
model_cat_lr0.0075;gradient;1;0;20;0.1;60;0.03;0.2;0.01;4000;2;True;0.74;0.76
model_cat_lr0.0075;gradient;1;0;20;0.1;60;0.03;0.2;0.01;4000;3;True;0.74;0.76
model_cat_lr0.0075;gradient;1;0;20;0.1;60;0.03;0.2;0.01;4000;4;True;0.74;0.76
model_cat_lr0.0075;gradient;1;0;20;0.1;60;0.03;0.2;0.01;4000;5;True;0.74;0.76
model_cat_lr0.0075;gradient;1;0;20;0.1;30;0.05;0.0;0.01;2000;1;True;0.74;0.72
model_cat_lr0.0075;gradient;1;0;20;0.1;30;0.05;0.0;0.01;2000;2;True;0.74;0.72
model_cat_lr0.0075;gradient;1;0;20;0.1;30;0.05;0.0;0.01;2000;3;True;0.74;0.72
model_cat_lr0.0075;gradient;1;0;20;0.1;30;0.05;0.0;0.01;2000;4;True;0.74;0.72
model_cat_lr0.0075;gradient;1;0;20;0.1;30;0.05;0.0;0.01;2000;5;True;0.74;0.72
model_cat_lr0.0075;gradient;1;0;20;0.1;30;0.05;0.0;0.01;4000;1;True;0.74;0.72
model_cat_lr0.0075;gradient;1;0;20;0.1;30;0.05;0.0;0.01;4000;2;True;0.74;0.76
model_cat_lr0.0075;gradient;1;0;20;0.1;30;0.05;0.0;0.01;4000;3;True;0.74;0.72
model_cat_lr0.0075;gradient;1;0;20;0.1;30;0.05;0.0;0.01;4000;4;True;0.74;0.72
model_cat_lr0.0075;gradient;1;0;20;0.1;30;0.05;0.0;0.01;4000;5;True;0.74;0.74
model_cat_lr0.0075;gradient;1;0;20;0.1;30;0.05;0.2;0.01;2000;1;True;0.74;0.76
model_cat_lr0.0075;gradient;1;0;20;0.1;30;0.05;0.2;0.01;2000;2;True;0.74;0.72
model_cat_lr0.0075;gradient;1;0;20;0.1;30;0.05;0.2;0.01;2000;3;True;0.74;0.72
model_cat_lr0.0075;gradient;1;0;20;0.1;30;0.05;0.2;0.01;2000;4;True;0.74;0.74
model_cat_lr0.0075;gradient;1;0;20;0.1;30;0.05;0.2;0.01;2000;5;True;0.74;0.72
model_cat_lr0.0075;gradient;1;0;20;0.1;30;0.05;0.2;0.01;4000;1;True;0.74;0.72
model_cat_lr0.0075;gradient;1;0;20;0.1;30;0.05;0.2;0.01;4000;2;True;0.74;0.74
model_cat_lr0.0075;gradient;1;0;20;0.1;30;0.05;0.2;0.01;4000;3;True;0.74;0.72
model_cat_lr0.0075;gradient;1;0;20;0.1;30;0.05;0.2;0.01;4000;4;True;0.74;0.72
model_cat_lr0.0075;gradient;1;0;20;0.1;30;0.05;0.2;0.01;4000;5;True;0.74;0.72
model_cat_lr0.0075;gradient;1;0;20;0.1;60;0.05;0.0;0.01;2000;1;True;0.74;0.76
model_cat_lr0.0075;gradient;1;0;20;0.1;60;0.05;0.0;0.01;2000;2;True;0.74;0.76
model_cat_lr0.0075;gradient;1;0;20;0.1;60;0.05;0.0;0.01;2000;3;True;0.74;0.76
model_cat_lr0.0075;gradient;1;0;20;0.1;60;0.05;0.0;0.01;2000;4;True;0.74;0.76
model_cat_lr0.0075;gradient;1;0;20;0.1;60;0.05;0.0;0.01;2000;5;True;0.74;0.74
model_cat_lr0.0075;gradient;1;0;20;0.1;60;0.05;0.0;0.01;4000;1;True;0.74;0.76
model_cat_lr0.0075;gradient;1;0;20;0.1;60;0.05;0.0;0.01;4000;2;True;0.74;0.76
model_cat_lr0.0075;gradient;1;0;20;0.1;60;0.05;0.0;0.01;4000;3;True;0.74;0.74
model_cat_lr0.0075;gradient;1;0;20;0.1;60;0.05;0.0;0.01;4000;4;True;0.74;0.76
model_cat_lr0.0075;gradient;1;0;20;0.1;60;0.05;0.0;0.01;4000;5;True;0.74;0.76
model_cat_lr0.0075;gradient;1;0;20;0.1;60;0.05;0.2;0.01;2000;1;True;0.74;0.76
model_cat_lr0.0075;gradient;1;0;20;0.1;60;0.05;0.2;0.01;2000;2;True;0.74;0.76
model_cat_lr0.0075;gradient;1;0;20;0.1;60;0.05;0.2;0.01;2000;3;True;0.74;0.76
model_cat_lr0.0075;gradient;1;0;20;0.1;60;0.05;0.2;0.01;2000;4;True;0.74;0.76
model_cat_lr0.0075;gradient;1;0;20;0.1;60;0.05;0.2;0.01;2000;5;True;0.74;0.76
model_cat_lr0.0075;gradient;1;0;20;0.1;60;0.05;0.2;0.01;4000;1;True;0.74;0.74
model_cat_lr0.0075;gradient;1;0;20;0.1;60;0.05;0.2;0.01;4000;2;True;0.74;0.74
model_cat_lr0.0075;gradient;1;0;20;0.1;60;0.05;0.2;0.01;4000;3;True;0.74;0.76
model_cat_lr0.0075;gradient;1;0;20;0.1;60;0.05;0.2;0.01;4000;4;True;0.74;0.76
model_cat_lr0.0075;gradient;1;0;20;0.1;60;0.05;0.2;0.01;4000;5;True;0.74;0.76
model_cifar10_lr0.001_30epochs;fc;2;0;20;0.1;30;0.01;0.0;0.01;2000;1;False;0.7641;0.6979
model_cifar10_lr0.001_30epochs;fc;2;0;20;0.1;30;0.01;0.0;0.01;2000;2;True;0.7641;0.7015
model_cifar10_lr0.001_30epochs;fc;2;0;20;0.1;30;0.01;0.0;0.01;2000;3;False;0.7641;0.7082
model_cifar10_lr0.001_30epochs;fc;2;0;20;0.1;30;0.01;0.0;0.01;2000;4;False;0.7641;0.7052
model_cifar10_lr0.001_30epochs;fc;2;0;20;0.1;30;0.01;0.0;0.01;2000;5;False;0.7641;0.6784
model_cifar10_lr0.001_30epochs;fc;2;0;20;0.1;30;0.01;0.0;0.01;4000;1;False;0.7641;0.7215
model_cifar10_lr0.001_30epochs;fc;2;0;20;0.1;30;0.01;0.0;0.01;4000;2;False;0.7641;0.7095
model_cifar10_lr0.001_30epochs;fc;2;0;20;0.1;30;0.01;0.0;0.01;4000;3;False;0.7641;0.6639
model_cifar10_lr0.001_30epochs;fc;2;0;20;0.1;30;0.01;0.0;0.01;4000;4;True;0.7641;0.7089
model_cifar10_lr0.001_30epochs;fc;2;0;20;0.1;30;0.01;0.0;0.01;4000;5;False;0.7641;0.684
model_cifar10_lr0.001_30epochs;fc;2;0;20;0.1;30;0.01;0.2;0.01;2000;1;False;0.7641;0.6835
model_cifar10_lr0.001_30epochs;fc;2;0;20;0.1;30;0.01;0.2;0.01;2000;2;False;0.7641;0.6858
model_cifar10_lr0.001_30epochs;fc;2;0;20;0.1;30;0.01;0.2;0.01;2000;3;False;0.7641;0.6828
model_cifar10_lr0.001_30epochs;fc;2;0;20;0.1;30;0.01;0.2;0.01;2000;4;True;0.7641;0.738
model_cifar10_lr0.001_30epochs;fc;2;0;20;0.1;30;0.01;0.2;0.01;2000;5;True;0.7641;0.6808
model_cifar10_lr0.001_30epochs;fc;2;0;20;0.1;30;0.01;0.2;0.01;4000;1;False;0.7641;0.6885
model_cifar10_lr0.001_30epochs;fc;2;0;20;0.1;30;0.01;0.2;0.01;4000;2;True;0.7641;0.7004
model_cifar10_lr0.001_30epochs;fc;2;0;20;0.1;30;0.01;0.2;0.01;4000;3;True;0.7641;0.6713
model_cifar10_lr0.001_30epochs;fc;2;0;20;0.1;30;0.01;0.2;0.01;4000;4;True;0.7641;0.7127
model_cifar10_lr0.001_30epochs;fc;2;0;20;0.1;30;0.01;0.2;0.01;4000;5;False;0.7641;0.7028
model_cifar10_lr0.001_30epochs;fc;2;0;20;0.1;60;0.01;0.0;0.01;2000;1;True;0.7641;0.7032
model_cifar10_lr0.001_30epochs;fc;2;0;20;0.1;60;0.01;0.0;0.01;2000;2;True;0.7641;0.7058
model_cifar10_lr0.001_30epochs;fc;2;0;20;0.1;60;0.01;0.0;0.01;2000;3;False;0.7641;0.6462
model_cifar10_lr0.001_30epochs;fc;2;0;20;0.1;60;0.01;0.0;0.01;2000;4;False;0.7641;0.6555
model_cifar10_lr0.001_30epochs;fc;2;0;20;0.1;60;0.01;0.0;0.01;2000;5;True;0.7641;0.7026
model_cifar10_lr0.001_30epochs;fc;2;0;20;0.1;60;0.01;0.0;0.01;4000;1;False;0.7641;0.7251
model_cifar10_lr0.001_30epochs;fc;2;0;20;0.1;60;0.01;0.0;0.01;4000;2;True;0.7641;0.6953
model_cifar10_lr0.001_30epochs;fc;2;0;20;0.1;60;0.01;0.0;0.01;4000;3;True;0.7641;0.6899
model_cifar10_lr0.001_30epochs;fc;2;0;20;0.1;60;0.01;0.0;0.01;4000;4;True;0.7641;0.6646
model_cifar10_lr0.001_30epochs;fc;2;0;20;0.1;60;0.01;0.0;0.01;4000;5;True;0.7641;0.6975
model_cifar10_lr0.001_30epochs;fc;2;0;20;0.1;60;0.01;0.2;0.01;2000;1;False;0.7641;0.705
model_cifar10_lr0.001_30epochs;fc;2;0;20;0.1;60;0.01;0.2;0.01;2000;2;False;0.7641;0.6978
model_cifar10_lr0.001_30epochs;fc;2;0;20;0.1;60;0.01;0.2;0.01;2000;3;True;0.7641;0.6965
model_cifar10_lr0.001_30epochs;fc;2;0;20;0.1;60;0.01;0.2;0.01;2000;4;True;0.7641;0.6859
model_cifar10_lr0.001_30epochs;fc;2;0;20;0.1;60;0.01;0.2;0.01;2000;5;False;0.7641;0.6943
model_cifar10_lr0.001_30epochs;fc;2;0;20;0.1;60;0.01;0.2;0.01;4000;1;True;0.7641;0.6824
model_cifar10_lr0.001_30epochs;fc;2;0;20;0.1;60;0.01;0.2;0.01;4000;2;False;0.7641;0.7157
model_cifar10_lr0.001_30epochs;fc;2;0;20;0.1;60;0.01;0.2;0.01;4000;3;False;0.7641;0.6882
model_cifar10_lr0.001_30epochs;fc;2;0;20;0.1;60;0.01;0.2;0.01;4000;4;False;0.7641;0.7202
model_cifar10_lr0.001_30epochs;fc;2;0;20;0.1;60;0.01;0.2;0.01;4000;5;False;0.7641;0.7125
model_cifar10_lr0.001_30epochs;fc;2;0;20;0.1;30;0.03;0.0;0.01;2000;1;False;0.7641;0.6899
model_cifar10_lr0.001_30epochs;fc;2;0;20;0.1;30;0.03;0.0;0.01;2000;2;True;0.7641;0.6696
model_cifar10_lr0.001_30epochs;fc;2;0;20;0.1;30;0.03;0.0;0.01;2000;3;False;0.7641;0.647
model_cifar10_lr0.001_30epochs;fc;2;0;20;0.1;30;0.03;0.0;0.01;2000;4;True;0.7641;0.7137
model_cifar10_lr0.001_30epochs;fc;2;0;20;0.1;30;0.03;0.0;0.01;2000;5;True;0.7641;0.7092
model_cifar10_lr0.001_30epochs;fc;2;0;20;0.1;30;0.03;0.0;0.01;4000;1;True;0.7641;0.7228
model_cifar10_lr0.001_30epochs;fc;2;0;20;0.1;30;0.03;0.0;0.01;4000;2;True;0.7641;0.7036
model_cifar10_lr0.001_30epochs;fc;2;0;20;0.1;30;0.03;0.0;0.01;4000;3;False;0.7641;0.7088
model_cifar10_lr0.001_30epochs;fc;2;0;20;0.1;30;0.03;0.0;0.01;4000;4;False;0.7641;0.6667
model_cifar10_lr0.001_30epochs;fc;2;0;20;0.1;30;0.03;0.0;0.01;4000;5;False;0.7641;0.6762
model_cifar10_lr0.001_30epochs;fc;2;0;20;0.1;30;0.03;0.2;0.01;2000;1;False;0.7641;0.6805
model_cifar10_lr0.001_30epochs;fc;2;0;20;0.1;30;0.03;0.2;0.01;2000;2;True;0.7641;0.6687
model_cifar10_lr0.001_30epochs;fc;2;0;20;0.1;30;0.03;0.2;0.01;2000;3;False;0.7641;0.6841
model_cifar10_lr0.001_30epochs;fc;2;0;20;0.1;30;0.03;0.2;0.01;2000;4;True;0.7641;0.6959
model_cifar10_lr0.001_30epochs;fc;2;0;20;0.1;30;0.03;0.2;0.01;2000;5;False;0.7641;0.6982
model_cifar10_lr0.001_30epochs;fc;2;0;20;0.1;30;0.03;0.2;0.01;4000;1;False;0.7641;0.6759
model_cifar10_lr0.001_30epochs;fc;2;0;20;0.1;30;0.03;0.2;0.01;4000;2;False;0.7641;0.646
model_cifar10_lr0.001_30epochs;fc;2;0;20;0.1;30;0.03;0.2;0.01;4000;3;False;0.7641;0.634
model_cifar10_lr0.001_30epochs;fc;2;0;20;0.1;30;0.03;0.2;0.01;4000;4;False;0.7641;0.6852
model_cifar10_lr0.001_30epochs;fc;2;0;20;0.1;30;0.03;0.2;0.01;4000;5;False;0.7641;0.6558
model_cifar10_lr0.001_30epochs;fc;2;0;20;0.1;60;0.03;0.0;0.01;2000;1;True;0.7641;0.6807
model_cifar10_lr0.001_30epochs;fc;2;0;20;0.1;60;0.03;0.0;0.01;2000;2;True;0.7641;0.6847
model_cifar10_lr0.001_30epochs;fc;2;0;20;0.1;60;0.03;0.0;0.01;2000;3;True;0.7641;0.6994
model_cifar10_lr0.001_30epochs;fc;2;0;20;0.1;60;0.03;0.0;0.01;2000;4;True;0.7641;0.689
model_cifar10_lr0.001_30epochs;fc;2;0;20;0.1;60;0.03;0.0;0.01;2000;5;True;0.7641;0.6663
model_cifar10_lr0.001_30epochs;fc;2;0;20;0.1;60;0.03;0.0;0.01;4000;1;True;0.7641;0.7086
model_cifar10_lr0.001_30epochs;fc;2;0;20;0.1;60;0.03;0.0;0.01;4000;2;False;0.7641;0.7067
model_cifar10_lr0.001_30epochs;fc;2;0;20;0.1;60;0.03;0.0;0.01;4000;3;True;0.7641;0.7183
model_cifar10_lr0.001_30epochs;fc;2;0;20;0.1;60;0.03;0.0;0.01;4000;4;False;0.7641;0.6591
model_cifar10_lr0.001_30epochs;fc;2;0;20;0.1;60;0.03;0.0;0.01;4000;5;False;0.7641;0.7062
model_cifar10_lr0.001_30epochs;fc;2;0;20;0.1;60;0.03;0.2;0.01;2000;1;True;0.7641;0.7046
model_cifar10_lr0.001_30epochs;fc;2;0;20;0.1;60;0.03;0.2;0.01;2000;2;False;0.7641;0.6773
model_cifar10_lr0.001_30epochs;fc;2;0;20;0.1;60;0.03;0.2;0.01;2000;3;False;0.7641;0.6041
model_cifar10_lr0.001_30epochs;fc;2;0;20;0.1;60;0.03;0.2;0.01;2000;4;True;0.7641;0.6892
model_cifar10_lr0.001_30epochs;fc;2;0;20;0.1;60;0.03;0.2;0.01;2000;5;False;0.7641;0.6983
model_cifar10_lr0.001_30epochs;fc;2;0;20;0.1;60;0.03;0.2;0.01;4000;1;False;0.7641;0.7122
model_cifar10_lr0.001_30epochs;fc;2;0;20;0.1;60;0.03;0.2;0.01;4000;2;True;0.7641;0.7139
model_cifar10_lr0.001_30epochs;fc;2;0;20;0.1;60;0.03;0.2;0.01;4000;3;True;0.7641;0.6983
model_cifar10_lr0.001_30epochs;fc;2;0;20;0.1;60;0.03;0.2;0.01;4000;4;True;0.7641;0.7018
model_cifar10_lr0.001_30epochs;fc;2;0;20;0.1;60;0.03;0.2;0.01;4000;5;False;0.7641;0.7089
model_cifar10_lr0.001_30epochs;fc;2;0;20;0.1;30;0.05;0.0;0.01;2000;1;False;0.7641;0.6939
model_cifar10_lr0.001_30epochs;fc;2;0;20;0.1;30;0.05;0.0;0.01;2000;2;False;0.7641;0.701
model_cifar10_lr0.001_30epochs;fc;2;0;20;0.1;30;0.05;0.0;0.01;2000;3;True;0.7641;0.709
model_cifar10_lr0.001_30epochs;fc;2;0;20;0.1;30;0.05;0.0;0.01;2000;4;True;0.7641;0.6789
model_cifar10_lr0.001_30epochs;fc;2;0;20;0.1;30;0.05;0.0;0.01;2000;5;False;0.7641;0.6767
model_cifar10_lr0.001_30epochs;fc;2;0;20;0.1;30;0.05;0.0;0.01;4000;1;True;0.7641;0.6987
model_cifar10_lr0.001_30epochs;fc;2;0;20;0.1;30;0.05;0.0;0.01;4000;2;False;0.7641;0.7069
model_cifar10_lr0.001_30epochs;fc;2;0;20;0.1;30;0.05;0.0;0.01;4000;3;False;0.7641;0.6738
model_cifar10_lr0.001_30epochs;fc;2;0;20;0.1;30;0.05;0.0;0.01;4000;4;True;0.7641;0.7029
model_cifar10_lr0.001_30epochs;fc;2;0;20;0.1;30;0.05;0.0;0.01;4000;5;True;0.7641;0.6919
model_cifar10_lr0.001_30epochs;fc;2;0;20;0.1;30;0.05;0.2;0.01;2000;1;True;0.7641;0.6977
model_cifar10_lr0.001_30epochs;fc;2;0;20;0.1;30;0.05;0.2;0.01;2000;2;True;0.7641;0.6688
model_cifar10_lr0.001_30epochs;fc;2;0;20;0.1;30;0.05;0.2;0.01;2000;3;False;0.7641;0.7051
model_cifar10_lr0.001_30epochs;fc;2;0;20;0.1;30;0.05;0.2;0.01;2000;4;False;0.7641;0.6764
model_cifar10_lr0.001_30epochs;fc;2;0;20;0.1;30;0.05;0.2;0.01;2000;5;False;0.7641;0.6561
model_cifar10_lr0.001_30epochs;fc;2;0;20;0.1;30;0.05;0.2;0.01;4000;1;False;0.7641;0.7064
model_cifar10_lr0.001_30epochs;fc;2;0;20;0.1;30;0.05;0.2;0.01;4000;2;True;0.7641;0.6964
model_cifar10_lr0.001_30epochs;fc;2;0;20;0.1;30;0.05;0.2;0.01;4000;3;False;0.7641;0.7115
model_cifar10_lr0.001_30epochs;fc;2;0;20;0.1;30;0.05;0.2;0.01;4000;4;False;0.7641;0.6762
model_cifar10_lr0.001_30epochs;fc;2;0;20;0.1;30;0.05;0.2;0.01;4000;5;False;0.7641;0.7052
model_cifar10_lr0.001_30epochs;fc;2;0;20;0.1;60;0.05;0.0;0.01;2000;1;True;0.7641;0.7017
model_cifar10_lr0.001_30epochs;fc;2;0;20;0.1;60;0.05;0.0;0.01;2000;2;False;0.7641;0.7108
model_cifar10_lr0.001_30epochs;fc;2;0;20;0.1;60;0.05;0.0;0.01;2000;3;True;0.7641;0.6818
model_cifar10_lr0.001_30epochs;fc;2;0;20;0.1;60;0.05;0.0;0.01;2000;4;False;0.7641;0.6953
model_cifar10_lr0.001_30epochs;fc;2;0;20;0.1;60;0.05;0.0;0.01;2000;5;True;0.7641;0.6978
model_cifar10_lr0.001_30epochs;fc;2;0;20;0.1;60;0.05;0.0;0.01;4000;1;False;0.7641;0.7139
model_cifar10_lr0.001_30epochs;fc;2;0;20;0.1;60;0.05;0.0;0.01;4000;2;False;0.7641;0.6807
model_cifar10_lr0.001_30epochs;fc;2;0;20;0.1;60;0.05;0.0;0.01;4000;3;False;0.7641;0.6934
model_cifar10_lr0.001_30epochs;fc;2;0;20;0.1;60;0.05;0.0;0.01;4000;4;False;0.7641;0.7171
model_cifar10_lr0.001_30epochs;fc;2;0;20;0.1;60;0.05;0.0;0.01;4000;5;False;0.7641;0.6854
model_cifar10_lr0.001_30epochs;fc;2;0;20;0.1;60;0.05;0.2;0.01;2000;1;True;0.7641;0.6884
model_cifar10_lr0.001_30epochs;fc;2;0;20;0.1;60;0.05;0.2;0.01;2000;2;True;0.7641;0.6803
model_cifar10_lr0.001_30epochs;fc;2;0;20;0.1;60;0.05;0.2;0.01;2000;3;True;0.7641;0.7269
model_cifar10_lr0.001_30epochs;fc;2;0;20;0.1;60;0.05;0.2;0.01;2000;4;False;0.7641;0.6897
model_cifar10_lr0.001_30epochs;fc;2;0;20;0.1;60;0.05;0.2;0.01;2000;5;False;0.7641;0.6423
model_cifar10_lr0.001_30epochs;fc;2;0;20;0.1;60;0.05;0.2;0.01;4000;1;False;0.7641;0.7134
model_cifar10_lr0.001_30epochs;fc;2;0;20;0.1;60;0.05;0.2;0.01;4000;2;True;0.7641;0.6936
model_cifar10_lr0.001_30epochs;fc;2;0;20;0.1;60;0.05;0.2;0.01;4000;3;False;0.7641;0.6657
model_cifar10_lr0.001_30epochs;fc;2;0;20;0.1;60;0.05;0.2;0.01;4000;4;False;0.7641;0.6931
model_cifar10_lr0.001_30epochs;fc;2;0;20;0.1;60;0.05;0.2;0.01;4000;5;False;0.7641;0.6741
model_cifar10_lr0.001_30epochs;fc;5;3;20;0.1;30;0.01;0.0;0.01;2000;1;False;0.7641;0.6918
model_cifar10_lr0.001_30epochs;fc;5;3;20;0.1;30;0.01;0.0;0.01;2000;2;False;0.7641;0.6708
model_cifar10_lr0.001_30epochs;fc;5;3;20;0.1;30;0.01;0.0;0.01;2000;3;False;0.7641;0.663
model_cifar10_lr0.001_30epochs;fc;5;3;20;0.1;30;0.01;0.0;0.01;2000;4;False;0.7641;0.7004
model_cifar10_lr0.001_30epochs;fc;5;3;20;0.1;30;0.01;0.0;0.01;2000;5;False;0.7641;0.7004
model_cifar10_lr0.001_30epochs;fc;5;3;20;0.1;30;0.01;0.0;0.01;4000;1;False;0.7641;0.6658
model_cifar10_lr0.001_30epochs;fc;5;3;20;0.1;30;0.01;0.0;0.01;4000;2;False;0.7641;0.6908
model_cifar10_lr0.001_30epochs;fc;5;3;20;0.1;30;0.01;0.0;0.01;4000;3;False;0.7641;0.6918
model_cifar10_lr0.001_30epochs;fc;5;3;20;0.1;30;0.01;0.0;0.01;4000;4;False;0.7641;0.691
model_cifar10_lr0.001_30epochs;fc;5;3;20;0.1;30;0.01;0.0;0.01;4000;5;False;0.7641;0.6845
model_cifar10_lr0.001_30epochs;fc;5;3;20;0.1;30;0.01;0.2;0.01;2000;1;False;0.7641;0.7053
model_cifar10_lr0.001_30epochs;fc;5;3;20;0.1;30;0.01;0.2;0.01;2000;2;False;0.7641;0.681
model_cifar10_lr0.001_30epochs;fc;5;3;20;0.1;30;0.01;0.2;0.01;2000;3;False;0.7641;0.6902
model_cifar10_lr0.001_30epochs;fc;5;3;20;0.1;30;0.01;0.2;0.01;2000;4;False;0.7641;0.6534
model_cifar10_lr0.001_30epochs;fc;5;3;20;0.1;30;0.01;0.2;0.01;2000;5;False;0.7641;0.6623
model_cifar10_lr0.001_30epochs;fc;5;3;20;0.1;30;0.01;0.2;0.01;4000;1;False;0.7641;0.6694
model_cifar10_lr0.001_30epochs;fc;5;3;20;0.1;30;0.01;0.2;0.01;4000;2;False;0.7641;0.6922
model_cifar10_lr0.001_30epochs;fc;5;3;20;0.1;30;0.01;0.2;0.01;4000;3;False;0.7641;0.7163
model_cifar10_lr0.001_30epochs;fc;5;3;20;0.1;30;0.01;0.2;0.01;4000;4;False;0.7641;0.7222
model_cifar10_lr0.001_30epochs;fc;5;3;20;0.1;30;0.01;0.2;0.01;4000;5;False;0.7641;0.6966
model_cifar10_lr0.001_30epochs;fc;5;3;20;0.1;60;0.01;0.0;0.01;2000;1;False;0.7641;0.6965
model_cifar10_lr0.001_30epochs;fc;5;3;20;0.1;60;0.01;0.0;0.01;2000;2;False;0.7641;0.6996
model_cifar10_lr0.001_30epochs;fc;5;3;20;0.1;60;0.01;0.0;0.01;2000;3;False;0.7641;0.711
model_cifar10_lr0.001_30epochs;fc;5;3;20;0.1;60;0.01;0.0;0.01;2000;4;False;0.7641;0.6899
model_cifar10_lr0.001_30epochs;fc;5;3;20;0.1;60;0.01;0.0;0.01;2000;5;False;0.7641;0.6614
model_cifar10_lr0.001_30epochs;fc;5;3;20;0.1;60;0.01;0.0;0.01;4000;1;False;0.7641;0.7072
model_cifar10_lr0.001_30epochs;fc;5;3;20;0.1;60;0.01;0.0;0.01;4000;2;False;0.7641;0.7175
model_cifar10_lr0.001_30epochs;fc;5;3;20;0.1;60;0.01;0.0;0.01;4000;3;False;0.7641;0.6525
model_cifar10_lr0.001_30epochs;fc;5;3;20;0.1;60;0.01;0.0;0.01;4000;4;False;0.7641;0.6947
model_cifar10_lr0.001_30epochs;fc;5;3;20;0.1;60;0.01;0.0;0.01;4000;5;True;0.7641;0.6815
model_cifar10_lr0.001_30epochs;fc;5;3;20;0.1;60;0.01;0.2;0.01;2000;1;False;0.7641;0.7097
model_cifar10_lr0.001_30epochs;fc;5;3;20;0.1;60;0.01;0.2;0.01;2000;2;False;0.7641;0.6539
model_cifar10_lr0.001_30epochs;fc;5;3;20;0.1;60;0.01;0.2;0.01;2000;3;False;0.7641;0.6997
model_cifar10_lr0.001_30epochs;fc;5;3;20;0.1;60;0.01;0.2;0.01;2000;4;False;0.7641;0.6605
model_cifar10_lr0.001_30epochs;fc;5;3;20;0.1;60;0.01;0.2;0.01;2000;5;False;0.7641;0.6854
model_cifar10_lr0.001_30epochs;fc;5;3;20;0.1;60;0.01;0.2;0.01;4000;1;False;0.7641;0.6603
model_cifar10_lr0.001_30epochs;fc;5;3;20;0.1;60;0.01;0.2;0.01;4000;2;False;0.7641;0.6364
model_cifar10_lr0.001_30epochs;fc;5;3;20;0.1;60;0.01;0.2;0.01;4000;3;False;0.7641;0.723
model_cifar10_lr0.001_30epochs;fc;5;3;20;0.1;60;0.01;0.2;0.01;4000;4;False;0.7641;0.6389
model_cifar10_lr0.001_30epochs;fc;5;3;20;0.1;60;0.01;0.2;0.01;4000;5;False;0.7641;0.7195
model_cifar10_lr0.001_30epochs;fc;5;3;20;0.1;30;0.03;0.0;0.01;2000;1;False;0.7641;0.6012
model_cifar10_lr0.001_30epochs;fc;5;3;20;0.1;30;0.03;0.0;0.01;2000;2;False;0.7641;0.6829
model_cifar10_lr0.001_30epochs;fc;5;3;20;0.1;30;0.03;0.0;0.01;2000;3;False;0.7641;0.692
model_cifar10_lr0.001_30epochs;fc;5;3;20;0.1;30;0.03;0.0;0.01;2000;4;True;0.7641;0.6865
model_cifar10_lr0.001_30epochs;fc;5;3;20;0.1;30;0.03;0.0;0.01;2000;5;False;0.7641;0.6891
model_cifar10_lr0.001_30epochs;fc;5;3;20;0.1;30;0.03;0.0;0.01;4000;1;False;0.7641;0.6973
model_cifar10_lr0.001_30epochs;fc;5;3;20;0.1;30;0.03;0.0;0.01;4000;2;False;0.7641;0.6875
model_cifar10_lr0.001_30epochs;fc;5;3;20;0.1;30;0.03;0.0;0.01;4000;3;False;0.7641;0.6971
model_cifar10_lr0.001_30epochs;fc;5;3;20;0.1;30;0.03;0.0;0.01;4000;4;False;0.7641;0.6789
model_cifar10_lr0.001_30epochs;fc;5;3;20;0.1;30;0.03;0.0;0.01;4000;5;False;0.7641;0.7129
model_cifar10_lr0.001_30epochs;fc;5;3;20;0.1;30;0.03;0.2;0.01;2000;1;False;0.7641;0.7222
model_cifar10_lr0.001_30epochs;fc;5;3;20;0.1;30;0.03;0.2;0.01;2000;2;False;0.7641;0.6879
model_cifar10_lr0.001_30epochs;fc;5;3;20;0.1;30;0.03;0.2;0.01;2000;3;False;0.7641;0.6809
model_cifar10_lr0.001_30epochs;fc;5;3;20;0.1;30;0.03;0.2;0.01;2000;4;False;0.7641;0.6826
model_cifar10_lr0.001_30epochs;fc;5;3;20;0.1;30;0.03;0.2;0.01;2000;5;True;0.7641;0.6711
model_cifar10_lr0.001_30epochs;fc;5;3;20;0.1;30;0.03;0.2;0.01;4000;1;False;0.7641;0.6735
model_cifar10_lr0.001_30epochs;fc;5;3;20;0.1;30;0.03;0.2;0.01;4000;2;False;0.7641;0.6807
model_cifar10_lr0.001_30epochs;fc;5;3;20;0.1;30;0.03;0.2;0.01;4000;3;False;0.7641;0.7042
model_cifar10_lr0.001_30epochs;fc;5;3;20;0.1;30;0.03;0.2;0.01;4000;4;False;0.7641;0.686
model_cifar10_lr0.001_30epochs;fc;5;3;20;0.1;30;0.03;0.2;0.01;4000;5;False;0.7641;0.6945
model_cifar10_lr0.001_30epochs;fc;5;3;20;0.1;60;0.03;0.0;0.01;2000;1;False;0.7641;0.7141
model_cifar10_lr0.001_30epochs;fc;5;3;20;0.1;60;0.03;0.0;0.01;2000;2;False;0.7641;0.7006
model_cifar10_lr0.001_30epochs;fc;5;3;20;0.1;60;0.03;0.0;0.01;2000;3;False;0.7641;0.6667
model_cifar10_lr0.001_30epochs;fc;5;3;20;0.1;60;0.03;0.0;0.01;2000;4;False;0.7641;0.6977
model_cifar10_lr0.001_30epochs;fc;5;3;20;0.1;60;0.03;0.0;0.01;2000;5;False;0.7641;0.6996
model_cifar10_lr0.001_30epochs;fc;5;3;20;0.1;60;0.03;0.0;0.01;4000;1;True;0.7641;0.6986
model_cifar10_lr0.001_30epochs;fc;5;3;20;0.1;60;0.03;0.0;0.01;4000;2;False;0.7641;0.6641
model_cifar10_lr0.001_30epochs;fc;5;3;20;0.1;60;0.03;0.0;0.01;4000;3;False;0.7641;0.7008
model_cifar10_lr0.001_30epochs;fc;5;3;20;0.1;60;0.03;0.0;0.01;4000;4;False;0.7641;0.699
model_cifar10_lr0.001_30epochs;fc;5;3;20;0.1;60;0.03;0.0;0.01;4000;5;False;0.7641;0.6646
model_cifar10_lr0.001_30epochs;fc;5;3;20;0.1;60;0.03;0.2;0.01;2000;1;False;0.7641;0.7214
model_cifar10_lr0.001_30epochs;fc;5;3;20;0.1;60;0.03;0.2;0.01;2000;2;False;0.7641;0.6727
model_cifar10_lr0.001_30epochs;fc;5;3;20;0.1;60;0.03;0.2;0.01;2000;3;False;0.7641;0.6805
model_cifar10_lr0.001_30epochs;fc;5;3;20;0.1;60;0.03;0.2;0.01;2000;4;False;0.7641;0.6827
model_cifar10_lr0.001_30epochs;fc;5;3;20;0.1;60;0.03;0.2;0.01;2000;5;False;0.7641;0.7013
model_cifar10_lr0.001_30epochs;fc;5;3;20;0.1;60;0.03;0.2;0.01;4000;1;False;0.7641;0.694
model_cifar10_lr0.001_30epochs;fc;5;3;20;0.1;60;0.03;0.2;0.01;4000;2;False;0.7641;0.6973
model_cifar10_lr0.001_30epochs;fc;5;3;20;0.1;60;0.03;0.2;0.01;4000;3;False;0.7641;0.6472
model_cifar10_lr0.001_30epochs;fc;5;3;20;0.1;60;0.03;0.2;0.01;4000;4;True;0.7641;0.7007
model_cifar10_lr0.001_30epochs;fc;5;3;20;0.1;60;0.03;0.2;0.01;4000;5;False;0.7641;0.6829
model_cifar10_lr0.001_30epochs;fc;5;3;20;0.1;30;0.05;0.0;0.01;2000;1;False;0.7641;0.691
model_cifar10_lr0.001_30epochs;fc;5;3;20;0.1;30;0.05;0.0;0.01;2000;2;False;0.7641;0.6782
model_cifar10_lr0.001_30epochs;fc;5;3;20;0.1;30;0.05;0.0;0.01;2000;3;False;0.7641;0.7127
model_cifar10_lr0.001_30epochs;fc;5;3;20;0.1;30;0.05;0.0;0.01;2000;4;False;0.7641;0.7126
model_cifar10_lr0.001_30epochs;fc;5;3;20;0.1;30;0.05;0.0;0.01;2000;5;False;0.7641;0.6747
model_cifar10_lr0.001_30epochs;fc;5;3;20;0.1;30;0.05;0.0;0.01;4000;1;False;0.7641;0.6524
model_cifar10_lr0.001_30epochs;fc;5;3;20;0.1;30;0.05;0.0;0.01;4000;2;False;0.7641;0.679
model_cifar10_lr0.001_30epochs;fc;5;3;20;0.1;30;0.05;0.0;0.01;4000;3;True;0.7641;0.6792
model_cifar10_lr0.001_30epochs;fc;5;3;20;0.1;30;0.05;0.0;0.01;4000;4;False;0.7641;0.6211
model_cifar10_lr0.001_30epochs;fc;5;3;20;0.1;30;0.05;0.0;0.01;4000;5;True;0.7641;0.6516
model_cifar10_lr0.001_30epochs;fc;5;3;20;0.1;30;0.05;0.2;0.01;2000;1;False;0.7641;0.7134
model_cifar10_lr0.001_30epochs;fc;5;3;20;0.1;30;0.05;0.2;0.01;2000;2;False;0.7641;0.6537
model_cifar10_lr0.001_30epochs;fc;5;3;20;0.1;30;0.05;0.2;0.01;2000;3;False;0.7641;0.7124
model_cifar10_lr0.001_30epochs;fc;5;3;20;0.1;30;0.05;0.2;0.01;2000;4;True;0.7641;0.6857
model_cifar10_lr0.001_30epochs;fc;5;3;20;0.1;30;0.05;0.2;0.01;2000;5;False;0.7641;0.7059
model_cifar10_lr0.001_30epochs;fc;5;3;20;0.1;30;0.05;0.2;0.01;4000;1;False;0.7641;0.6847
model_cifar10_lr0.001_30epochs;fc;5;3;20;0.1;30;0.05;0.2;0.01;4000;2;False;0.7641;0.7063
model_cifar10_lr0.001_30epochs;fc;5;3;20;0.1;30;0.05;0.2;0.01;4000;3;False;0.7641;0.6712
model_cifar10_lr0.001_30epochs;fc;5;3;20;0.1;30;0.05;0.2;0.01;4000;4;False;0.7641;0.6926
model_cifar10_lr0.001_30epochs;fc;5;3;20;0.1;30;0.05;0.2;0.01;4000;5;False;0.7641;0.7051
model_cifar10_lr0.001_30epochs;fc;5;3;20;0.1;60;0.05;0.0;0.01;2000;1;True;0.7641;0.6949
model_cifar10_lr0.001_30epochs;fc;5;3;20;0.1;60;0.05;0.0;0.01;2000;2;False;0.7641;0.6897
model_cifar10_lr0.001_30epochs;fc;5;3;20;0.1;60;0.05;0.0;0.01;2000;3;False;0.7641;0.6579
model_cifar10_lr0.001_30epochs;fc;5;3;20;0.1;60;0.05;0.0;0.01;2000;4;False;0.7641;0.7302
model_cifar10_lr0.001_30epochs;fc;5;3;20;0.1;60;0.05;0.0;0.01;2000;5;False;0.7641;0.7225
model_cifar10_lr0.001_30epochs;fc;5;3;20;0.1;60;0.05;0.0;0.01;4000;1;False;0.7641;0.6994
model_cifar10_lr0.001_30epochs;fc;5;3;20;0.1;60;0.05;0.0;0.01;4000;2;False;0.7641;0.6494
model_cifar10_lr0.001_30epochs;fc;5;3;20;0.1;60;0.05;0.0;0.01;4000;3;False;0.7641;0.7248
model_cifar10_lr0.001_30epochs;fc;5;3;20;0.1;60;0.05;0.0;0.01;4000;4;False;0.7641;0.6903
model_cifar10_lr0.001_30epochs;fc;5;3;20;0.1;60;0.05;0.0;0.01;4000;5;False;0.7641;0.6162
model_cifar10_lr0.001_30epochs;fc;5;3;20;0.1;60;0.05;0.2;0.01;2000;1;False;0.7641;0.7156
model_cifar10_lr0.001_30epochs;fc;5;3;20;0.1;60;0.05;0.2;0.01;2000;2;False;0.7641;0.6973
model_cifar10_lr0.001_30epochs;fc;5;3;20;0.1;60;0.05;0.2;0.01;2000;3;False;0.7641;0.6912
model_cifar10_lr0.001_30epochs;fc;5;3;20;0.1;60;0.05;0.2;0.01;2000;4;False;0.7641;0.6977
model_cifar10_lr0.001_30epochs;fc;5;3;20;0.1;60;0.05;0.2;0.01;2000;5;False;0.7641;0.677
model_cifar10_lr0.001_30epochs;fc;5;3;20;0.1;60;0.05;0.2;0.01;4000;1;False;0.7641;0.6883
model_cifar10_lr0.001_30epochs;fc;5;3;20;0.1;60;0.05;0.2;0.01;4000;2;False;0.7641;0.6842
model_cifar10_lr0.001_30epochs;fc;5;3;20;0.1;60;0.05;0.2;0.01;4000;3;False;0.7641;0.6685
model_cifar10_lr0.001_30epochs;fc;5;3;20;0.1;60;0.05;0.2;0.01;4000;4;False;0.7641;0.6669
model_cifar10_lr0.001_30epochs;fc;5;3;20;0.1;60;0.05;0.2;0.01;4000;5;False;0.7641;0.7318
model_cifar10_lr0.001_30epochs;fc;9;1;20;0.1;30;0.01;0.0;0.01;2000;1;False;0.7641;0.7018
model_cifar10_lr0.001_30epochs;fc;9;1;20;0.1;30;0.01;0.0;0.01;2000;2;False;0.7641;0.6912
model_cifar10_lr0.001_30epochs;fc;9;1;20;0.1;30;0.01;0.0;0.01;2000;3;False;0.7641;0.6991
model_cifar10_lr0.001_30epochs;fc;9;1;20;0.1;30;0.01;0.0;0.01;2000;4;False;0.7641;0.6617
model_cifar10_lr0.001_30epochs;fc;9;1;20;0.1;30;0.01;0.0;0.01;2000;5;False;0.7641;0.7057
model_cifar10_lr0.001_30epochs;fc;9;1;20;0.1;30;0.01;0.0;0.01;4000;1;False;0.7641;0.6783
model_cifar10_lr0.001_30epochs;fc;9;1;20;0.1;30;0.01;0.0;0.01;4000;2;False;0.7641;0.6495
model_cifar10_lr0.001_30epochs;fc;9;1;20;0.1;30;0.01;0.0;0.01;4000;3;False;0.7641;0.6286
model_cifar10_lr0.001_30epochs;fc;9;1;20;0.1;30;0.01;0.0;0.01;4000;4;False;0.7641;0.676
model_cifar10_lr0.001_30epochs;fc;9;1;20;0.1;30;0.01;0.0;0.01;4000;5;False;0.7641;0.6682
model_cifar10_lr0.001_30epochs;fc;9;1;20;0.1;30;0.01;0.2;0.01;2000;1;False;0.7641;0.7033
model_cifar10_lr0.001_30epochs;fc;9;1;20;0.1;30;0.01;0.2;0.01;2000;2;False;0.7641;0.6857
model_cifar10_lr0.001_30epochs;fc;9;1;20;0.1;30;0.01;0.2;0.01;2000;3;False;0.7641;0.6581
model_cifar10_lr0.001_30epochs;fc;9;1;20;0.1;30;0.01;0.2;0.01;2000;4;False;0.7641;0.7308
model_cifar10_lr0.001_30epochs;fc;9;1;20;0.1;30;0.01;0.2;0.01;2000;5;False;0.7641;0.6524
model_cifar10_lr0.001_30epochs;fc;9;1;20;0.1;30;0.01;0.2;0.01;4000;1;False;0.7641;0.6705
model_cifar10_lr0.001_30epochs;fc;9;1;20;0.1;30;0.01;0.2;0.01;4000;2;False;0.7641;0.6656
model_cifar10_lr0.001_30epochs;fc;9;1;20;0.1;30;0.01;0.2;0.01;4000;3;False;0.7641;0.6866
model_cifar10_lr0.001_30epochs;fc;9;1;20;0.1;30;0.01;0.2;0.01;4000;4;False;0.7641;0.6718
model_cifar10_lr0.001_30epochs;fc;9;1;20;0.1;30;0.01;0.2;0.01;4000;5;False;0.7641;0.6635
model_cifar10_lr0.001_30epochs;fc;9;1;20;0.1;60;0.01;0.0;0.01;2000;1;False;0.7641;0.713
model_cifar10_lr0.001_30epochs;fc;9;1;20;0.1;60;0.01;0.0;0.01;2000;2;False;0.7641;0.6552
model_cifar10_lr0.001_30epochs;fc;9;1;20;0.1;60;0.01;0.0;0.01;2000;3;False;0.7641;0.677
model_cifar10_lr0.001_30epochs;fc;9;1;20;0.1;60;0.01;0.0;0.01;2000;4;False;0.7641;0.695
model_cifar10_lr0.001_30epochs;fc;9;1;20;0.1;60;0.01;0.0;0.01;2000;5;False;0.7641;0.685
model_cifar10_lr0.001_30epochs;fc;9;1;20;0.1;60;0.01;0.0;0.01;4000;1;False;0.7641;0.6974
model_cifar10_lr0.001_30epochs;fc;9;1;20;0.1;60;0.01;0.0;0.01;4000;2;False;0.7641;0.7028
model_cifar10_lr0.001_30epochs;fc;9;1;20;0.1;60;0.01;0.0;0.01;4000;3;False;0.7641;0.6711
model_cifar10_lr0.001_30epochs;fc;9;1;20;0.1;60;0.01;0.0;0.01;4000;4;False;0.7641;0.6701
model_cifar10_lr0.001_30epochs;fc;9;1;20;0.1;60;0.01;0.0;0.01;4000;5;False;0.7641;0.6858
model_cifar10_lr0.001_30epochs;fc;9;1;20;0.1;60;0.01;0.2;0.01;2000;1;False;0.7641;0.7201
model_cifar10_lr0.001_30epochs;fc;9;1;20;0.1;60;0.01;0.2;0.01;2000;2;False;0.7641;0.6757
model_cifar10_lr0.001_30epochs;fc;9;1;20;0.1;60;0.01;0.2;0.01;2000;3;False;0.7641;0.7024
model_cifar10_lr0.001_30epochs;fc;9;1;20;0.1;60;0.01;0.2;0.01;2000;4;False;0.7641;0.681
model_cifar10_lr0.001_30epochs;fc;9;1;20;0.1;60;0.01;0.2;0.01;2000;5;False;0.7641;0.6862
model_cifar10_lr0.001_30epochs;fc;9;1;20;0.1;60;0.01;0.2;0.01;4000;1;False;0.7641;0.6816
model_cifar10_lr0.001_30epochs;fc;9;1;20;0.1;60;0.01;0.2;0.01;4000;2;False;0.7641;0.7186
model_cifar10_lr0.001_30epochs;fc;9;1;20;0.1;60;0.01;0.2;0.01;4000;3;False;0.7641;0.7144
model_cifar10_lr0.001_30epochs;fc;9;1;20;0.1;60;0.01;0.2;0.01;4000;4;False;0.7641;0.6304
model_cifar10_lr0.001_30epochs;fc;9;1;20;0.1;60;0.01;0.2;0.01;4000;5;False;0.7641;0.6852
model_cifar10_lr0.001_30epochs;fc;9;1;20;0.1;30;0.03;0.0;0.01;2000;1;False;0.7641;0.6755
model_cifar10_lr0.001_30epochs;fc;9;1;20;0.1;30;0.03;0.0;0.01;2000;2;False;0.7641;0.692
model_cifar10_lr0.001_30epochs;fc;9;1;20;0.1;30;0.03;0.0;0.01;2000;3;False;0.7641;0.6948
model_cifar10_lr0.001_30epochs;fc;9;1;20;0.1;30;0.03;0.0;0.01;2000;4;False;0.7641;0.6909
model_cifar10_lr0.001_30epochs;fc;9;1;20;0.1;30;0.03;0.0;0.01;2000;5;False;0.7641;0.7152
model_cifar10_lr0.001_30epochs;fc;9;1;20;0.1;30;0.03;0.0;0.01;4000;1;False;0.7641;0.6765
model_cifar10_lr0.001_30epochs;fc;9;1;20;0.1;30;0.03;0.0;0.01;4000;2;False;0.7641;0.7098
model_cifar10_lr0.001_30epochs;fc;9;1;20;0.1;30;0.03;0.0;0.01;4000;3;False;0.7641;0.6813
model_cifar10_lr0.001_30epochs;fc;9;1;20;0.1;30;0.03;0.0;0.01;4000;4;False;0.7641;0.7062
model_cifar10_lr0.001_30epochs;fc;9;1;20;0.1;30;0.03;0.0;0.01;4000;5;False;0.7641;0.6981
model_cifar10_lr0.001_30epochs;fc;9;1;20;0.1;30;0.03;0.2;0.01;2000;1;False;0.7641;0.6975
model_cifar10_lr0.001_30epochs;fc;9;1;20;0.1;30;0.03;0.2;0.01;2000;2;False;0.7641;0.6616
model_cifar10_lr0.001_30epochs;fc;9;1;20;0.1;30;0.03;0.2;0.01;2000;3;False;0.7641;0.6751
model_cifar10_lr0.001_30epochs;fc;9;1;20;0.1;30;0.03;0.2;0.01;2000;4;False;0.7641;0.713
model_cifar10_lr0.001_30epochs;fc;9;1;20;0.1;30;0.03;0.2;0.01;2000;5;False;0.7641;0.669
model_cifar10_lr0.001_30epochs;fc;9;1;20;0.1;30;0.03;0.2;0.01;4000;1;False;0.7641;0.6796
model_cifar10_lr0.001_30epochs;fc;9;1;20;0.1;30;0.03;0.2;0.01;4000;2;False;0.7641;0.7027
model_cifar10_lr0.001_30epochs;fc;9;1;20;0.1;30;0.03;0.2;0.01;4000;3;False;0.7641;0.6973
model_cifar10_lr0.001_30epochs;fc;9;1;20;0.1;30;0.03;0.2;0.01;4000;4;False;0.7641;0.6654
model_cifar10_lr0.001_30epochs;fc;9;1;20;0.1;30;0.03;0.2;0.01;4000;5;False;0.7641;0.6816
model_cifar10_lr0.001_30epochs;fc;9;1;20;0.1;60;0.03;0.0;0.01;2000;1;False;0.7641;0.7054
model_cifar10_lr0.001_30epochs;fc;9;1;20;0.1;60;0.03;0.0;0.01;2000;2;True;0.7641;0.6585
model_cifar10_lr0.001_30epochs;fc;9;1;20;0.1;60;0.03;0.0;0.01;2000;3;False;0.7641;0.6769
model_cifar10_lr0.001_30epochs;fc;9;1;20;0.1;60;0.03;0.0;0.01;2000;4;False;0.7641;0.622
model_cifar10_lr0.001_30epochs;fc;9;1;20;0.1;60;0.03;0.0;0.01;2000;5;False;0.7641;0.6881
model_cifar10_lr0.001_30epochs;fc;9;1;20;0.1;60;0.03;0.0;0.01;4000;1;False;0.7641;0.6982
model_cifar10_lr0.001_30epochs;fc;9;1;20;0.1;60;0.03;0.0;0.01;4000;2;False;0.7641;0.681
model_cifar10_lr0.001_30epochs;fc;9;1;20;0.1;60;0.03;0.0;0.01;4000;3;False;0.7641;0.6806
model_cifar10_lr0.001_30epochs;fc;9;1;20;0.1;60;0.03;0.0;0.01;4000;4;False;0.7641;0.6555
model_cifar10_lr0.001_30epochs;fc;9;1;20;0.1;60;0.03;0.0;0.01;4000;5;False;0.7641;0.6918
model_cifar10_lr0.001_30epochs;fc;9;1;20;0.1;60;0.03;0.2;0.01;2000;1;False;0.7641;0.7161
model_cifar10_lr0.001_30epochs;fc;9;1;20;0.1;60;0.03;0.2;0.01;2000;2;False;0.7641;0.6838
model_cifar10_lr0.001_30epochs;fc;9;1;20;0.1;60;0.03;0.2;0.01;2000;3;False;0.7641;0.6826
model_cifar10_lr0.001_30epochs;fc;9;1;20;0.1;60;0.03;0.2;0.01;2000;4;False;0.7641;0.6855
model_cifar10_lr0.001_30epochs;fc;9;1;20;0.1;60;0.03;0.2;0.01;2000;5;False;0.7641;0.6857
model_cifar10_lr0.001_30epochs;fc;9;1;20;0.1;60;0.03;0.2;0.01;4000;1;False;0.7641;0.6701
model_cifar10_lr0.001_30epochs;fc;9;1;20;0.1;60;0.03;0.2;0.01;4000;2;False;0.7641;0.7032
model_cifar10_lr0.001_30epochs;fc;9;1;20;0.1;60;0.03;0.2;0.01;4000;3;False;0.7641;0.6887
model_cifar10_lr0.001_30epochs;fc;9;1;20;0.1;60;0.03;0.2;0.01;4000;4;False;0.7641;0.688
model_cifar10_lr0.001_30epochs;fc;9;1;20;0.1;60;0.03;0.2;0.01;4000;5;False;0.7641;0.6872
model_cifar10_lr0.001_30epochs;fc;9;1;20;0.1;30;0.05;0.0;0.01;2000;1;False;0.7641;0.6986
model_cifar10_lr0.001_30epochs;fc;9;1;20;0.1;30;0.05;0.0;0.01;2000;2;False;0.7641;0.6824
model_cifar10_lr0.001_30epochs;fc;9;1;20;0.1;30;0.05;0.0;0.01;2000;3;False;0.7641;0.6775
model_cifar10_lr0.001_30epochs;fc;9;1;20;0.1;30;0.05;0.0;0.01;2000;4;False;0.7641;0.6709
model_cifar10_lr0.001_30epochs;fc;9;1;20;0.1;30;0.05;0.0;0.01;2000;5;False;0.7641;0.6771
model_cifar10_lr0.001_30epochs;fc;9;1;20;0.1;30;0.05;0.0;0.01;4000;1;True;0.7641;0.6585
model_cifar10_lr0.001_30epochs;fc;9;1;20;0.1;30;0.05;0.0;0.01;4000;2;True;0.7641;0.6209
model_cifar10_lr0.001_30epochs;fc;9;1;20;0.1;30;0.05;0.0;0.01;4000;3;False;0.7641;0.7009
model_cifar10_lr0.001_30epochs;fc;9;1;20;0.1;30;0.05;0.0;0.01;4000;4;False;0.7641;0.678
model_cifar10_lr0.001_30epochs;fc;9;1;20;0.1;30;0.05;0.0;0.01;4000;5;False;0.7641;0.6405
model_cifar10_lr0.001_30epochs;fc;9;1;20;0.1;30;0.05;0.2;0.01;2000;1;False;0.7641;0.7093
model_cifar10_lr0.001_30epochs;fc;9;1;20;0.1;30;0.05;0.2;0.01;2000;2;False;0.7641;0.655
model_cifar10_lr0.001_30epochs;fc;9;1;20;0.1;30;0.05;0.2;0.01;2000;3;False;0.7641;0.6969
model_cifar10_lr0.001_30epochs;fc;9;1;20;0.1;30;0.05;0.2;0.01;2000;4;False;0.7641;0.6617
model_cifar10_lr0.001_30epochs;fc;9;1;20;0.1;30;0.05;0.2;0.01;2000;5;False;0.7641;0.7108
model_cifar10_lr0.001_30epochs;fc;9;1;20;0.1;30;0.05;0.2;0.01;4000;1;False;0.7641;0.6947
model_cifar10_lr0.001_30epochs;fc;9;1;20;0.1;30;0.05;0.2;0.01;4000;2;False;0.7641;0.6777
model_cifar10_lr0.001_30epochs;fc;9;1;20;0.1;30;0.05;0.2;0.01;4000;3;False;0.7641;0.7224
model_cifar10_lr0.001_30epochs;fc;9;1;20;0.1;30;0.05;0.2;0.01;4000;4;False;0.7641;0.6477
model_cifar10_lr0.001_30epochs;fc;9;1;20;0.1;30;0.05;0.2;0.01;4000;5;False;0.7641;0.6778
model_cifar10_lr0.001_30epochs;fc;9;1;20;0.1;60;0.05;0.0;0.01;2000;1;False;0.7641;0.7022
model_cifar10_lr0.001_30epochs;fc;9;1;20;0.1;60;0.05;0.0;0.01;2000;2;False;0.7641;0.6566
model_cifar10_lr0.001_30epochs;fc;9;1;20;0.1;60;0.05;0.0;0.01;2000;3;False;0.7641;0.6817
model_cifar10_lr0.001_30epochs;fc;9;1;20;0.1;60;0.05;0.0;0.01;2000;4;False;0.7641;0.6786
model_cifar10_lr0.001_30epochs;fc;9;1;20;0.1;60;0.05;0.0;0.01;2000;5;False;0.7641;0.7043
model_cifar10_lr0.001_30epochs;fc;9;1;20;0.1;60;0.05;0.0;0.01;4000;1;False;0.7641;0.6857
model_cifar10_lr0.001_30epochs;fc;9;1;20;0.1;60;0.05;0.0;0.01;4000;2;False;0.7641;0.6336
model_cifar10_lr0.001_30epochs;fc;9;1;20;0.1;60;0.05;0.0;0.01;4000;3;False;0.7641;0.6883
model_cifar10_lr0.001_30epochs;fc;9;1;20;0.1;60;0.05;0.0;0.01;4000;4;False;0.7641;0.6604
model_cifar10_lr0.001_30epochs;fc;9;1;20;0.1;60;0.05;0.0;0.01;4000;5;False;0.7641;0.6427
model_cifar10_lr0.001_30epochs;fc;9;1;20;0.1;60;0.05;0.2;0.01;2000;1;False;0.7641;0.675
model_cifar10_lr0.001_30epochs;fc;9;1;20;0.1;60;0.05;0.2;0.01;2000;2;False;0.7641;0.6847
model_cifar10_lr0.001_30epochs;fc;9;1;20;0.1;60;0.05;0.2;0.01;2000;3;False;0.7641;0.6912
model_cifar10_lr0.001_30epochs;fc;9;1;20;0.1;60;0.05;0.2;0.01;2000;4;False;0.7641;0.6614
model_cifar10_lr0.001_30epochs;fc;9;1;20;0.1;60;0.05;0.2;0.01;2000;5;False;0.7641;0.6471
model_cifar10_lr0.001_30epochs;fc;9;1;20;0.1;60;0.05;0.2;0.01;4000;1;False;0.7641;0.6865
model_cifar10_lr0.001_30epochs;fc;9;1;20;0.1;60;0.05;0.2;0.01;4000;2;False;0.7641;0.6943
model_cifar10_lr0.001_30epochs;fc;9;1;20;0.1;60;0.05;0.2;0.01;4000;3;False;0.7641;0.6813
model_cifar10_lr0.001_30epochs;fc;9;1;20;0.1;60;0.05;0.2;0.01;4000;4;False;0.7641;0.697
model_cifar10_lr0.001_30epochs;fc;9;1;20;0.1;60;0.05;0.2;0.01;4000;5;False;0.7641;0.7224
model_cifar10_lr0.001_30epochs;fc;7;4;20;0.1;30;0.01;0.0;0.01;2000;1;False;0.7641;0.6846
model_cifar10_lr0.001_30epochs;fc;7;4;20;0.1;30;0.01;0.0;0.01;2000;2;False;0.7641;0.6385
model_cifar10_lr0.001_30epochs;fc;7;4;20;0.1;30;0.01;0.0;0.01;2000;3;False;0.7641;0.7038
model_cifar10_lr0.001_30epochs;fc;7;4;20;0.1;30;0.01;0.0;0.01;2000;4;False;0.7641;0.7045
model_cifar10_lr0.001_30epochs;fc;7;4;20;0.1;30;0.01;0.0;0.01;2000;5;False;0.7641;0.7055
model_cifar10_lr0.001_30epochs;fc;7;4;20;0.1;30;0.01;0.0;0.01;4000;1;False;0.7641;0.7154
model_cifar10_lr0.001_30epochs;fc;7;4;20;0.1;30;0.01;0.0;0.01;4000;2;False;0.7641;0.6487
model_cifar10_lr0.001_30epochs;fc;7;4;20;0.1;30;0.01;0.0;0.01;4000;3;False;0.7641;0.6732
model_cifar10_lr0.001_30epochs;fc;7;4;20;0.1;30;0.01;0.0;0.01;4000;4;False;0.7641;0.636
model_cifar10_lr0.001_30epochs;fc;7;4;20;0.1;30;0.01;0.0;0.01;4000;5;False;0.7641;0.6884
model_cifar10_lr0.001_30epochs;fc;7;4;20;0.1;30;0.01;0.2;0.01;2000;1;False;0.7641;0.7015
model_cifar10_lr0.001_30epochs;fc;7;4;20;0.1;30;0.01;0.2;0.01;2000;2;True;0.7641;0.6799
model_cifar10_lr0.001_30epochs;fc;7;4;20;0.1;30;0.01;0.2;0.01;2000;3;False;0.7641;0.6842
model_cifar10_lr0.001_30epochs;fc;7;4;20;0.1;30;0.01;0.2;0.01;2000;4;False;0.7641;0.686
model_cifar10_lr0.001_30epochs;fc;7;4;20;0.1;30;0.01;0.2;0.01;2000;5;False;0.7641;0.6828
model_cifar10_lr0.001_30epochs;fc;7;4;20;0.1;30;0.01;0.2;0.01;4000;1;True;0.7641;0.664
model_cifar10_lr0.001_30epochs;fc;7;4;20;0.1;30;0.01;0.2;0.01;4000;2;False;0.7641;0.7343
model_cifar10_lr0.001_30epochs;fc;7;4;20;0.1;30;0.01;0.2;0.01;4000;3;False;0.7641;0.6905
model_cifar10_lr0.001_30epochs;fc;7;4;20;0.1;30;0.01;0.2;0.01;4000;4;False;0.7641;0.7055
model_cifar10_lr0.001_30epochs;fc;7;4;20;0.1;30;0.01;0.2;0.01;4000;5;False;0.7641;0.7127
model_cifar10_lr0.001_30epochs;fc;7;4;20;0.1;60;0.01;0.0;0.01;2000;1;False;0.7641;0.6937
model_cifar10_lr0.001_30epochs;fc;7;4;20;0.1;60;0.01;0.0;0.01;2000;2;False;0.7641;0.5861
model_cifar10_lr0.001_30epochs;fc;7;4;20;0.1;60;0.01;0.0;0.01;2000;3;False;0.7641;0.7207
model_cifar10_lr0.001_30epochs;fc;7;4;20;0.1;60;0.01;0.0;0.01;2000;4;False;0.7641;0.7109
model_cifar10_lr0.001_30epochs;fc;7;4;20;0.1;60;0.01;0.0;0.01;2000;5;True;0.7641;0.63
model_cifar10_lr0.001_30epochs;fc;7;4;20;0.1;60;0.01;0.0;0.01;4000;1;False;0.7641;0.7175
model_cifar10_lr0.001_30epochs;fc;7;4;20;0.1;60;0.01;0.0;0.01;4000;2;False;0.7641;0.6008
model_cifar10_lr0.001_30epochs;fc;7;4;20;0.1;60;0.01;0.0;0.01;4000;3;False;0.7641;0.6601
model_cifar10_lr0.001_30epochs;fc;7;4;20;0.1;60;0.01;0.0;0.01;4000;4;False;0.7641;0.7115
model_cifar10_lr0.001_30epochs;fc;7;4;20;0.1;60;0.01;0.0;0.01;4000;5;False;0.7641;0.7056
model_cifar10_lr0.001_30epochs;fc;7;4;20;0.1;60;0.01;0.2;0.01;2000;1;False;0.7641;0.6723
model_cifar10_lr0.001_30epochs;fc;7;4;20;0.1;60;0.01;0.2;0.01;2000;2;False;0.7641;0.6825
model_cifar10_lr0.001_30epochs;fc;7;4;20;0.1;60;0.01;0.2;0.01;2000;3;False;0.7641;0.6853
model_cifar10_lr0.001_30epochs;fc;7;4;20;0.1;60;0.01;0.2;0.01;2000;4;False;0.7641;0.6391
model_cifar10_lr0.001_30epochs;fc;7;4;20;0.1;60;0.01;0.2;0.01;2000;5;False;0.7641;0.6448
model_cifar10_lr0.001_30epochs;fc;7;4;20;0.1;60;0.01;0.2;0.01;4000;1;False;0.7641;0.7032
model_cifar10_lr0.001_30epochs;fc;7;4;20;0.1;60;0.01;0.2;0.01;4000;2;True;0.7641;0.6606
model_cifar10_lr0.001_30epochs;fc;7;4;20;0.1;60;0.01;0.2;0.01;4000;3;False;0.7641;0.6433
model_cifar10_lr0.001_30epochs;fc;7;4;20;0.1;60;0.01;0.2;0.01;4000;4;False;0.7641;0.7061
model_cifar10_lr0.001_30epochs;fc;7;4;20;0.1;60;0.01;0.2;0.01;4000;5;False;0.7641;0.712
model_cifar10_lr0.001_30epochs;fc;7;4;20;0.1;30;0.03;0.0;0.01;2000;1;False;0.7641;0.6846
model_cifar10_lr0.001_30epochs;fc;7;4;20;0.1;30;0.03;0.0;0.01;2000;2;False;0.7641;0.6953
model_cifar10_lr0.001_30epochs;fc;7;4;20;0.1;30;0.03;0.0;0.01;2000;3;False;0.7641;0.6791
model_cifar10_lr0.001_30epochs;fc;7;4;20;0.1;30;0.03;0.0;0.01;2000;4;False;0.7641;0.6472
model_cifar10_lr0.001_30epochs;fc;7;4;20;0.1;30;0.03;0.0;0.01;2000;5;False;0.7641;0.6939
model_cifar10_lr0.001_30epochs;fc;7;4;20;0.1;30;0.03;0.0;0.01;4000;1;False;0.7641;0.6798
model_cifar10_lr0.001_30epochs;fc;7;4;20;0.1;30;0.03;0.0;0.01;4000;2;False;0.7641;0.6846
model_cifar10_lr0.001_30epochs;fc;7;4;20;0.1;30;0.03;0.0;0.01;4000;3;False;0.7641;0.6897
model_cifar10_lr0.001_30epochs;fc;7;4;20;0.1;30;0.03;0.0;0.01;4000;4;False;0.7641;0.694
model_cifar10_lr0.001_30epochs;fc;7;4;20;0.1;30;0.03;0.0;0.01;4000;5;False;0.7641;0.7168
model_cifar10_lr0.001_30epochs;fc;7;4;20;0.1;30;0.03;0.2;0.01;2000;1;False;0.7641;0.6797
model_cifar10_lr0.001_30epochs;fc;7;4;20;0.1;30;0.03;0.2;0.01;2000;2;False;0.7641;0.6919
model_cifar10_lr0.001_30epochs;fc;7;4;20;0.1;30;0.03;0.2;0.01;2000;3;False;0.7641;0.6936
model_cifar10_lr0.001_30epochs;fc;7;4;20;0.1;30;0.03;0.2;0.01;2000;4;True;0.7641;0.6731
model_cifar10_lr0.001_30epochs;fc;7;4;20;0.1;30;0.03;0.2;0.01;2000;5;False;0.7641;0.691
model_cifar10_lr0.001_30epochs;fc;7;4;20;0.1;30;0.03;0.2;0.01;4000;1;False;0.7641;0.6705
model_cifar10_lr0.001_30epochs;fc;7;4;20;0.1;30;0.03;0.2;0.01;4000;2;False;0.7641;0.7229
model_cifar10_lr0.001_30epochs;fc;7;4;20;0.1;30;0.03;0.2;0.01;4000;3;False;0.7641;0.6949
model_cifar10_lr0.001_30epochs;fc;7;4;20;0.1;30;0.03;0.2;0.01;4000;4;False;0.7641;0.7196
model_cifar10_lr0.001_30epochs;fc;7;4;20;0.1;30;0.03;0.2;0.01;4000;5;False;0.7641;0.6081
model_cifar10_lr0.001_30epochs;fc;7;4;20;0.1;60;0.03;0.0;0.01;2000;1;False;0.7641;0.6705
model_cifar10_lr0.001_30epochs;fc;7;4;20;0.1;60;0.03;0.0;0.01;2000;2;False;0.7641;0.6912
model_cifar10_lr0.001_30epochs;fc;7;4;20;0.1;60;0.03;0.0;0.01;2000;3;False;0.7641;0.6714
model_cifar10_lr0.001_30epochs;fc;7;4;20;0.1;60;0.03;0.0;0.01;2000;4;False;0.7641;0.7084
model_cifar10_lr0.001_30epochs;fc;7;4;20;0.1;60;0.03;0.0;0.01;2000;5;False;0.7641;0.7041
model_cifar10_lr0.001_30epochs;fc;7;4;20;0.1;60;0.03;0.0;0.01;4000;1;False;0.7641;0.7042
model_cifar10_lr0.001_30epochs;fc;7;4;20;0.1;60;0.03;0.0;0.01;4000;2;False;0.7641;0.7129
model_cifar10_lr0.001_30epochs;fc;7;4;20;0.1;60;0.03;0.0;0.01;4000;3;False;0.7641;0.6695
model_cifar10_lr0.001_30epochs;fc;7;4;20;0.1;60;0.03;0.0;0.01;4000;4;False;0.7641;0.6856
model_cifar10_lr0.001_30epochs;fc;7;4;20;0.1;60;0.03;0.0;0.01;4000;5;True;0.7641;0.6452
model_cifar10_lr0.001_30epochs;fc;7;4;20;0.1;60;0.03;0.2;0.01;2000;1;False;0.7641;0.7065
model_cifar10_lr0.001_30epochs;fc;7;4;20;0.1;60;0.03;0.2;0.01;2000;2;False;0.7641;0.6676
model_cifar10_lr0.001_30epochs;fc;7;4;20;0.1;60;0.03;0.2;0.01;2000;3;False;0.7641;0.6824
model_cifar10_lr0.001_30epochs;fc;7;4;20;0.1;60;0.03;0.2;0.01;2000;4;False;0.7641;0.6274
model_cifar10_lr0.001_30epochs;fc;7;4;20;0.1;60;0.03;0.2;0.01;2000;5;False;0.7641;0.6743
model_cifar10_lr0.001_30epochs;fc;7;4;20;0.1;60;0.03;0.2;0.01;4000;1;False;0.7641;0.6408
model_cifar10_lr0.001_30epochs;fc;7;4;20;0.1;60;0.03;0.2;0.01;4000;2;False;0.7641;0.685
model_cifar10_lr0.001_30epochs;fc;7;4;20;0.1;60;0.03;0.2;0.01;4000;3;False;0.7641;0.6829
model_cifar10_lr0.001_30epochs;fc;7;4;20;0.1;60;0.03;0.2;0.01;4000;4;False;0.7641;0.7014
model_cifar10_lr0.001_30epochs;fc;7;4;20;0.1;60;0.03;0.2;0.01;4000;5;False;0.7641;0.6967
model_cifar10_lr0.001_30epochs;fc;7;4;20;0.1;30;0.05;0.0;0.01;2000;1;False;0.7641;0.7099
model_cifar10_lr0.001_30epochs;fc;7;4;20;0.1;30;0.05;0.0;0.01;2000;2;False;0.7641;0.6992
model_cifar10_lr0.001_30epochs;fc;7;4;20;0.1;30;0.05;0.0;0.01;2000;3;False;0.7641;0.6261
model_cifar10_lr0.001_30epochs;fc;7;4;20;0.1;30;0.05;0.0;0.01;2000;4;False;0.7641;0.6939
model_cifar10_lr0.001_30epochs;fc;7;4;20;0.1;30;0.05;0.0;0.01;2000;5;False;0.7641;0.6652
model_cifar10_lr0.001_30epochs;fc;7;4;20;0.1;30;0.05;0.0;0.01;4000;1;False;0.7641;0.7202
model_cifar10_lr0.001_30epochs;fc;7;4;20;0.1;30;0.05;0.0;0.01;4000;2;False;0.7641;0.7109
model_cifar10_lr0.001_30epochs;fc;7;4;20;0.1;30;0.05;0.0;0.01;4000;3;False;0.7641;0.6656
model_cifar10_lr0.001_30epochs;fc;7;4;20;0.1;30;0.05;0.0;0.01;4000;4;False;0.7641;0.7169
model_cifar10_lr0.001_30epochs;fc;7;4;20;0.1;30;0.05;0.0;0.01;4000;5;False;0.7641;0.6278
model_cifar10_lr0.001_30epochs;fc;7;4;20;0.1;30;0.05;0.2;0.01;2000;1;False;0.7641;0.6823
model_cifar10_lr0.001_30epochs;fc;7;4;20;0.1;30;0.05;0.2;0.01;2000;2;False;0.7641;0.7205
model_cifar10_lr0.001_30epochs;fc;7;4;20;0.1;30;0.05;0.2;0.01;2000;3;True;0.7641;0.6745
model_cifar10_lr0.001_30epochs;fc;7;4;20;0.1;30;0.05;0.2;0.01;2000;4;False;0.7641;0.7226
model_cifar10_lr0.001_30epochs;fc;7;4;20;0.1;30;0.05;0.2;0.01;2000;5;False;0.7641;0.6755
model_cifar10_lr0.001_30epochs;fc;7;4;20;0.1;30;0.05;0.2;0.01;4000;1;False;0.7641;0.6644
model_cifar10_lr0.001_30epochs;fc;7;4;20;0.1;30;0.05;0.2;0.01;4000;2;False;0.7641;0.7002
model_cifar10_lr0.001_30epochs;fc;7;4;20;0.1;30;0.05;0.2;0.01;4000;3;False;0.7641;0.6903
model_cifar10_lr0.001_30epochs;fc;7;4;20;0.1;30;0.05;0.2;0.01;4000;4;False;0.7641;0.6396
model_cifar10_lr0.001_30epochs;fc;7;4;20;0.1;30;0.05;0.2;0.01;4000;5;False;0.7641;0.7053
model_cifar10_lr0.001_30epochs;fc;7;4;20;0.1;60;0.05;0.0;0.01;2000;1;False;0.7641;0.6362
model_cifar10_lr0.001_30epochs;fc;7;4;20;0.1;60;0.05;0.0;0.01;2000;2;True;0.7641;0.6665
model_cifar10_lr0.001_30epochs;fc;7;4;20;0.1;60;0.05;0.0;0.01;2000;3;False;0.7641;0.6976
model_cifar10_lr0.001_30epochs;fc;7;4;20;0.1;60;0.05;0.0;0.01;2000;4;False;0.7641;0.6832
model_cifar10_lr0.001_30epochs;fc;7;4;20;0.1;60;0.05;0.0;0.01;2000;5;False;0.7641;0.6979
model_cifar10_lr0.001_30epochs;fc;7;4;20;0.1;60;0.05;0.0;0.01;4000;1;True;0.7641;0.6613
model_cifar10_lr0.001_30epochs;fc;7;4;20;0.1;60;0.05;0.0;0.01;4000;2;False;0.7641;0.7238
model_cifar10_lr0.001_30epochs;fc;7;4;20;0.1;60;0.05;0.0;0.01;4000;3;False;0.7641;0.6827
model_cifar10_lr0.001_30epochs;fc;7;4;20;0.1;60;0.05;0.0;0.01;4000;4;False;0.7641;0.6774
model_cifar10_lr0.001_30epochs;fc;7;4;20;0.1;60;0.05;0.0;0.01;4000;5;False;0.7641;0.7302
model_cifar10_lr0.001_30epochs;fc;7;4;20;0.1;60;0.05;0.2;0.01;2000;1;False;0.7641;0.6932
model_cifar10_lr0.001_30epochs;fc;7;4;20;0.1;60;0.05;0.2;0.01;2000;2;False;0.7641;0.6627
model_cifar10_lr0.001_30epochs;fc;7;4;20;0.1;60;0.05;0.2;0.01;2000;3;False;0.7641;0.7011
model_cifar10_lr0.001_30epochs;fc;7;4;20;0.1;60;0.05;0.2;0.01;2000;4;False;0.7641;0.7091
model_cifar10_lr0.001_30epochs;fc;7;4;20;0.1;60;0.05;0.2;0.01;2000;5;False;0.7641;0.6555
model_cifar10_lr0.001_30epochs;fc;7;4;20;0.1;60;0.05;0.2;0.01;4000;1;False;0.7641;0.7195
model_cifar10_lr0.001_30epochs;fc;7;4;20;0.1;60;0.05;0.2;0.01;4000;2;False;0.7641;0.633
model_cifar10_lr0.001_30epochs;fc;7;4;20;0.1;60;0.05;0.2;0.01;4000;3;False;0.7641;0.6928
model_cifar10_lr0.001_30epochs;fc;7;4;20;0.1;60;0.05;0.2;0.01;4000;4;False;0.7641;0.7029
model_cifar10_lr0.001_30epochs;fc;7;4;20;0.1;60;0.05;0.2;0.01;4000;5;True;0.7641;0.6333
model_cifar10_lr0.001_30epochs;polytope;2;0;20;0.1;30;0.01;0.0;0.01;2000;1;False;0.7641;0.6888
model_cifar10_lr0.001_30epochs;polytope;2;0;20;0.1;30;0.01;0.0;0.01;2000;2;True;0.7641;0.6704
model_cifar10_lr0.001_30epochs;polytope;2;0;20;0.1;30;0.01;0.0;0.01;2000;3;True;0.7641;0.7097
model_cifar10_lr0.001_30epochs;polytope;2;0;20;0.1;30;0.01;0.0;0.01;2000;4;False;0.7641;0.6905
model_cifar10_lr0.001_30epochs;polytope;2;0;20;0.1;30;0.01;0.0;0.01;2000;5;True;0.7641;0.6894
model_cifar10_lr0.001_30epochs;polytope;2;0;20;0.1;30;0.01;0.0;0.01;4000;1;True;0.7641;0.6434
model_cifar10_lr0.001_30epochs;polytope;2;0;20;0.1;30;0.01;0.0;0.01;4000;2;True;0.7641;0.6908
model_cifar10_lr0.001_30epochs;polytope;2;0;20;0.1;30;0.01;0.0;0.01;4000;3;True;0.7641;0.684
model_cifar10_lr0.001_30epochs;polytope;2;0;20;0.1;30;0.01;0.0;0.01;4000;4;False;0.7641;0.7057
model_cifar10_lr0.001_30epochs;polytope;2;0;20;0.1;30;0.01;0.0;0.01;4000;5;False;0.7641;0.7124
model_cifar10_lr0.001_30epochs;polytope;2;0;20;0.1;30;0.01;0.2;0.01;2000;1;True;0.7641;0.7047
model_cifar10_lr0.001_30epochs;polytope;2;0;20;0.1;30;0.01;0.2;0.01;2000;2;True;0.7641;0.6955
model_cifar10_lr0.001_30epochs;polytope;2;0;20;0.1;30;0.01;0.2;0.01;2000;3;False;0.7641;0.6917
model_cifar10_lr0.001_30epochs;polytope;2;0;20;0.1;30;0.01;0.2;0.01;2000;4;True;0.7641;0.7148
model_cifar10_lr0.001_30epochs;polytope;2;0;20;0.1;30;0.01;0.2;0.01;2000;5;False;0.7641;0.6955
model_cifar10_lr0.001_30epochs;polytope;2;0;20;0.1;30;0.01;0.2;0.01;4000;1;False;0.7641;0.6568
model_cifar10_lr0.001_30epochs;polytope;2;0;20;0.1;30;0.01;0.2;0.01;4000;2;True;0.7641;0.7108
model_cifar10_lr0.001_30epochs;polytope;2;0;20;0.1;30;0.01;0.2;0.01;4000;3;False;0.7641;0.6607
model_cifar10_lr0.001_30epochs;polytope;2;0;20;0.1;30;0.01;0.2;0.01;4000;4;True;0.7641;0.7158
model_cifar10_lr0.001_30epochs;polytope;2;0;20;0.1;30;0.01;0.2;0.01;4000;5;True;0.7641;0.7066
model_cifar10_lr0.001_30epochs;polytope;2;0;20;0.1;60;0.01;0.0;0.01;2000;1;False;0.7641;0.6959
model_cifar10_lr0.001_30epochs;polytope;2;0;20;0.1;60;0.01;0.0;0.01;2000;2;False;0.7641;0.6667
model_cifar10_lr0.001_30epochs;polytope;2;0;20;0.1;60;0.01;0.0;0.01;2000;3;False;0.7641;0.7137
model_cifar10_lr0.001_30epochs;polytope;2;0;20;0.1;60;0.01;0.0;0.01;2000;4;True;0.7641;0.687
model_cifar10_lr0.001_30epochs;polytope;2;0;20;0.1;60;0.01;0.0;0.01;2000;5;True;0.7641;0.669
model_cifar10_lr0.001_30epochs;polytope;2;0;20;0.1;60;0.01;0.0;0.01;4000;1;False;0.7641;0.6481
model_cifar10_lr0.001_30epochs;polytope;2;0;20;0.1;60;0.01;0.0;0.01;4000;2;True;0.7641;0.6308
model_cifar10_lr0.001_30epochs;polytope;2;0;20;0.1;60;0.01;0.0;0.01;4000;3;False;0.7641;0.6842
model_cifar10_lr0.001_30epochs;polytope;2;0;20;0.1;60;0.01;0.0;0.01;4000;4;True;0.7641;0.7343
model_cifar10_lr0.001_30epochs;polytope;2;0;20;0.1;60;0.01;0.0;0.01;4000;5;True;0.7641;0.7008
model_cifar10_lr0.001_30epochs;polytope;2;0;20;0.1;60;0.01;0.2;0.01;2000;1;True;0.7641;0.6785
model_cifar10_lr0.001_30epochs;polytope;2;0;20;0.1;60;0.01;0.2;0.01;2000;2;True;0.7641;0.7017
model_cifar10_lr0.001_30epochs;polytope;2;0;20;0.1;60;0.01;0.2;0.01;2000;3;False;0.7641;0.673
model_cifar10_lr0.001_30epochs;polytope;2;0;20;0.1;60;0.01;0.2;0.01;2000;4;False;0.7641;0.6704
model_cifar10_lr0.001_30epochs;polytope;2;0;20;0.1;60;0.01;0.2;0.01;2000;5;True;0.7641;0.6994
model_cifar10_lr0.001_30epochs;polytope;2;0;20;0.1;60;0.01;0.2;0.01;4000;1;True;0.7641;0.6597
model_cifar10_lr0.001_30epochs;polytope;2;0;20;0.1;60;0.01;0.2;0.01;4000;2;False;0.7641;0.7055
model_cifar10_lr0.001_30epochs;polytope;2;0;20;0.1;60;0.01;0.2;0.01;4000;3;True;0.7641;0.711
model_cifar10_lr0.001_30epochs;polytope;2;0;20;0.1;60;0.01;0.2;0.01;4000;4;True;0.7641;0.6829
model_cifar10_lr0.001_30epochs;polytope;2;0;20;0.1;60;0.01;0.2;0.01;4000;5;True;0.7641;0.7095
model_cifar10_lr0.001_30epochs;polytope;2;0;20;0.1;30;0.03;0.0;0.01;2000;1;True;0.7641;0.7025
model_cifar10_lr0.001_30epochs;polytope;2;0;20;0.1;30;0.03;0.0;0.01;2000;2;True;0.7641;0.6832
model_cifar10_lr0.001_30epochs;polytope;2;0;20;0.1;30;0.03;0.0;0.01;2000;3;False;0.7641;0.7075
model_cifar10_lr0.001_30epochs;polytope;2;0;20;0.1;30;0.03;0.0;0.01;2000;4;False;0.7641;0.6677
model_cifar10_lr0.001_30epochs;polytope;2;0;20;0.1;30;0.03;0.0;0.01;2000;5;True;0.7641;0.6969
model_cifar10_lr0.001_30epochs;polytope;2;0;20;0.1;30;0.03;0.0;0.01;4000;1;True;0.7641;0.6881
model_cifar10_lr0.001_30epochs;polytope;2;0;20;0.1;30;0.03;0.0;0.01;4000;2;True;0.7641;0.6788
model_cifar10_lr0.001_30epochs;polytope;2;0;20;0.1;30;0.03;0.0;0.01;4000;3;True;0.7641;0.6918
model_cifar10_lr0.001_30epochs;polytope;2;0;20;0.1;30;0.03;0.0;0.01;4000;4;False;0.7641;0.6913
model_cifar10_lr0.001_30epochs;polytope;2;0;20;0.1;30;0.03;0.0;0.01;4000;5;True;0.7641;0.7009
model_cifar10_lr0.001_30epochs;polytope;2;0;20;0.1;30;0.03;0.2;0.01;2000;1;False;0.7641;0.6866
model_cifar10_lr0.001_30epochs;polytope;2;0;20;0.1;30;0.03;0.2;0.01;2000;2;False;0.7641;0.6924
model_cifar10_lr0.001_30epochs;polytope;2;0;20;0.1;30;0.03;0.2;0.01;2000;3;True;0.7641;0.6994
model_cifar10_lr0.001_30epochs;polytope;2;0;20;0.1;30;0.03;0.2;0.01;2000;4;True;0.7641;0.7021
model_cifar10_lr0.001_30epochs;polytope;2;0;20;0.1;30;0.03;0.2;0.01;2000;5;True;0.7641;0.7022
model_cifar10_lr0.001_30epochs;polytope;2;0;20;0.1;30;0.03;0.2;0.01;4000;1;False;0.7641;0.6524
model_cifar10_lr0.001_30epochs;polytope;2;0;20;0.1;30;0.03;0.2;0.01;4000;2;True;0.7641;0.5955
model_cifar10_lr0.001_30epochs;polytope;2;0;20;0.1;30;0.03;0.2;0.01;4000;3;True;0.7641;0.689
model_cifar10_lr0.001_30epochs;polytope;2;0;20;0.1;30;0.03;0.2;0.01;4000;4;False;0.7641;0.6773
model_cifar10_lr0.001_30epochs;polytope;2;0;20;0.1;30;0.03;0.2;0.01;4000;5;True;0.7641;0.7108
model_cifar10_lr0.001_30epochs;polytope;2;0;20;0.1;60;0.03;0.0;0.01;2000;1;True;0.7641;0.7091
model_cifar10_lr0.001_30epochs;polytope;2;0;20;0.1;60;0.03;0.0;0.01;2000;2;False;0.7641;0.7098
model_cifar10_lr0.001_30epochs;polytope;2;0;20;0.1;60;0.03;0.0;0.01;2000;3;False;0.7641;0.6959
model_cifar10_lr0.001_30epochs;polytope;2;0;20;0.1;60;0.03;0.0;0.01;2000;4;True;0.7641;0.704
model_cifar10_lr0.001_30epochs;polytope;2;0;20;0.1;60;0.03;0.0;0.01;2000;5;False;0.7641;0.7245
model_cifar10_lr0.001_30epochs;polytope;2;0;20;0.1;60;0.03;0.0;0.01;4000;1;True;0.7641;0.6293
model_cifar10_lr0.001_30epochs;polytope;2;0;20;0.1;60;0.03;0.0;0.01;4000;2;True;0.7641;0.6592
model_cifar10_lr0.001_30epochs;polytope;2;0;20;0.1;60;0.03;0.0;0.01;4000;3;True;0.7641;0.6702
model_cifar10_lr0.001_30epochs;polytope;2;0;20;0.1;60;0.03;0.0;0.01;4000;4;False;0.7641;0.6595
model_cifar10_lr0.001_30epochs;polytope;2;0;20;0.1;60;0.03;0.0;0.01;4000;5;False;0.7641;0.6683
model_cifar10_lr0.001_30epochs;polytope;2;0;20;0.1;60;0.03;0.2;0.01;2000;1;False;0.7641;0.6795
model_cifar10_lr0.001_30epochs;polytope;2;0;20;0.1;60;0.03;0.2;0.01;2000;2;True;0.7641;0.7289
model_cifar10_lr0.001_30epochs;polytope;2;0;20;0.1;60;0.03;0.2;0.01;2000;3;False;0.7641;0.6764
model_cifar10_lr0.001_30epochs;polytope;2;0;20;0.1;60;0.03;0.2;0.01;2000;4;False;0.7641;0.7118
model_cifar10_lr0.001_30epochs;polytope;2;0;20;0.1;60;0.03;0.2;0.01;2000;5;False;0.7641;0.7167
model_cifar10_lr0.001_30epochs;polytope;2;0;20;0.1;60;0.03;0.2;0.01;4000;1;False;0.7641;0.6872
model_cifar10_lr0.001_30epochs;polytope;2;0;20;0.1;60;0.03;0.2;0.01;4000;2;True;0.7641;0.7017
model_cifar10_lr0.001_30epochs;polytope;2;0;20;0.1;60;0.03;0.2;0.01;4000;3;True;0.7641;0.6846
model_cifar10_lr0.001_30epochs;polytope;2;0;20;0.1;60;0.03;0.2;0.01;4000;4;False;0.7641;0.6995
model_cifar10_lr0.001_30epochs;polytope;2;0;20;0.1;60;0.03;0.2;0.01;4000;5;True;0.7641;0.6823
model_cifar10_lr0.001_30epochs;polytope;2;0;20;0.1;30;0.05;0.0;0.01;2000;1;True;0.7641;0.6945
model_cifar10_lr0.001_30epochs;polytope;2;0;20;0.1;30;0.05;0.0;0.01;2000;2;False;0.7641;0.6889
model_cifar10_lr0.001_30epochs;polytope;2;0;20;0.1;30;0.05;0.0;0.01;2000;3;True;0.7641;0.6822
model_cifar10_lr0.001_30epochs;polytope;2;0;20;0.1;30;0.05;0.0;0.01;2000;4;False;0.7641;0.6782
model_cifar10_lr0.001_30epochs;polytope;2;0;20;0.1;30;0.05;0.0;0.01;2000;5;True;0.7641;0.6939
model_cifar10_lr0.001_30epochs;polytope;2;0;20;0.1;30;0.05;0.0;0.01;4000;1;False;0.7641;0.682
model_cifar10_lr0.001_30epochs;polytope;2;0;20;0.1;30;0.05;0.0;0.01;4000;2;True;0.7641;0.676
model_cifar10_lr0.001_30epochs;polytope;2;0;20;0.1;30;0.05;0.0;0.01;4000;3;False;0.7641;0.6782
model_cifar10_lr0.001_30epochs;polytope;2;0;20;0.1;30;0.05;0.0;0.01;4000;4;True;0.7641;0.66
model_cifar10_lr0.001_30epochs;polytope;2;0;20;0.1;30;0.05;0.0;0.01;4000;5;False;0.7641;0.6941
model_cifar10_lr0.001_30epochs;polytope;2;0;20;0.1;30;0.05;0.2;0.01;2000;1;False;0.7641;0.6584
model_cifar10_lr0.001_30epochs;polytope;2;0;20;0.1;30;0.05;0.2;0.01;2000;2;True;0.7641;0.7108
model_cifar10_lr0.001_30epochs;polytope;2;0;20;0.1;30;0.05;0.2;0.01;2000;3;True;0.7641;0.6269
model_cifar10_lr0.001_30epochs;polytope;2;0;20;0.1;30;0.05;0.2;0.01;2000;4;True;0.7641;0.6703
model_cifar10_lr0.001_30epochs;polytope;2;0;20;0.1;30;0.05;0.2;0.01;2000;5;True;0.7641;0.7244
model_cifar10_lr0.001_30epochs;polytope;2;0;20;0.1;30;0.05;0.2;0.01;4000;1;False;0.7641;0.7046
model_cifar10_lr0.001_30epochs;polytope;2;0;20;0.1;30;0.05;0.2;0.01;4000;2;False;0.7641;0.6731
model_cifar10_lr0.001_30epochs;polytope;2;0;20;0.1;30;0.05;0.2;0.01;4000;3;True;0.7641;0.6771
model_cifar10_lr0.001_30epochs;polytope;2;0;20;0.1;30;0.05;0.2;0.01;4000;4;False;0.7641;0.62
model_cifar10_lr0.001_30epochs;polytope;2;0;20;0.1;30;0.05;0.2;0.01;4000;5;True;0.7641;0.7176
model_cifar10_lr0.001_30epochs;polytope;2;0;20;0.1;60;0.05;0.0;0.01;2000;1;True;0.7641;0.6766
model_cifar10_lr0.001_30epochs;polytope;2;0;20;0.1;60;0.05;0.0;0.01;2000;2;False;0.7641;0.7051
model_cifar10_lr0.001_30epochs;polytope;2;0;20;0.1;60;0.05;0.0;0.01;2000;3;False;0.7641;0.7123
model_cifar10_lr0.001_30epochs;polytope;2;0;20;0.1;60;0.05;0.0;0.01;2000;4;True;0.7641;0.6572
model_cifar10_lr0.001_30epochs;polytope;2;0;20;0.1;60;0.05;0.0;0.01;2000;5;True;0.7641;0.7237
model_cifar10_lr0.001_30epochs;polytope;2;0;20;0.1;60;0.05;0.0;0.01;4000;1;False;0.7641;0.6901
model_cifar10_lr0.001_30epochs;polytope;2;0;20;0.1;60;0.05;0.0;0.01;4000;2;False;0.7641;0.7063
model_cifar10_lr0.001_30epochs;polytope;2;0;20;0.1;60;0.05;0.0;0.01;4000;3;True;0.7641;0.7128
model_cifar10_lr0.001_30epochs;polytope;2;0;20;0.1;60;0.05;0.0;0.01;4000;4;False;0.7641;0.6728
model_cifar10_lr0.001_30epochs;polytope;2;0;20;0.1;60;0.05;0.0;0.01;4000;5;True;0.7641;0.6662
model_cifar10_lr0.001_30epochs;polytope;2;0;20;0.1;60;0.05;0.2;0.01;2000;1;False;0.7641;0.7055
model_cifar10_lr0.001_30epochs;polytope;2;0;20;0.1;60;0.05;0.2;0.01;2000;2;True;0.7641;0.7173
model_cifar10_lr0.001_30epochs;polytope;2;0;20;0.1;60;0.05;0.2;0.01;2000;3;True;0.7641;0.6789
model_cifar10_lr0.001_30epochs;polytope;2;0;20;0.1;60;0.05;0.2;0.01;2000;4;False;0.7641;0.6776
model_cifar10_lr0.001_30epochs;polytope;2;0;20;0.1;60;0.05;0.2;0.01;2000;5;True;0.7641;0.7083
model_cifar10_lr0.001_30epochs;polytope;2;0;20;0.1;60;0.05;0.2;0.01;4000;1;False;0.7641;0.685
model_cifar10_lr0.001_30epochs;polytope;2;0;20;0.1;60;0.05;0.2;0.01;4000;2;False;0.7641;0.6844
model_cifar10_lr0.001_30epochs;polytope;2;0;20;0.1;60;0.05;0.2;0.01;4000;3;True;0.7641;0.6805
model_cifar10_lr0.001_30epochs;polytope;2;0;20;0.1;60;0.05;0.2;0.01;4000;4;True;0.7641;0.7145
model_cifar10_lr0.001_30epochs;polytope;2;0;20;0.1;60;0.05;0.2;0.01;4000;5;False;0.7641;0.72
model_cifar10_lr0.001_30epochs;polytope;5;3;20;0.1;30;0.01;0.0;0.01;2000;1;False;0.7641;0.7068
model_cifar10_lr0.001_30epochs;polytope;5;3;20;0.1;30;0.01;0.0;0.01;2000;2;False;0.7641;0.6531
model_cifar10_lr0.001_30epochs;polytope;5;3;20;0.1;30;0.01;0.0;0.01;2000;3;False;0.7641;0.7156
model_cifar10_lr0.001_30epochs;polytope;5;3;20;0.1;30;0.01;0.0;0.01;2000;4;False;0.7641;0.6437
model_cifar10_lr0.001_30epochs;polytope;5;3;20;0.1;30;0.01;0.0;0.01;2000;5;False;0.7641;0.7004
model_cifar10_lr0.001_30epochs;polytope;5;3;20;0.1;30;0.01;0.0;0.01;4000;1;False;0.7641;0.6979
model_cifar10_lr0.001_30epochs;polytope;5;3;20;0.1;30;0.01;0.0;0.01;4000;2;False;0.7641;0.7081
model_cifar10_lr0.001_30epochs;polytope;5;3;20;0.1;30;0.01;0.0;0.01;4000;3;False;0.7641;0.6884
model_cifar10_lr0.001_30epochs;polytope;5;3;20;0.1;30;0.01;0.0;0.01;4000;4;False;0.7641;0.6734
model_cifar10_lr0.001_30epochs;polytope;5;3;20;0.1;30;0.01;0.0;0.01;4000;5;False;0.7641;0.6412
model_cifar10_lr0.001_30epochs;polytope;5;3;20;0.1;30;0.01;0.2;0.01;2000;1;False;0.7641;0.6774
model_cifar10_lr0.001_30epochs;polytope;5;3;20;0.1;30;0.01;0.2;0.01;2000;2;False;0.7641;0.6834
model_cifar10_lr0.001_30epochs;polytope;5;3;20;0.1;30;0.01;0.2;0.01;2000;3;False;0.7641;0.5945
model_cifar10_lr0.001_30epochs;polytope;5;3;20;0.1;30;0.01;0.2;0.01;2000;4;False;0.7641;0.7029
model_cifar10_lr0.001_30epochs;polytope;5;3;20;0.1;30;0.01;0.2;0.01;2000;5;False;0.7641;0.6845
model_cifar10_lr0.001_30epochs;polytope;5;3;20;0.1;30;0.01;0.2;0.01;4000;1;False;0.7641;0.6878
model_cifar10_lr0.001_30epochs;polytope;5;3;20;0.1;30;0.01;0.2;0.01;4000;2;False;0.7641;0.6826
model_cifar10_lr0.001_30epochs;polytope;5;3;20;0.1;30;0.01;0.2;0.01;4000;3;True;0.7641;0.6686
model_cifar10_lr0.001_30epochs;polytope;5;3;20;0.1;30;0.01;0.2;0.01;4000;4;False;0.7641;0.7179
model_cifar10_lr0.001_30epochs;polytope;5;3;20;0.1;30;0.01;0.2;0.01;4000;5;False;0.7641;0.6576
model_cifar10_lr0.001_30epochs;polytope;5;3;20;0.1;60;0.01;0.0;0.01;2000;1;False;0.7641;0.6466
model_cifar10_lr0.001_30epochs;polytope;5;3;20;0.1;60;0.01;0.0;0.01;2000;2;False;0.7641;0.6855
model_cifar10_lr0.001_30epochs;polytope;5;3;20;0.1;60;0.01;0.0;0.01;2000;3;False;0.7641;0.7017
model_cifar10_lr0.001_30epochs;polytope;5;3;20;0.1;60;0.01;0.0;0.01;2000;4;False;0.7641;0.6978
model_cifar10_lr0.001_30epochs;polytope;5;3;20;0.1;60;0.01;0.0;0.01;2000;5;False;0.7641;0.6548
model_cifar10_lr0.001_30epochs;polytope;5;3;20;0.1;60;0.01;0.0;0.01;4000;1;False;0.7641;0.7114
model_cifar10_lr0.001_30epochs;polytope;5;3;20;0.1;60;0.01;0.0;0.01;4000;2;False;0.7641;0.7092
model_cifar10_lr0.001_30epochs;polytope;5;3;20;0.1;60;0.01;0.0;0.01;4000;3;False;0.7641;0.6679
model_cifar10_lr0.001_30epochs;polytope;5;3;20;0.1;60;0.01;0.0;0.01;4000;4;True;0.7641;0.6654
model_cifar10_lr0.001_30epochs;polytope;5;3;20;0.1;60;0.01;0.0;0.01;4000;5;False;0.7641;0.6731
model_cifar10_lr0.001_30epochs;polytope;5;3;20;0.1;60;0.01;0.2;0.01;2000;1;False;0.7641;0.7055
model_cifar10_lr0.001_30epochs;polytope;5;3;20;0.1;60;0.01;0.2;0.01;2000;2;False;0.7641;0.7073
model_cifar10_lr0.001_30epochs;polytope;5;3;20;0.1;60;0.01;0.2;0.01;2000;3;False;0.7641;0.6848
model_cifar10_lr0.001_30epochs;polytope;5;3;20;0.1;60;0.01;0.2;0.01;2000;4;False;0.7641;0.7033
model_cifar10_lr0.001_30epochs;polytope;5;3;20;0.1;60;0.01;0.2;0.01;2000;5;False;0.7641;0.6834
model_cifar10_lr0.001_30epochs;polytope;5;3;20;0.1;60;0.01;0.2;0.01;4000;1;False;0.7641;0.6599
model_cifar10_lr0.001_30epochs;polytope;5;3;20;0.1;60;0.01;0.2;0.01;4000;2;False;0.7641;0.6827
model_cifar10_lr0.001_30epochs;polytope;5;3;20;0.1;60;0.01;0.2;0.01;4000;3;False;0.7641;0.709
model_cifar10_lr0.001_30epochs;polytope;5;3;20;0.1;60;0.01;0.2;0.01;4000;4;False;0.7641;0.6835
model_cifar10_lr0.001_30epochs;polytope;5;3;20;0.1;60;0.01;0.2;0.01;4000;5;True;0.7641;0.7088
model_cifar10_lr0.001_30epochs;polytope;5;3;20;0.1;30;0.03;0.0;0.01;2000;1;False;0.7641;0.6111
model_cifar10_lr0.001_30epochs;polytope;5;3;20;0.1;30;0.03;0.0;0.01;2000;2;False;0.7641;0.714
model_cifar10_lr0.001_30epochs;polytope;5;3;20;0.1;30;0.03;0.0;0.01;2000;3;False;0.7641;0.7072
model_cifar10_lr0.001_30epochs;polytope;5;3;20;0.1;30;0.03;0.0;0.01;2000;4;False;0.7641;0.6908
model_cifar10_lr0.001_30epochs;polytope;5;3;20;0.1;30;0.03;0.0;0.01;2000;5;False;0.7641;0.6465
model_cifar10_lr0.001_30epochs;polytope;5;3;20;0.1;30;0.03;0.0;0.01;4000;1;True;0.7641;0.7033
model_cifar10_lr0.001_30epochs;polytope;5;3;20;0.1;30;0.03;0.0;0.01;4000;2;False;0.7641;0.6892
model_cifar10_lr0.001_30epochs;polytope;5;3;20;0.1;30;0.03;0.0;0.01;4000;3;False;0.7641;0.6819
model_cifar10_lr0.001_30epochs;polytope;5;3;20;0.1;30;0.03;0.0;0.01;4000;4;False;0.7641;0.6889
model_cifar10_lr0.001_30epochs;polytope;5;3;20;0.1;30;0.03;0.0;0.01;4000;5;False;0.7641;0.6694
model_cifar10_lr0.001_30epochs;polytope;5;3;20;0.1;30;0.03;0.2;0.01;2000;1;False;0.7641;0.6924
model_cifar10_lr0.001_30epochs;polytope;5;3;20;0.1;30;0.03;0.2;0.01;2000;2;True;0.7641;0.6492
model_cifar10_lr0.001_30epochs;polytope;5;3;20;0.1;30;0.03;0.2;0.01;2000;3;False;0.7641;0.7012
model_cifar10_lr0.001_30epochs;polytope;5;3;20;0.1;30;0.03;0.2;0.01;2000;4;False;0.7641;0.7194
model_cifar10_lr0.001_30epochs;polytope;5;3;20;0.1;30;0.03;0.2;0.01;2000;5;False;0.7641;0.6942
model_cifar10_lr0.001_30epochs;polytope;5;3;20;0.1;30;0.03;0.2;0.01;4000;1;False;0.7641;0.6895
model_cifar10_lr0.001_30epochs;polytope;5;3;20;0.1;30;0.03;0.2;0.01;4000;2;False;0.7641;0.6753
model_cifar10_lr0.001_30epochs;polytope;5;3;20;0.1;30;0.03;0.2;0.01;4000;3;False;0.7641;0.683
model_cifar10_lr0.001_30epochs;polytope;5;3;20;0.1;30;0.03;0.2;0.01;4000;4;False;0.7641;0.7106
model_cifar10_lr0.001_30epochs;polytope;5;3;20;0.1;30;0.03;0.2;0.01;4000;5;False;0.7641;0.6861
model_cifar10_lr0.001_30epochs;polytope;5;3;20;0.1;60;0.03;0.0;0.01;2000;1;False;0.7641;0.6946
model_cifar10_lr0.001_30epochs;polytope;5;3;20;0.1;60;0.03;0.0;0.01;2000;2;False;0.7641;0.6714
model_cifar10_lr0.001_30epochs;polytope;5;3;20;0.1;60;0.03;0.0;0.01;2000;3;False;0.7641;0.6321
model_cifar10_lr0.001_30epochs;polytope;5;3;20;0.1;60;0.03;0.0;0.01;2000;4;False;0.7641;0.6807
model_cifar10_lr0.001_30epochs;polytope;5;3;20;0.1;60;0.03;0.0;0.01;2000;5;False;0.7641;0.6969
model_cifar10_lr0.001_30epochs;polytope;5;3;20;0.1;60;0.03;0.0;0.01;4000;1;False;0.7641;0.7066
model_cifar10_lr0.001_30epochs;polytope;5;3;20;0.1;60;0.03;0.0;0.01;4000;2;False;0.7641;0.6972
model_cifar10_lr0.001_30epochs;polytope;5;3;20;0.1;60;0.03;0.0;0.01;4000;3;False;0.7641;0.6839
model_cifar10_lr0.001_30epochs;polytope;5;3;20;0.1;60;0.03;0.0;0.01;4000;4;False;0.7641;0.6499
model_cifar10_lr0.001_30epochs;polytope;5;3;20;0.1;60;0.03;0.0;0.01;4000;5;False;0.7641;0.6847
model_cifar10_lr0.001_30epochs;polytope;5;3;20;0.1;60;0.03;0.2;0.01;2000;1;False;0.7641;0.6722
model_cifar10_lr0.001_30epochs;polytope;5;3;20;0.1;60;0.03;0.2;0.01;2000;2;False;0.7641;0.7007
model_cifar10_lr0.001_30epochs;polytope;5;3;20;0.1;60;0.03;0.2;0.01;2000;3;False;0.7641;0.6728
model_cifar10_lr0.001_30epochs;polytope;5;3;20;0.1;60;0.03;0.2;0.01;2000;4;False;0.7641;0.6926
model_cifar10_lr0.001_30epochs;polytope;5;3;20;0.1;60;0.03;0.2;0.01;2000;5;False;0.7641;0.6088
model_cifar10_lr0.001_30epochs;polytope;5;3;20;0.1;60;0.03;0.2;0.01;4000;1;False;0.7641;0.7052
model_cifar10_lr0.001_30epochs;polytope;5;3;20;0.1;60;0.03;0.2;0.01;4000;2;True;0.7641;0.6735
model_cifar10_lr0.001_30epochs;polytope;5;3;20;0.1;60;0.03;0.2;0.01;4000;3;False;0.7641;0.7069
model_cifar10_lr0.001_30epochs;polytope;5;3;20;0.1;60;0.03;0.2;0.01;4000;4;False;0.7641;0.6863
model_cifar10_lr0.001_30epochs;polytope;5;3;20;0.1;60;0.03;0.2;0.01;4000;5;False;0.7641;0.6779
model_cifar10_lr0.001_30epochs;polytope;5;3;20;0.1;30;0.05;0.0;0.01;2000;1;False;0.7641;0.7185
model_cifar10_lr0.001_30epochs;polytope;5;3;20;0.1;30;0.05;0.0;0.01;2000;2;False;0.7641;0.6733
model_cifar10_lr0.001_30epochs;polytope;5;3;20;0.1;30;0.05;0.0;0.01;2000;3;False;0.7641;0.6607
model_cifar10_lr0.001_30epochs;polytope;5;3;20;0.1;30;0.05;0.0;0.01;2000;4;False;0.7641;0.6974
model_cifar10_lr0.001_30epochs;polytope;5;3;20;0.1;30;0.05;0.0;0.01;2000;5;False;0.7641;0.6708
model_cifar10_lr0.001_30epochs;polytope;5;3;20;0.1;30;0.05;0.0;0.01;4000;1;False;0.7641;0.6937
model_cifar10_lr0.001_30epochs;polytope;5;3;20;0.1;30;0.05;0.0;0.01;4000;2;False;0.7641;0.6736
model_cifar10_lr0.001_30epochs;polytope;5;3;20;0.1;30;0.05;0.0;0.01;4000;3;False;0.7641;0.6545
model_cifar10_lr0.001_30epochs;polytope;5;3;20;0.1;30;0.05;0.0;0.01;4000;4;False;0.7641;0.7019
model_cifar10_lr0.001_30epochs;polytope;5;3;20;0.1;30;0.05;0.0;0.01;4000;5;False;0.7641;0.6539
model_cifar10_lr0.001_30epochs;polytope;5;3;20;0.1;30;0.05;0.2;0.01;2000;1;False;0.7641;0.7201
model_cifar10_lr0.001_30epochs;polytope;5;3;20;0.1;30;0.05;0.2;0.01;2000;2;False;0.7641;0.7062
model_cifar10_lr0.001_30epochs;polytope;5;3;20;0.1;30;0.05;0.2;0.01;2000;3;False;0.7641;0.6813
model_cifar10_lr0.001_30epochs;polytope;5;3;20;0.1;30;0.05;0.2;0.01;2000;4;False;0.7641;0.7114
model_cifar10_lr0.001_30epochs;polytope;5;3;20;0.1;30;0.05;0.2;0.01;2000;5;False;0.7641;0.7164
model_cifar10_lr0.001_30epochs;polytope;5;3;20;0.1;30;0.05;0.2;0.01;4000;1;False;0.7641;0.6655
model_cifar10_lr0.001_30epochs;polytope;5;3;20;0.1;30;0.05;0.2;0.01;4000;2;False;0.7641;0.6439
model_cifar10_lr0.001_30epochs;polytope;5;3;20;0.1;30;0.05;0.2;0.01;4000;3;False;0.7641;0.6626
model_cifar10_lr0.001_30epochs;polytope;5;3;20;0.1;30;0.05;0.2;0.01;4000;4;False;0.7641;0.7204
model_cifar10_lr0.001_30epochs;polytope;5;3;20;0.1;30;0.05;0.2;0.01;4000;5;False;0.7641;0.7084
model_cifar10_lr0.001_30epochs;polytope;5;3;20;0.1;60;0.05;0.0;0.01;2000;1;False;0.7641;0.6928
model_cifar10_lr0.001_30epochs;polytope;5;3;20;0.1;60;0.05;0.0;0.01;2000;2;False;0.7641;0.6343
model_cifar10_lr0.001_30epochs;polytope;5;3;20;0.1;60;0.05;0.0;0.01;2000;3;False;0.7641;0.6979
model_cifar10_lr0.001_30epochs;polytope;5;3;20;0.1;60;0.05;0.0;0.01;2000;4;False;0.7641;0.6996
model_cifar10_lr0.001_30epochs;polytope;5;3;20;0.1;60;0.05;0.0;0.01;2000;5;False;0.7641;0.6895
model_cifar10_lr0.001_30epochs;polytope;5;3;20;0.1;60;0.05;0.0;0.01;4000;1;False;0.7641;0.7221
model_cifar10_lr0.001_30epochs;polytope;5;3;20;0.1;60;0.05;0.0;0.01;4000;2;False;0.7641;0.6702
model_cifar10_lr0.001_30epochs;polytope;5;3;20;0.1;60;0.05;0.0;0.01;4000;3;False;0.7641;0.6552
model_cifar10_lr0.001_30epochs;polytope;5;3;20;0.1;60;0.05;0.0;0.01;4000;4;False;0.7641;0.7112
model_cifar10_lr0.001_30epochs;polytope;5;3;20;0.1;60;0.05;0.0;0.01;4000;5;True;0.7641;0.702
model_cifar10_lr0.001_30epochs;polytope;5;3;20;0.1;60;0.05;0.2;0.01;2000;1;False;0.7641;0.6932
model_cifar10_lr0.001_30epochs;polytope;5;3;20;0.1;60;0.05;0.2;0.01;2000;2;True;0.7641;0.7072
model_cifar10_lr0.001_30epochs;polytope;5;3;20;0.1;60;0.05;0.2;0.01;2000;3;False;0.7641;0.6739
model_cifar10_lr0.001_30epochs;polytope;5;3;20;0.1;60;0.05;0.2;0.01;2000;4;False;0.7641;0.7041
model_cifar10_lr0.001_30epochs;polytope;5;3;20;0.1;60;0.05;0.2;0.01;2000;5;False;0.7641;0.6914
model_cifar10_lr0.001_30epochs;polytope;5;3;20;0.1;60;0.05;0.2;0.01;4000;1;False;0.7641;0.7074
model_cifar10_lr0.001_30epochs;polytope;5;3;20;0.1;60;0.05;0.2;0.01;4000;2;False;0.7641;0.6664
model_cifar10_lr0.001_30epochs;polytope;5;3;20;0.1;60;0.05;0.2;0.01;4000;3;True;0.7641;0.6764
model_cifar10_lr0.001_30epochs;polytope;5;3;20;0.1;60;0.05;0.2;0.01;4000;4;False;0.7641;0.6942
model_cifar10_lr0.001_30epochs;polytope;5;3;20;0.1;60;0.05;0.2;0.01;4000;5;False;0.7641;0.7003
model_cifar10_lr0.001_30epochs;polytope;9;1;20;0.1;30;0.01;0.0;0.01;2000;1;False;0.7641;0.7085
model_cifar10_lr0.001_30epochs;polytope;9;1;20;0.1;30;0.01;0.0;0.01;2000;2;False;0.7641;0.7132
model_cifar10_lr0.001_30epochs;polytope;9;1;20;0.1;30;0.01;0.0;0.01;2000;3;False;0.7641;0.6655
model_cifar10_lr0.001_30epochs;polytope;9;1;20;0.1;30;0.01;0.0;0.01;2000;4;False;0.7641;0.6447
model_cifar10_lr0.001_30epochs;polytope;9;1;20;0.1;30;0.01;0.0;0.01;2000;5;False;0.7641;0.674
model_cifar10_lr0.001_30epochs;polytope;9;1;20;0.1;30;0.01;0.0;0.01;4000;1;False;0.7641;0.612
model_cifar10_lr0.001_30epochs;polytope;9;1;20;0.1;30;0.01;0.0;0.01;4000;2;False;0.7641;0.6695
model_cifar10_lr0.001_30epochs;polytope;9;1;20;0.1;30;0.01;0.0;0.01;4000;3;False;0.7641;0.674
model_cifar10_lr0.001_30epochs;polytope;9;1;20;0.1;30;0.01;0.0;0.01;4000;4;False;0.7641;0.7126
model_cifar10_lr0.001_30epochs;polytope;9;1;20;0.1;30;0.01;0.0;0.01;4000;5;False;0.7641;0.6782
model_cifar10_lr0.001_30epochs;polytope;9;1;20;0.1;30;0.01;0.2;0.01;2000;1;False;0.7641;0.7126
model_cifar10_lr0.001_30epochs;polytope;9;1;20;0.1;30;0.01;0.2;0.01;2000;2;False;0.7641;0.6812
model_cifar10_lr0.001_30epochs;polytope;9;1;20;0.1;30;0.01;0.2;0.01;2000;3;False;0.7641;0.6998
model_cifar10_lr0.001_30epochs;polytope;9;1;20;0.1;30;0.01;0.2;0.01;2000;4;False;0.7641;0.639
model_cifar10_lr0.001_30epochs;polytope;9;1;20;0.1;30;0.01;0.2;0.01;2000;5;False;0.7641;0.7102
model_cifar10_lr0.001_30epochs;polytope;9;1;20;0.1;30;0.01;0.2;0.01;4000;1;False;0.7641;0.6864
model_cifar10_lr0.001_30epochs;polytope;9;1;20;0.1;30;0.01;0.2;0.01;4000;2;False;0.7641;0.6753
model_cifar10_lr0.001_30epochs;polytope;9;1;20;0.1;30;0.01;0.2;0.01;4000;3;False;0.7641;0.6948
model_cifar10_lr0.001_30epochs;polytope;9;1;20;0.1;30;0.01;0.2;0.01;4000;4;False;0.7641;0.6986
model_cifar10_lr0.001_30epochs;polytope;9;1;20;0.1;30;0.01;0.2;0.01;4000;5;False;0.7641;0.6702
model_cifar10_lr0.001_30epochs;polytope;9;1;20;0.1;60;0.01;0.0;0.01;2000;1;False;0.7641;0.6896
model_cifar10_lr0.001_30epochs;polytope;9;1;20;0.1;60;0.01;0.0;0.01;2000;2;False;0.7641;0.6493
model_cifar10_lr0.001_30epochs;polytope;9;1;20;0.1;60;0.01;0.0;0.01;2000;3;False;0.7641;0.7048
model_cifar10_lr0.001_30epochs;polytope;9;1;20;0.1;60;0.01;0.0;0.01;2000;4;False;0.7641;0.6105
model_cifar10_lr0.001_30epochs;polytope;9;1;20;0.1;60;0.01;0.0;0.01;2000;5;False;0.7641;0.6847
model_cifar10_lr0.001_30epochs;polytope;9;1;20;0.1;60;0.01;0.0;0.01;4000;1;False;0.7641;0.6677
model_cifar10_lr0.001_30epochs;polytope;9;1;20;0.1;60;0.01;0.0;0.01;4000;2;False;0.7641;0.6974
model_cifar10_lr0.001_30epochs;polytope;9;1;20;0.1;60;0.01;0.0;0.01;4000;3;False;0.7641;0.7186
model_cifar10_lr0.001_30epochs;polytope;9;1;20;0.1;60;0.01;0.0;0.01;4000;4;False;0.7641;0.7074
model_cifar10_lr0.001_30epochs;polytope;9;1;20;0.1;60;0.01;0.0;0.01;4000;5;False;0.7641;0.6495
model_cifar10_lr0.001_30epochs;polytope;9;1;20;0.1;60;0.01;0.2;0.01;2000;1;False;0.7641;0.6563
model_cifar10_lr0.001_30epochs;polytope;9;1;20;0.1;60;0.01;0.2;0.01;2000;2;False;0.7641;0.7126
model_cifar10_lr0.001_30epochs;polytope;9;1;20;0.1;60;0.01;0.2;0.01;2000;3;False;0.7641;0.6593
model_cifar10_lr0.001_30epochs;polytope;9;1;20;0.1;60;0.01;0.2;0.01;2000;4;False;0.7641;0.6858
model_cifar10_lr0.001_30epochs;polytope;9;1;20;0.1;60;0.01;0.2;0.01;2000;5;False;0.7641;0.6642
model_cifar10_lr0.001_30epochs;polytope;9;1;20;0.1;60;0.01;0.2;0.01;4000;1;False;0.7641;0.6666
model_cifar10_lr0.001_30epochs;polytope;9;1;20;0.1;60;0.01;0.2;0.01;4000;2;False;0.7641;0.6552
model_cifar10_lr0.001_30epochs;polytope;9;1;20;0.1;60;0.01;0.2;0.01;4000;3;False;0.7641;0.6887
model_cifar10_lr0.001_30epochs;polytope;9;1;20;0.1;60;0.01;0.2;0.01;4000;4;False;0.7641;0.7007
model_cifar10_lr0.001_30epochs;polytope;9;1;20;0.1;60;0.01;0.2;0.01;4000;5;False;0.7641;0.6543
model_cifar10_lr0.001_30epochs;polytope;9;1;20;0.1;30;0.03;0.0;0.01;2000;1;False;0.7641;0.6928
model_cifar10_lr0.001_30epochs;polytope;9;1;20;0.1;30;0.03;0.0;0.01;2000;2;False;0.7641;0.682
model_cifar10_lr0.001_30epochs;polytope;9;1;20;0.1;30;0.03;0.0;0.01;2000;3;False;0.7641;0.6788
model_cifar10_lr0.001_30epochs;polytope;9;1;20;0.1;30;0.03;0.0;0.01;2000;4;False;0.7641;0.7168
model_cifar10_lr0.001_30epochs;polytope;9;1;20;0.1;30;0.03;0.0;0.01;2000;5;False;0.7641;0.651
model_cifar10_lr0.001_30epochs;polytope;9;1;20;0.1;30;0.03;0.0;0.01;4000;1;False;0.7641;0.6561
model_cifar10_lr0.001_30epochs;polytope;9;1;20;0.1;30;0.03;0.0;0.01;4000;2;False;0.7641;0.7007
model_cifar10_lr0.001_30epochs;polytope;9;1;20;0.1;30;0.03;0.0;0.01;4000;3;False;0.7641;0.6789
model_cifar10_lr0.001_30epochs;polytope;9;1;20;0.1;30;0.03;0.0;0.01;4000;4;False;0.7641;0.6968
model_cifar10_lr0.001_30epochs;polytope;9;1;20;0.1;30;0.03;0.0;0.01;4000;5;True;0.7641;0.6197
model_cifar10_lr0.001_30epochs;polytope;9;1;20;0.1;30;0.03;0.2;0.01;2000;1;False;0.7641;0.6559
model_cifar10_lr0.001_30epochs;polytope;9;1;20;0.1;30;0.03;0.2;0.01;2000;2;False;0.7641;0.6918
model_cifar10_lr0.001_30epochs;polytope;9;1;20;0.1;30;0.03;0.2;0.01;2000;3;True;0.7641;0.7226
model_cifar10_lr0.001_30epochs;polytope;9;1;20;0.1;30;0.03;0.2;0.01;2000;4;False;0.7641;0.6726
model_cifar10_lr0.001_30epochs;polytope;9;1;20;0.1;30;0.03;0.2;0.01;2000;5;False;0.7641;0.6875
model_cifar10_lr0.001_30epochs;polytope;9;1;20;0.1;30;0.03;0.2;0.01;4000;1;False;0.7641;0.6216
model_cifar10_lr0.001_30epochs;polytope;9;1;20;0.1;30;0.03;0.2;0.01;4000;2;False;0.7641;0.6945
model_cifar10_lr0.001_30epochs;polytope;9;1;20;0.1;30;0.03;0.2;0.01;4000;3;False;0.7641;0.6901
model_cifar10_lr0.001_30epochs;polytope;9;1;20;0.1;30;0.03;0.2;0.01;4000;4;True;0.7641;0.6988
model_cifar10_lr0.001_30epochs;polytope;9;1;20;0.1;30;0.03;0.2;0.01;4000;5;True;0.7641;0.7018
model_cifar10_lr0.001_30epochs;polytope;9;1;20;0.1;60;0.03;0.0;0.01;2000;1;False;0.7641;0.6796
model_cifar10_lr0.001_30epochs;polytope;9;1;20;0.1;60;0.03;0.0;0.01;2000;2;False;0.7641;0.6961
model_cifar10_lr0.001_30epochs;polytope;9;1;20;0.1;60;0.03;0.0;0.01;2000;3;False;0.7641;0.6896
model_cifar10_lr0.001_30epochs;polytope;9;1;20;0.1;60;0.03;0.0;0.01;2000;4;False;0.7641;0.7101
model_cifar10_lr0.001_30epochs;polytope;9;1;20;0.1;60;0.03;0.0;0.01;2000;5;False;0.7641;0.6658
model_cifar10_lr0.001_30epochs;polytope;9;1;20;0.1;60;0.03;0.0;0.01;4000;1;False;0.7641;0.6887
model_cifar10_lr0.001_30epochs;polytope;9;1;20;0.1;60;0.03;0.0;0.01;4000;2;False;0.7641;0.7043
model_cifar10_lr0.001_30epochs;polytope;9;1;20;0.1;60;0.03;0.0;0.01;4000;3;False;0.7641;0.6564
model_cifar10_lr0.001_30epochs;polytope;9;1;20;0.1;60;0.03;0.0;0.01;4000;4;False;0.7641;0.6778
model_cifar10_lr0.001_30epochs;polytope;9;1;20;0.1;60;0.03;0.0;0.01;4000;5;False;0.7641;0.6189
model_cifar10_lr0.001_30epochs;polytope;9;1;20;0.1;60;0.03;0.2;0.01;2000;1;False;0.7641;0.6713
model_cifar10_lr0.001_30epochs;polytope;9;1;20;0.1;60;0.03;0.2;0.01;2000;2;False;0.7641;0.6639
model_cifar10_lr0.001_30epochs;polytope;9;1;20;0.1;60;0.03;0.2;0.01;2000;3;False;0.7641;0.647
model_cifar10_lr0.001_30epochs;polytope;9;1;20;0.1;60;0.03;0.2;0.01;2000;4;False;0.7641;0.6713
model_cifar10_lr0.001_30epochs;polytope;9;1;20;0.1;60;0.03;0.2;0.01;2000;5;False;0.7641;0.6993
model_cifar10_lr0.001_30epochs;polytope;9;1;20;0.1;60;0.03;0.2;0.01;4000;1;False;0.7641;0.7014
model_cifar10_lr0.001_30epochs;polytope;9;1;20;0.1;60;0.03;0.2;0.01;4000;2;False;0.7641;0.6876
model_cifar10_lr0.001_30epochs;polytope;9;1;20;0.1;60;0.03;0.2;0.01;4000;3;False;0.7641;0.6985
model_cifar10_lr0.001_30epochs;polytope;9;1;20;0.1;60;0.03;0.2;0.01;4000;4;False;0.7641;0.7049
model_cifar10_lr0.001_30epochs;polytope;9;1;20;0.1;60;0.03;0.2;0.01;4000;5;False;0.7641;0.5971
model_cifar10_lr0.001_30epochs;polytope;9;1;20;0.1;30;0.05;0.0;0.01;2000;1;False;0.7641;0.7015
model_cifar10_lr0.001_30epochs;polytope;9;1;20;0.1;30;0.05;0.0;0.01;2000;2;False;0.7641;0.7148
model_cifar10_lr0.001_30epochs;polytope;9;1;20;0.1;30;0.05;0.0;0.01;2000;3;False;0.7641;0.6623
model_cifar10_lr0.001_30epochs;polytope;9;1;20;0.1;30;0.05;0.0;0.01;2000;4;False;0.7641;0.6833
model_cifar10_lr0.001_30epochs;polytope;9;1;20;0.1;30;0.05;0.0;0.01;2000;5;False;0.7641;0.6994
model_cifar10_lr0.001_30epochs;polytope;9;1;20;0.1;30;0.05;0.0;0.01;4000;1;False;0.7641;0.6626
model_cifar10_lr0.001_30epochs;polytope;9;1;20;0.1;30;0.05;0.0;0.01;4000;2;False;0.7641;0.6795
model_cifar10_lr0.001_30epochs;polytope;9;1;20;0.1;30;0.05;0.0;0.01;4000;3;False;0.7641;0.7101
model_cifar10_lr0.001_30epochs;polytope;9;1;20;0.1;30;0.05;0.0;0.01;4000;4;False;0.7641;0.682
model_cifar10_lr0.001_30epochs;polytope;9;1;20;0.1;30;0.05;0.0;0.01;4000;5;False;0.7641;0.6039
model_cifar10_lr0.001_30epochs;polytope;9;1;20;0.1;30;0.05;0.2;0.01;2000;1;False;0.7641;0.6722
model_cifar10_lr0.001_30epochs;polytope;9;1;20;0.1;30;0.05;0.2;0.01;2000;2;False;0.7641;0.7103
model_cifar10_lr0.001_30epochs;polytope;9;1;20;0.1;30;0.05;0.2;0.01;2000;3;False;0.7641;0.6331
model_cifar10_lr0.001_30epochs;polytope;9;1;20;0.1;30;0.05;0.2;0.01;2000;4;False;0.7641;0.6964
model_cifar10_lr0.001_30epochs;polytope;9;1;20;0.1;30;0.05;0.2;0.01;2000;5;False;0.7641;0.6852
model_cifar10_lr0.001_30epochs;polytope;9;1;20;0.1;30;0.05;0.2;0.01;4000;1;False;0.7641;0.6544
model_cifar10_lr0.001_30epochs;polytope;9;1;20;0.1;30;0.05;0.2;0.01;4000;2;False;0.7641;0.6823
model_cifar10_lr0.001_30epochs;polytope;9;1;20;0.1;30;0.05;0.2;0.01;4000;3;False;0.7641;0.6696
model_cifar10_lr0.001_30epochs;polytope;9;1;20;0.1;30;0.05;0.2;0.01;4000;4;True;0.7641;0.7068
model_cifar10_lr0.001_30epochs;polytope;9;1;20;0.1;30;0.05;0.2;0.01;4000;5;False;0.7641;0.664
model_cifar10_lr0.001_30epochs;polytope;9;1;20;0.1;60;0.05;0.0;0.01;2000;1;False;0.7641;0.702
model_cifar10_lr0.001_30epochs;polytope;9;1;20;0.1;60;0.05;0.0;0.01;2000;2;False;0.7641;0.7079
model_cifar10_lr0.001_30epochs;polytope;9;1;20;0.1;60;0.05;0.0;0.01;2000;3;False;0.7641;0.6257
model_cifar10_lr0.001_30epochs;polytope;9;1;20;0.1;60;0.05;0.0;0.01;2000;4;False;0.7641;0.6141
model_cifar10_lr0.001_30epochs;polytope;9;1;20;0.1;60;0.05;0.0;0.01;2000;5;False;0.7641;0.7102
model_cifar10_lr0.001_30epochs;polytope;9;1;20;0.1;60;0.05;0.0;0.01;4000;1;False;0.7641;0.6579
model_cifar10_lr0.001_30epochs;polytope;9;1;20;0.1;60;0.05;0.0;0.01;4000;2;False;0.7641;0.6738
model_cifar10_lr0.001_30epochs;polytope;9;1;20;0.1;60;0.05;0.0;0.01;4000;3;False;0.7641;0.6629
model_cifar10_lr0.001_30epochs;polytope;9;1;20;0.1;60;0.05;0.0;0.01;4000;4;False;0.7641;0.7151
model_cifar10_lr0.001_30epochs;polytope;9;1;20;0.1;60;0.05;0.0;0.01;4000;5;False;0.7641;0.6279
model_cifar10_lr0.001_30epochs;polytope;9;1;20;0.1;60;0.05;0.2;0.01;2000;1;False;0.7641;0.6806
model_cifar10_lr0.001_30epochs;polytope;9;1;20;0.1;60;0.05;0.2;0.01;2000;2;False;0.7641;0.6915
model_cifar10_lr0.001_30epochs;polytope;9;1;20;0.1;60;0.05;0.2;0.01;2000;3;False;0.7641;0.6522
model_cifar10_lr0.001_30epochs;polytope;9;1;20;0.1;60;0.05;0.2;0.01;2000;4;False;0.7641;0.6535
model_cifar10_lr0.001_30epochs;polytope;9;1;20;0.1;60;0.05;0.2;0.01;2000;5;False;0.7641;0.6904
model_cifar10_lr0.001_30epochs;polytope;9;1;20;0.1;60;0.05;0.2;0.01;4000;1;False;0.7641;0.7007
model_cifar10_lr0.001_30epochs;polytope;9;1;20;0.1;60;0.05;0.2;0.01;4000;2;False;0.7641;0.681
model_cifar10_lr0.001_30epochs;polytope;9;1;20;0.1;60;0.05;0.2;0.01;4000;3;False;0.7641;0.684
model_cifar10_lr0.001_30epochs;polytope;9;1;20;0.1;60;0.05;0.2;0.01;4000;4;False;0.7641;0.7015
model_cifar10_lr0.001_30epochs;polytope;9;1;20;0.1;60;0.05;0.2;0.01;4000;5;False;0.7641;0.6801
model_cifar10_lr0.001_30epochs;polytope;7;4;20;0.1;30;0.01;0.0;0.01;2000;1;False;0.7641;0.7047
model_cifar10_lr0.001_30epochs;polytope;7;4;20;0.1;30;0.01;0.0;0.01;2000;2;False;0.7641;0.698
model_cifar10_lr0.001_30epochs;polytope;7;4;20;0.1;30;0.01;0.0;0.01;2000;3;False;0.7641;0.6467
model_cifar10_lr0.001_30epochs;polytope;7;4;20;0.1;30;0.01;0.0;0.01;2000;4;False;0.7641;0.6974
model_cifar10_lr0.001_30epochs;polytope;7;4;20;0.1;30;0.01;0.0;0.01;2000;5;False;0.7641;0.6808
model_cifar10_lr0.001_30epochs;polytope;7;4;20;0.1;30;0.01;0.0;0.01;4000;1;False;0.7641;0.6941
model_cifar10_lr0.001_30epochs;polytope;7;4;20;0.1;30;0.01;0.0;0.01;4000;2;False;0.7641;0.6885
model_cifar10_lr0.001_30epochs;polytope;7;4;20;0.1;30;0.01;0.0;0.01;4000;3;False;0.7641;0.6484
model_cifar10_lr0.001_30epochs;polytope;7;4;20;0.1;30;0.01;0.0;0.01;4000;4;False;0.7641;0.6478
model_cifar10_lr0.001_30epochs;polytope;7;4;20;0.1;30;0.01;0.0;0.01;4000;5;False;0.7641;0.6763
model_cifar10_lr0.001_30epochs;polytope;7;4;20;0.1;30;0.01;0.2;0.01;2000;1;False;0.7641;0.7135
model_cifar10_lr0.001_30epochs;polytope;7;4;20;0.1;30;0.01;0.2;0.01;2000;2;False;0.7641;0.7092
model_cifar10_lr0.001_30epochs;polytope;7;4;20;0.1;30;0.01;0.2;0.01;2000;3;False;0.7641;0.694
model_cifar10_lr0.001_30epochs;polytope;7;4;20;0.1;30;0.01;0.2;0.01;2000;4;False;0.7641;0.6851
model_cifar10_lr0.001_30epochs;polytope;7;4;20;0.1;30;0.01;0.2;0.01;2000;5;False;0.7641;0.6324
model_cifar10_lr0.001_30epochs;polytope;7;4;20;0.1;30;0.01;0.2;0.01;4000;1;False;0.7641;0.7147
model_cifar10_lr0.001_30epochs;polytope;7;4;20;0.1;30;0.01;0.2;0.01;4000;2;False;0.7641;0.6993
model_cifar10_lr0.001_30epochs;polytope;7;4;20;0.1;30;0.01;0.2;0.01;4000;3;False;0.7641;0.7115
model_cifar10_lr0.001_30epochs;polytope;7;4;20;0.1;30;0.01;0.2;0.01;4000;4;True;0.7641;0.6714
model_cifar10_lr0.001_30epochs;polytope;7;4;20;0.1;30;0.01;0.2;0.01;4000;5;False;0.7641;0.6854
model_cifar10_lr0.001_30epochs;polytope;7;4;20;0.1;60;0.01;0.0;0.01;2000;1;False;0.7641;0.6791
model_cifar10_lr0.001_30epochs;polytope;7;4;20;0.1;60;0.01;0.0;0.01;2000;2;False;0.7641;0.6971
model_cifar10_lr0.001_30epochs;polytope;7;4;20;0.1;60;0.01;0.0;0.01;2000;3;False;0.7641;0.7232
model_cifar10_lr0.001_30epochs;polytope;7;4;20;0.1;60;0.01;0.0;0.01;2000;4;False;0.7641;0.7168
model_cifar10_lr0.001_30epochs;polytope;7;4;20;0.1;60;0.01;0.0;0.01;2000;5;False;0.7641;0.703
model_cifar10_lr0.001_30epochs;polytope;7;4;20;0.1;60;0.01;0.0;0.01;4000;1;False;0.7641;0.6848
model_cifar10_lr0.001_30epochs;polytope;7;4;20;0.1;60;0.01;0.0;0.01;4000;2;False;0.7641;0.6497
model_cifar10_lr0.001_30epochs;polytope;7;4;20;0.1;60;0.01;0.0;0.01;4000;3;False;0.7641;0.7127
model_cifar10_lr0.001_30epochs;polytope;7;4;20;0.1;60;0.01;0.0;0.01;4000;4;False;0.7641;0.723
model_cifar10_lr0.001_30epochs;polytope;7;4;20;0.1;60;0.01;0.0;0.01;4000;5;False;0.7641;0.6624
model_cifar10_lr0.001_30epochs;polytope;7;4;20;0.1;60;0.01;0.2;0.01;2000;1;False;0.7641;0.7152
model_cifar10_lr0.001_30epochs;polytope;7;4;20;0.1;60;0.01;0.2;0.01;2000;2;False;0.7641;0.7243
model_cifar10_lr0.001_30epochs;polytope;7;4;20;0.1;60;0.01;0.2;0.01;2000;3;False;0.7641;0.7083
model_cifar10_lr0.001_30epochs;polytope;7;4;20;0.1;60;0.01;0.2;0.01;2000;4;False;0.7641;0.7073
model_cifar10_lr0.001_30epochs;polytope;7;4;20;0.1;60;0.01;0.2;0.01;2000;5;False;0.7641;0.6974
model_cifar10_lr0.001_30epochs;polytope;7;4;20;0.1;60;0.01;0.2;0.01;4000;1;False;0.7641;0.6969
model_cifar10_lr0.001_30epochs;polytope;7;4;20;0.1;60;0.01;0.2;0.01;4000;2;False;0.7641;0.6705
model_cifar10_lr0.001_30epochs;polytope;7;4;20;0.1;60;0.01;0.2;0.01;4000;3;False;0.7641;0.6849
model_cifar10_lr0.001_30epochs;polytope;7;4;20;0.1;60;0.01;0.2;0.01;4000;4;False;0.7641;0.7072
model_cifar10_lr0.001_30epochs;polytope;7;4;20;0.1;60;0.01;0.2;0.01;4000;5;False;0.7641;0.6829
model_cifar10_lr0.001_30epochs;polytope;7;4;20;0.1;30;0.03;0.0;0.01;2000;1;True;0.7641;0.6578
model_cifar10_lr0.001_30epochs;polytope;7;4;20;0.1;30;0.03;0.0;0.01;2000;2;False;0.7641;0.711
model_cifar10_lr0.001_30epochs;polytope;7;4;20;0.1;30;0.03;0.0;0.01;2000;3;False;0.7641;0.6973
model_cifar10_lr0.001_30epochs;polytope;7;4;20;0.1;30;0.03;0.0;0.01;2000;4;False;0.7641;0.6868
model_cifar10_lr0.001_30epochs;polytope;7;4;20;0.1;30;0.03;0.0;0.01;2000;5;False;0.7641;0.6735
model_cifar10_lr0.001_30epochs;polytope;7;4;20;0.1;30;0.03;0.0;0.01;4000;1;False;0.7641;0.6753
model_cifar10_lr0.001_30epochs;polytope;7;4;20;0.1;30;0.03;0.0;0.01;4000;2;False;0.7641;0.6441
model_cifar10_lr0.001_30epochs;polytope;7;4;20;0.1;30;0.03;0.0;0.01;4000;3;False;0.7641;0.687
model_cifar10_lr0.001_30epochs;polytope;7;4;20;0.1;30;0.03;0.0;0.01;4000;4;False;0.7641;0.6883
model_cifar10_lr0.001_30epochs;polytope;7;4;20;0.1;30;0.03;0.0;0.01;4000;5;False;0.7641;0.6754
model_cifar10_lr0.001_30epochs;polytope;7;4;20;0.1;30;0.03;0.2;0.01;2000;1;False;0.7641;0.7003
model_cifar10_lr0.001_30epochs;polytope;7;4;20;0.1;30;0.03;0.2;0.01;2000;2;False;0.7641;0.677
model_cifar10_lr0.001_30epochs;polytope;7;4;20;0.1;30;0.03;0.2;0.01;2000;3;False;0.7641;0.6969
model_cifar10_lr0.001_30epochs;polytope;7;4;20;0.1;30;0.03;0.2;0.01;2000;4;False;0.7641;0.6802
model_cifar10_lr0.001_30epochs;polytope;7;4;20;0.1;30;0.03;0.2;0.01;2000;5;False;0.7641;0.689
model_cifar10_lr0.001_30epochs;polytope;7;4;20;0.1;30;0.03;0.2;0.01;4000;1;False;0.7641;0.6866
model_cifar10_lr0.001_30epochs;polytope;7;4;20;0.1;30;0.03;0.2;0.01;4000;2;True;0.7641;0.7116
model_cifar10_lr0.001_30epochs;polytope;7;4;20;0.1;30;0.03;0.2;0.01;4000;3;False;0.7641;0.6752
model_cifar10_lr0.001_30epochs;polytope;7;4;20;0.1;30;0.03;0.2;0.01;4000;4;False;0.7641;0.685
model_cifar10_lr0.001_30epochs;polytope;7;4;20;0.1;30;0.03;0.2;0.01;4000;5;False;0.7641;0.6943
model_cifar10_lr0.001_30epochs;polytope;7;4;20;0.1;60;0.03;0.0;0.01;2000;1;False;0.7641;0.6725
model_cifar10_lr0.001_30epochs;polytope;7;4;20;0.1;60;0.03;0.0;0.01;2000;2;False;0.7641;0.6931
model_cifar10_lr0.001_30epochs;polytope;7;4;20;0.1;60;0.03;0.0;0.01;2000;3;False;0.7641;0.6904
model_cifar10_lr0.001_30epochs;polytope;7;4;20;0.1;60;0.03;0.0;0.01;2000;4;True;0.7641;0.6579
model_cifar10_lr0.001_30epochs;polytope;7;4;20;0.1;60;0.03;0.0;0.01;2000;5;True;0.7641;0.691
model_cifar10_lr0.001_30epochs;polytope;7;4;20;0.1;60;0.03;0.0;0.01;4000;1;False;0.7641;0.7121
model_cifar10_lr0.001_30epochs;polytope;7;4;20;0.1;60;0.03;0.0;0.01;4000;2;False;0.7641;0.6697
model_cifar10_lr0.001_30epochs;polytope;7;4;20;0.1;60;0.03;0.0;0.01;4000;3;False;0.7641;0.6921
model_cifar10_lr0.001_30epochs;polytope;7;4;20;0.1;60;0.03;0.0;0.01;4000;4;False;0.7641;0.714
model_cifar10_lr0.001_30epochs;polytope;7;4;20;0.1;60;0.03;0.0;0.01;4000;5;False;0.7641;0.6423
model_cifar10_lr0.001_30epochs;polytope;7;4;20;0.1;60;0.03;0.2;0.01;2000;1;False;0.7641;0.679
model_cifar10_lr0.001_30epochs;polytope;7;4;20;0.1;60;0.03;0.2;0.01;2000;2;False;0.7641;0.7041
model_cifar10_lr0.001_30epochs;polytope;7;4;20;0.1;60;0.03;0.2;0.01;2000;3;False;0.7641;0.7152
model_cifar10_lr0.001_30epochs;polytope;7;4;20;0.1;60;0.03;0.2;0.01;2000;4;False;0.7641;0.7174
model_cifar10_lr0.001_30epochs;polytope;7;4;20;0.1;60;0.03;0.2;0.01;2000;5;True;0.7641;0.6921
model_cifar10_lr0.001_30epochs;polytope;7;4;20;0.1;60;0.03;0.2;0.01;4000;1;False;0.7641;0.6448
model_cifar10_lr0.001_30epochs;polytope;7;4;20;0.1;60;0.03;0.2;0.01;4000;2;False;0.7641;0.6727
model_cifar10_lr0.001_30epochs;polytope;7;4;20;0.1;60;0.03;0.2;0.01;4000;3;False;0.7641;0.6733
model_cifar10_lr0.001_30epochs;polytope;7;4;20;0.1;60;0.03;0.2;0.01;4000;4;False;0.7641;0.6736
model_cifar10_lr0.001_30epochs;polytope;7;4;20;0.1;60;0.03;0.2;0.01;4000;5;False;0.7641;0.6994
model_cifar10_lr0.001_30epochs;polytope;7;4;20;0.1;30;0.05;0.0;0.01;2000;1;False;0.7641;0.6856
model_cifar10_lr0.001_30epochs;polytope;7;4;20;0.1;30;0.05;0.0;0.01;2000;2;False;0.7641;0.6465
model_cifar10_lr0.001_30epochs;polytope;7;4;20;0.1;30;0.05;0.0;0.01;2000;3;False;0.7641;0.6608
model_cifar10_lr0.001_30epochs;polytope;7;4;20;0.1;30;0.05;0.0;0.01;2000;4;True;0.7641;0.6277
model_cifar10_lr0.001_30epochs;polytope;7;4;20;0.1;30;0.05;0.0;0.01;2000;5;False;0.7641;0.7203
model_cifar10_lr0.001_30epochs;polytope;7;4;20;0.1;30;0.05;0.0;0.01;4000;1;True;0.7641;0.6581
model_cifar10_lr0.001_30epochs;polytope;7;4;20;0.1;30;0.05;0.0;0.01;4000;2;True;0.7641;0.6421
model_cifar10_lr0.001_30epochs;polytope;7;4;20;0.1;30;0.05;0.0;0.01;4000;3;False;0.7641;0.7089
model_cifar10_lr0.001_30epochs;polytope;7;4;20;0.1;30;0.05;0.0;0.01;4000;4;False;0.7641;0.6874
model_cifar10_lr0.001_30epochs;polytope;7;4;20;0.1;30;0.05;0.0;0.01;4000;5;False;0.7641;0.6867
model_cifar10_lr0.001_30epochs;polytope;7;4;20;0.1;30;0.05;0.2;0.01;2000;1;False;0.7641;0.6953
model_cifar10_lr0.001_30epochs;polytope;7;4;20;0.1;30;0.05;0.2;0.01;2000;2;True;0.7641;0.6501
model_cifar10_lr0.001_30epochs;polytope;7;4;20;0.1;30;0.05;0.2;0.01;2000;3;False;0.7641;0.7078
model_cifar10_lr0.001_30epochs;polytope;7;4;20;0.1;30;0.05;0.2;0.01;2000;4;False;0.7641;0.6867
model_cifar10_lr0.001_30epochs;polytope;7;4;20;0.1;30;0.05;0.2;0.01;2000;5;False;0.7641;0.7059
model_cifar10_lr0.001_30epochs;polytope;7;4;20;0.1;30;0.05;0.2;0.01;4000;1;False;0.7641;0.6498
model_cifar10_lr0.001_30epochs;polytope;7;4;20;0.1;30;0.05;0.2;0.01;4000;2;False;0.7641;0.6595
model_cifar10_lr0.001_30epochs;polytope;7;4;20;0.1;30;0.05;0.2;0.01;4000;3;False;0.7641;0.6567
model_cifar10_lr0.001_30epochs;polytope;7;4;20;0.1;30;0.05;0.2;0.01;4000;4;False;0.7641;0.6992
model_cifar10_lr0.001_30epochs;polytope;7;4;20;0.1;30;0.05;0.2;0.01;4000;5;False;0.7641;0.6828
model_cifar10_lr0.001_30epochs;polytope;7;4;20;0.1;60;0.05;0.0;0.01;2000;1;False;0.7641;0.677
model_cifar10_lr0.001_30epochs;polytope;7;4;20;0.1;60;0.05;0.0;0.01;2000;2;False;0.7641;0.6667
model_cifar10_lr0.001_30epochs;polytope;7;4;20;0.1;60;0.05;0.0;0.01;2000;3;False;0.7641;0.702
model_cifar10_lr0.001_30epochs;polytope;7;4;20;0.1;60;0.05;0.0;0.01;2000;4;False;0.7641;0.6303
model_cifar10_lr0.001_30epochs;polytope;7;4;20;0.1;60;0.05;0.0;0.01;2000;5;False;0.7641;0.6423
model_cifar10_lr0.001_30epochs;polytope;7;4;20;0.1;60;0.05;0.0;0.01;4000;1;False;0.7641;0.7146
model_cifar10_lr0.001_30epochs;polytope;7;4;20;0.1;60;0.05;0.0;0.01;4000;2;False;0.7641;0.6815
model_cifar10_lr0.001_30epochs;polytope;7;4;20;0.1;60;0.05;0.0;0.01;4000;3;False;0.7641;0.6787
model_cifar10_lr0.001_30epochs;polytope;7;4;20;0.1;60;0.05;0.0;0.01;4000;4;False;0.7641;0.6628
model_cifar10_lr0.001_30epochs;polytope;7;4;20;0.1;60;0.05;0.0;0.01;4000;5;True;0.7641;0.6755
model_cifar10_lr0.001_30epochs;polytope;7;4;20;0.1;60;0.05;0.2;0.01;2000;1;False;0.7641;0.6751
model_cifar10_lr0.001_30epochs;polytope;7;4;20;0.1;60;0.05;0.2;0.01;2000;2;False;0.7641;0.6788
model_cifar10_lr0.001_30epochs;polytope;7;4;20;0.1;60;0.05;0.2;0.01;2000;3;False;0.7641;0.6748
model_cifar10_lr0.001_30epochs;polytope;7;4;20;0.1;60;0.05;0.2;0.01;2000;4;False;0.7641;0.6759
model_cifar10_lr0.001_30epochs;polytope;7;4;20;0.1;60;0.05;0.2;0.01;2000;5;False;0.7641;0.6898
model_cifar10_lr0.001_30epochs;polytope;7;4;20;0.1;60;0.05;0.2;0.01;4000;1;False;0.7641;0.6736
model_cifar10_lr0.001_30epochs;polytope;7;4;20;0.1;60;0.05;0.2;0.01;4000;2;False;0.7641;0.6821
model_cifar10_lr0.001_30epochs;polytope;7;4;20;0.1;60;0.05;0.2;0.01;4000;3;False;0.7641;0.6736
model_cifar10_lr0.001_30epochs;polytope;7;4;20;0.1;60;0.05;0.2;0.01;4000;4;False;0.7641;0.6672
model_cifar10_lr0.001_30epochs;polytope;7;4;20;0.1;60;0.05;0.2;0.01;4000;5;False;0.7641;0.693
model_cifar10_lr0.001_30epochs;gradient;2;0;20;0.1;30;0.01;0.0;0.01;2000;1;True;0.7641;0.6544
model_cifar10_lr0.001_30epochs;gradient;2;0;20;0.1;30;0.01;0.0;0.01;2000;2;True;0.7641;0.6819
model_cifar10_lr0.001_30epochs;gradient;2;0;20;0.1;30;0.01;0.0;0.01;2000;3;True;0.7641;0.6818
model_cifar10_lr0.001_30epochs;gradient;2;0;20;0.1;30;0.01;0.0;0.01;2000;4;True;0.7641;0.7017
model_cifar10_lr0.001_30epochs;gradient;2;0;20;0.1;30;0.01;0.0;0.01;2000;5;False;0.7641;0.6923
model_cifar10_lr0.001_30epochs;gradient;2;0;20;0.1;30;0.01;0.0;0.01;4000;1;False;0.7641;0.7147
model_cifar10_lr0.001_30epochs;gradient;2;0;20;0.1;30;0.01;0.0;0.01;4000;2;True;0.7641;0.6531
model_cifar10_lr0.001_30epochs;gradient;2;0;20;0.1;30;0.01;0.0;0.01;4000;3;True;0.7641;0.6987
model_cifar10_lr0.001_30epochs;gradient;2;0;20;0.1;30;0.01;0.0;0.01;4000;4;False;0.7641;0.7021
model_cifar10_lr0.001_30epochs;gradient;2;0;20;0.1;30;0.01;0.0;0.01;4000;5;False;0.7641;0.7192
model_cifar10_lr0.001_30epochs;gradient;2;0;20;0.1;30;0.01;0.2;0.01;2000;1;False;0.7641;0.6925
model_cifar10_lr0.001_30epochs;gradient;2;0;20;0.1;30;0.01;0.2;0.01;2000;2;True;0.7641;0.6534
model_cifar10_lr0.001_30epochs;gradient;2;0;20;0.1;30;0.01;0.2;0.01;2000;3;False;0.7641;0.7123
model_cifar10_lr0.001_30epochs;gradient;2;0;20;0.1;30;0.01;0.2;0.01;2000;4;False;0.7641;0.6825
model_cifar10_lr0.001_30epochs;gradient;2;0;20;0.1;30;0.01;0.2;0.01;2000;5;False;0.7641;0.6432
model_cifar10_lr0.001_30epochs;gradient;2;0;20;0.1;30;0.01;0.2;0.01;4000;1;False;0.7641;0.6909
model_cifar10_lr0.001_30epochs;gradient;2;0;20;0.1;30;0.01;0.2;0.01;4000;2;True;0.7641;0.6976
model_cifar10_lr0.001_30epochs;gradient;2;0;20;0.1;30;0.01;0.2;0.01;4000;3;False;0.7641;0.6597
model_cifar10_lr0.001_30epochs;gradient;2;0;20;0.1;30;0.01;0.2;0.01;4000;4;True;0.7641;0.6975
model_cifar10_lr0.001_30epochs;gradient;2;0;20;0.1;30;0.01;0.2;0.01;4000;5;True;0.7641;0.7113
model_cifar10_lr0.001_30epochs;gradient;2;0;20;0.1;60;0.01;0.0;0.01;2000;1;True;0.7641;0.6875
model_cifar10_lr0.001_30epochs;gradient;2;0;20;0.1;60;0.01;0.0;0.01;2000;2;False;0.7641;0.6917
model_cifar10_lr0.001_30epochs;gradient;2;0;20;0.1;60;0.01;0.0;0.01;2000;3;False;0.7641;0.674
model_cifar10_lr0.001_30epochs;gradient;2;0;20;0.1;60;0.01;0.0;0.01;2000;4;False;0.7641;0.7005
model_cifar10_lr0.001_30epochs;gradient;2;0;20;0.1;60;0.01;0.0;0.01;2000;5;True;0.7641;0.7204
model_cifar10_lr0.001_30epochs;gradient;2;0;20;0.1;60;0.01;0.0;0.01;4000;1;True;0.7641;0.629
model_cifar10_lr0.001_30epochs;gradient;2;0;20;0.1;60;0.01;0.0;0.01;4000;2;True;0.7641;0.6866
model_cifar10_lr0.001_30epochs;gradient;2;0;20;0.1;60;0.01;0.0;0.01;4000;3;False;0.7641;0.6678
model_cifar10_lr0.001_30epochs;gradient;2;0;20;0.1;60;0.01;0.0;0.01;4000;4;True;0.7641;0.7119
model_cifar10_lr0.001_30epochs;gradient;2;0;20;0.1;60;0.01;0.0;0.01;4000;5;True;0.7641;0.6469
model_cifar10_lr0.001_30epochs;gradient;2;0;20;0.1;60;0.01;0.2;0.01;2000;1;True;0.7641;0.719
model_cifar10_lr0.001_30epochs;gradient;2;0;20;0.1;60;0.01;0.2;0.01;2000;2;True;0.7641;0.6876
model_cifar10_lr0.001_30epochs;gradient;2;0;20;0.1;60;0.01;0.2;0.01;2000;3;True;0.7641;0.6809
model_cifar10_lr0.001_30epochs;gradient;2;0;20;0.1;60;0.01;0.2;0.01;2000;4;False;0.7641;0.6568
model_cifar10_lr0.001_30epochs;gradient;2;0;20;0.1;60;0.01;0.2;0.01;2000;5;False;0.7641;0.6772
model_cifar10_lr0.001_30epochs;gradient;2;0;20;0.1;60;0.01;0.2;0.01;4000;1;True;0.7641;0.6996
model_cifar10_lr0.001_30epochs;gradient;2;0;20;0.1;60;0.01;0.2;0.01;4000;2;True;0.7641;0.7078
model_cifar10_lr0.001_30epochs;gradient;2;0;20;0.1;60;0.01;0.2;0.01;4000;3;False;0.7641;0.6803
model_cifar10_lr0.001_30epochs;gradient;2;0;20;0.1;60;0.01;0.2;0.01;4000;4;False;0.7641;0.6844
model_cifar10_lr0.001_30epochs;gradient;2;0;20;0.1;60;0.01;0.2;0.01;4000;5;False;0.7641;0.7258
model_cifar10_lr0.001_30epochs;gradient;2;0;20;0.1;30;0.03;0.0;0.01;2000;1;False;0.7641;0.7227
model_cifar10_lr0.001_30epochs;gradient;2;0;20;0.1;30;0.03;0.0;0.01;2000;2;True;0.7641;0.7098
model_cifar10_lr0.001_30epochs;gradient;2;0;20;0.1;30;0.03;0.0;0.01;2000;3;False;0.7641;0.6465
model_cifar10_lr0.001_30epochs;gradient;2;0;20;0.1;30;0.03;0.0;0.01;2000;4;False;0.7641;0.6995
model_cifar10_lr0.001_30epochs;gradient;2;0;20;0.1;30;0.03;0.0;0.01;2000;5;False;0.7641;0.683
model_cifar10_lr0.001_30epochs;gradient;2;0;20;0.1;30;0.03;0.0;0.01;4000;1;True;0.7641;0.675
model_cifar10_lr0.001_30epochs;gradient;2;0;20;0.1;30;0.03;0.0;0.01;4000;2;False;0.7641;0.693
model_cifar10_lr0.001_30epochs;gradient;2;0;20;0.1;30;0.03;0.0;0.01;4000;3;True;0.7641;0.6997
model_cifar10_lr0.001_30epochs;gradient;2;0;20;0.1;30;0.03;0.0;0.01;4000;4;True;0.7641;0.6982
model_cifar10_lr0.001_30epochs;gradient;2;0;20;0.1;30;0.03;0.0;0.01;4000;5;True;0.7641;0.6735
model_cifar10_lr0.001_30epochs;gradient;2;0;20;0.1;30;0.03;0.2;0.01;2000;1;True;0.7641;0.6921
model_cifar10_lr0.001_30epochs;gradient;2;0;20;0.1;30;0.03;0.2;0.01;2000;2;False;0.7641;0.6539
model_cifar10_lr0.001_30epochs;gradient;2;0;20;0.1;30;0.03;0.2;0.01;2000;3;False;0.7641;0.6531
model_cifar10_lr0.001_30epochs;gradient;2;0;20;0.1;30;0.03;0.2;0.01;2000;4;False;0.7641;0.7172
model_cifar10_lr0.001_30epochs;gradient;2;0;20;0.1;30;0.03;0.2;0.01;2000;5;False;0.7641;0.6548
model_cifar10_lr0.001_30epochs;gradient;2;0;20;0.1;30;0.03;0.2;0.01;4000;1;True;0.7641;0.7165
model_cifar10_lr0.001_30epochs;gradient;2;0;20;0.1;30;0.03;0.2;0.01;4000;2;False;0.7641;0.6542
model_cifar10_lr0.001_30epochs;gradient;2;0;20;0.1;30;0.03;0.2;0.01;4000;3;False;0.7641;0.6925
model_cifar10_lr0.001_30epochs;gradient;2;0;20;0.1;30;0.03;0.2;0.01;4000;4;False;0.7641;0.6954
model_cifar10_lr0.001_30epochs;gradient;2;0;20;0.1;30;0.03;0.2;0.01;4000;5;False;0.7641;0.6981
model_cifar10_lr0.001_30epochs;gradient;2;0;20;0.1;60;0.03;0.0;0.01;2000;1;False;0.7641;0.6886
model_cifar10_lr0.001_30epochs;gradient;2;0;20;0.1;60;0.03;0.0;0.01;2000;2;True;0.7641;0.7153
model_cifar10_lr0.001_30epochs;gradient;2;0;20;0.1;60;0.03;0.0;0.01;2000;3;True;0.7641;0.7066
model_cifar10_lr0.001_30epochs;gradient;2;0;20;0.1;60;0.03;0.0;0.01;2000;4;True;0.7641;0.6923
model_cifar10_lr0.001_30epochs;gradient;2;0;20;0.1;60;0.03;0.0;0.01;2000;5;True;0.7641;0.6966
model_cifar10_lr0.001_30epochs;gradient;2;0;20;0.1;60;0.03;0.0;0.01;4000;1;False;0.7641;0.6615
model_cifar10_lr0.001_30epochs;gradient;2;0;20;0.1;60;0.03;0.0;0.01;4000;2;True;0.7641;0.6638
model_cifar10_lr0.001_30epochs;gradient;2;0;20;0.1;60;0.03;0.0;0.01;4000;3;False;0.7641;0.6736
model_cifar10_lr0.001_30epochs;gradient;2;0;20;0.1;60;0.03;0.0;0.01;4000;4;True;0.7641;0.695
model_cifar10_lr0.001_30epochs;gradient;2;0;20;0.1;60;0.03;0.0;0.01;4000;5;False;0.7641;0.7098
model_cifar10_lr0.001_30epochs;gradient;2;0;20;0.1;60;0.03;0.2;0.01;2000;1;True;0.7641;0.715
model_cifar10_lr0.001_30epochs;gradient;2;0;20;0.1;60;0.03;0.2;0.01;2000;2;True;0.7641;0.7173
model_cifar10_lr0.001_30epochs;gradient;2;0;20;0.1;60;0.03;0.2;0.01;2000;3;False;0.7641;0.6922
model_cifar10_lr0.001_30epochs;gradient;2;0;20;0.1;60;0.03;0.2;0.01;2000;4;False;0.7641;0.6703
model_cifar10_lr0.001_30epochs;gradient;2;0;20;0.1;60;0.03;0.2;0.01;2000;5;True;0.7641;0.7093
model_cifar10_lr0.001_30epochs;gradient;2;0;20;0.1;60;0.03;0.2;0.01;4000;1;True;0.7641;0.7014
model_cifar10_lr0.001_30epochs;gradient;2;0;20;0.1;60;0.03;0.2;0.01;4000;2;True;0.7641;0.7217
model_cifar10_lr0.001_30epochs;gradient;2;0;20;0.1;60;0.03;0.2;0.01;4000;3;True;0.7641;0.6997
model_cifar10_lr0.001_30epochs;gradient;2;0;20;0.1;60;0.03;0.2;0.01;4000;4;False;0.7641;0.721
model_cifar10_lr0.001_30epochs;gradient;2;0;20;0.1;60;0.03;0.2;0.01;4000;5;False;0.7641;0.6454
model_cifar10_lr0.001_30epochs;gradient;2;0;20;0.1;30;0.05;0.0;0.01;2000;1;False;0.7641;0.6989
model_cifar10_lr0.001_30epochs;gradient;2;0;20;0.1;30;0.05;0.0;0.01;2000;2;False;0.7641;0.6796
model_cifar10_lr0.001_30epochs;gradient;2;0;20;0.1;30;0.05;0.0;0.01;2000;3;True;0.7641;0.7019
model_cifar10_lr0.001_30epochs;gradient;2;0;20;0.1;30;0.05;0.0;0.01;2000;4;False;0.7641;0.6677
model_cifar10_lr0.001_30epochs;gradient;2;0;20;0.1;30;0.05;0.0;0.01;2000;5;True;0.7641;0.6884
model_cifar10_lr0.001_30epochs;gradient;2;0;20;0.1;30;0.05;0.0;0.01;4000;1;True;0.7641;0.6334
model_cifar10_lr0.001_30epochs;gradient;2;0;20;0.1;30;0.05;0.0;0.01;4000;2;False;0.7641;0.6905
model_cifar10_lr0.001_30epochs;gradient;2;0;20;0.1;30;0.05;0.0;0.01;4000;3;True;0.7641;0.6899
model_cifar10_lr0.001_30epochs;gradient;2;0;20;0.1;30;0.05;0.0;0.01;4000;4;True;0.7641;0.683
model_cifar10_lr0.001_30epochs;gradient;2;0;20;0.1;30;0.05;0.0;0.01;4000;5;False;0.7641;0.6407
model_cifar10_lr0.001_30epochs;gradient;2;0;20;0.1;30;0.05;0.2;0.01;2000;1;False;0.7641;0.7016
model_cifar10_lr0.001_30epochs;gradient;2;0;20;0.1;30;0.05;0.2;0.01;2000;2;False;0.7641;0.6912
model_cifar10_lr0.001_30epochs;gradient;2;0;20;0.1;30;0.05;0.2;0.01;2000;3;True;0.7641;0.6791
model_cifar10_lr0.001_30epochs;gradient;2;0;20;0.1;30;0.05;0.2;0.01;2000;4;False;0.7641;0.6876
model_cifar10_lr0.001_30epochs;gradient;2;0;20;0.1;30;0.05;0.2;0.01;2000;5;False;0.7641;0.6786
model_cifar10_lr0.001_30epochs;gradient;2;0;20;0.1;30;0.05;0.2;0.01;4000;1;True;0.7641;0.6819
model_cifar10_lr0.001_30epochs;gradient;2;0;20;0.1;30;0.05;0.2;0.01;4000;2;True;0.7641;0.7032
model_cifar10_lr0.001_30epochs;gradient;2;0;20;0.1;30;0.05;0.2;0.01;4000;3;True;0.7641;0.7075
model_cifar10_lr0.001_30epochs;gradient;2;0;20;0.1;30;0.05;0.2;0.01;4000;4;True;0.7641;0.7066
model_cifar10_lr0.001_30epochs;gradient;2;0;20;0.1;30;0.05;0.2;0.01;4000;5;False;0.7641;0.6357
model_cifar10_lr0.001_30epochs;gradient;2;0;20;0.1;60;0.05;0.0;0.01;2000;1;True;0.7641;0.6776
model_cifar10_lr0.001_30epochs;gradient;2;0;20;0.1;60;0.05;0.0;0.01;2000;2;False;0.7641;0.6475
model_cifar10_lr0.001_30epochs;gradient;2;0;20;0.1;60;0.05;0.0;0.01;2000;3;False;0.7641;0.7065
model_cifar10_lr0.001_30epochs;gradient;2;0;20;0.1;60;0.05;0.0;0.01;2000;4;True;0.7641;0.6541
model_cifar10_lr0.001_30epochs;gradient;2;0;20;0.1;60;0.05;0.0;0.01;2000;5;True;0.7641;0.682
model_cifar10_lr0.001_30epochs;gradient;2;0;20;0.1;60;0.05;0.0;0.01;4000;1;False;0.7641;0.6866
model_cifar10_lr0.001_30epochs;gradient;2;0;20;0.1;60;0.05;0.0;0.01;4000;2;False;0.7641;0.6686
model_cifar10_lr0.001_30epochs;gradient;2;0;20;0.1;60;0.05;0.0;0.01;4000;3;True;0.7641;0.6878
model_cifar10_lr0.001_30epochs;gradient;2;0;20;0.1;60;0.05;0.0;0.01;4000;4;False;0.7641;0.6965
model_cifar10_lr0.001_30epochs;gradient;2;0;20;0.1;60;0.05;0.0;0.01;4000;5;False;0.7641;0.6636
model_cifar10_lr0.001_30epochs;gradient;2;0;20;0.1;60;0.05;0.2;0.01;2000;1;False;0.7641;0.7001
model_cifar10_lr0.001_30epochs;gradient;2;0;20;0.1;60;0.05;0.2;0.01;2000;2;False;0.7641;0.681
model_cifar10_lr0.001_30epochs;gradient;2;0;20;0.1;60;0.05;0.2;0.01;2000;3;True;0.7641;0.6798
model_cifar10_lr0.001_30epochs;gradient;2;0;20;0.1;60;0.05;0.2;0.01;2000;4;True;0.7641;0.6879
model_cifar10_lr0.001_30epochs;gradient;2;0;20;0.1;60;0.05;0.2;0.01;2000;5;True;0.7641;0.642
model_cifar10_lr0.001_30epochs;gradient;2;0;20;0.1;60;0.05;0.2;0.01;4000;1;True;0.7641;0.6569
model_cifar10_lr0.001_30epochs;gradient;2;0;20;0.1;60;0.05;0.2;0.01;4000;2;True;0.7641;0.6599
model_cifar10_lr0.001_30epochs;gradient;2;0;20;0.1;60;0.05;0.2;0.01;4000;3;False;0.7641;0.6601
model_cifar10_lr0.001_30epochs;gradient;2;0;20;0.1;60;0.05;0.2;0.01;4000;4;False;0.7641;0.6917
model_cifar10_lr0.001_30epochs;gradient;2;0;20;0.1;60;0.05;0.2;0.01;4000;5;True;0.7641;0.6742
model_cifar10_lr0.001_30epochs;gradient;5;3;20;0.1;30;0.01;0.0;0.01;2000;1;False;0.7641;0.7271
model_cifar10_lr0.001_30epochs;gradient;5;3;20;0.1;30;0.01;0.0;0.01;2000;2;False;0.7641;0.6797
model_cifar10_lr0.001_30epochs;gradient;5;3;20;0.1;30;0.01;0.0;0.01;2000;3;False;0.7641;0.6321
model_cifar10_lr0.001_30epochs;gradient;5;3;20;0.1;30;0.01;0.0;0.01;2000;4;False;0.7641;0.6786
model_cifar10_lr0.001_30epochs;gradient;5;3;20;0.1;30;0.01;0.0;0.01;2000;5;True;0.7641;0.6857
model_cifar10_lr0.001_30epochs;gradient;5;3;20;0.1;30;0.01;0.0;0.01;4000;1;False;0.7641;0.6833
model_cifar10_lr0.001_30epochs;gradient;5;3;20;0.1;30;0.01;0.0;0.01;4000;2;False;0.7641;0.6577
model_cifar10_lr0.001_30epochs;gradient;5;3;20;0.1;30;0.01;0.0;0.01;4000;3;False;0.7641;0.6824
model_cifar10_lr0.001_30epochs;gradient;5;3;20;0.1;30;0.01;0.0;0.01;4000;4;False;0.7641;0.6816
model_cifar10_lr0.001_30epochs;gradient;5;3;20;0.1;30;0.01;0.0;0.01;4000;5;False;0.7641;0.7106
model_cifar10_lr0.001_30epochs;gradient;5;3;20;0.1;30;0.01;0.2;0.01;2000;1;False;0.7641;0.648
model_cifar10_lr0.001_30epochs;gradient;5;3;20;0.1;30;0.01;0.2;0.01;2000;2;False;0.7641;0.6792
model_cifar10_lr0.001_30epochs;gradient;5;3;20;0.1;30;0.01;0.2;0.01;2000;3;False;0.7641;0.7045
model_cifar10_lr0.001_30epochs;gradient;5;3;20;0.1;30;0.01;0.2;0.01;2000;4;False;0.7641;0.6989
model_cifar10_lr0.001_30epochs;gradient;5;3;20;0.1;30;0.01;0.2;0.01;2000;5;False;0.7641;0.6859
model_cifar10_lr0.001_30epochs;gradient;5;3;20;0.1;30;0.01;0.2;0.01;4000;1;False;0.7641;0.6939
model_cifar10_lr0.001_30epochs;gradient;5;3;20;0.1;30;0.01;0.2;0.01;4000;2;True;0.7641;0.6934
model_cifar10_lr0.001_30epochs;gradient;5;3;20;0.1;30;0.01;0.2;0.01;4000;3;False;0.7641;0.7019
model_cifar10_lr0.001_30epochs;gradient;5;3;20;0.1;30;0.01;0.2;0.01;4000;4;False;0.7641;0.6928
model_cifar10_lr0.001_30epochs;gradient;5;3;20;0.1;30;0.01;0.2;0.01;4000;5;False;0.7641;0.5953
model_cifar10_lr0.001_30epochs;gradient;5;3;20;0.1;60;0.01;0.0;0.01;2000;1;False;0.7641;0.7039
model_cifar10_lr0.001_30epochs;gradient;5;3;20;0.1;60;0.01;0.0;0.01;2000;2;False;0.7641;0.6488
model_cifar10_lr0.001_30epochs;gradient;5;3;20;0.1;60;0.01;0.0;0.01;2000;3;False;0.7641;0.6735
model_cifar10_lr0.001_30epochs;gradient;5;3;20;0.1;60;0.01;0.0;0.01;2000;4;False;0.7641;0.715
model_cifar10_lr0.001_30epochs;gradient;5;3;20;0.1;60;0.01;0.0;0.01;2000;5;False;0.7641;0.6935
model_cifar10_lr0.001_30epochs;gradient;5;3;20;0.1;60;0.01;0.0;0.01;4000;1;False;0.7641;0.6972
model_cifar10_lr0.001_30epochs;gradient;5;3;20;0.1;60;0.01;0.0;0.01;4000;2;False;0.7641;0.6735
model_cifar10_lr0.001_30epochs;gradient;5;3;20;0.1;60;0.01;0.0;0.01;4000;3;False;0.7641;0.6793
model_cifar10_lr0.001_30epochs;gradient;5;3;20;0.1;60;0.01;0.0;0.01;4000;4;False;0.7641;0.6774
model_cifar10_lr0.001_30epochs;gradient;5;3;20;0.1;60;0.01;0.0;0.01;4000;5;False;0.7641;0.7225
model_cifar10_lr0.001_30epochs;gradient;5;3;20;0.1;60;0.01;0.2;0.01;2000;1;False;0.7641;0.6851
model_cifar10_lr0.001_30epochs;gradient;5;3;20;0.1;60;0.01;0.2;0.01;2000;2;False;0.7641;0.7321
model_cifar10_lr0.001_30epochs;gradient;5;3;20;0.1;60;0.01;0.2;0.01;2000;3;False;0.7641;0.6848
model_cifar10_lr0.001_30epochs;gradient;5;3;20;0.1;60;0.01;0.2;0.01;2000;4;False;0.7641;0.6622
model_cifar10_lr0.001_30epochs;gradient;5;3;20;0.1;60;0.01;0.2;0.01;2000;5;False;0.7641;0.6944
model_cifar10_lr0.001_30epochs;gradient;5;3;20;0.1;60;0.01;0.2;0.01;4000;1;False;0.7641;0.6988
model_cifar10_lr0.001_30epochs;gradient;5;3;20;0.1;60;0.01;0.2;0.01;4000;2;False;0.7641;0.7181
model_cifar10_lr0.001_30epochs;gradient;5;3;20;0.1;60;0.01;0.2;0.01;4000;3;False;0.7641;0.6742
model_cifar10_lr0.001_30epochs;gradient;5;3;20;0.1;60;0.01;0.2;0.01;4000;4;False;0.7641;0.6626
model_cifar10_lr0.001_30epochs;gradient;5;3;20;0.1;60;0.01;0.2;0.01;4000;5;False;0.7641;0.6425
model_cifar10_lr0.001_30epochs;gradient;5;3;20;0.1;30;0.03;0.0;0.01;2000;1;False;0.7641;0.6663
model_cifar10_lr0.001_30epochs;gradient;5;3;20;0.1;30;0.03;0.0;0.01;2000;2;True;0.7641;0.6896
model_cifar10_lr0.001_30epochs;gradient;5;3;20;0.1;30;0.03;0.0;0.01;2000;3;False;0.7641;0.7092
model_cifar10_lr0.001_30epochs;gradient;5;3;20;0.1;30;0.03;0.0;0.01;2000;4;False;0.7641;0.7253
model_cifar10_lr0.001_30epochs;gradient;5;3;20;0.1;30;0.03;0.0;0.01;2000;5;False;0.7641;0.7044
model_cifar10_lr0.001_30epochs;gradient;5;3;20;0.1;30;0.03;0.0;0.01;4000;1;False;0.7641;0.6899
model_cifar10_lr0.001_30epochs;gradient;5;3;20;0.1;30;0.03;0.0;0.01;4000;2;False;0.7641;0.6554
model_cifar10_lr0.001_30epochs;gradient;5;3;20;0.1;30;0.03;0.0;0.01;4000;3;False;0.7641;0.7118
model_cifar10_lr0.001_30epochs;gradient;5;3;20;0.1;30;0.03;0.0;0.01;4000;4;False;0.7641;0.6853
model_cifar10_lr0.001_30epochs;gradient;5;3;20;0.1;30;0.03;0.0;0.01;4000;5;False;0.7641;0.7075
model_cifar10_lr0.001_30epochs;gradient;5;3;20;0.1;30;0.03;0.2;0.01;2000;1;False;0.7641;0.6878
model_cifar10_lr0.001_30epochs;gradient;5;3;20;0.1;30;0.03;0.2;0.01;2000;2;False;0.7641;0.6608
model_cifar10_lr0.001_30epochs;gradient;5;3;20;0.1;30;0.03;0.2;0.01;2000;3;False;0.7641;0.6643
model_cifar10_lr0.001_30epochs;gradient;5;3;20;0.1;30;0.03;0.2;0.01;2000;4;True;0.7641;0.6625
model_cifar10_lr0.001_30epochs;gradient;5;3;20;0.1;30;0.03;0.2;0.01;2000;5;False;0.7641;0.6979
model_cifar10_lr0.001_30epochs;gradient;5;3;20;0.1;30;0.03;0.2;0.01;4000;1;False;0.7641;0.6667
model_cifar10_lr0.001_30epochs;gradient;5;3;20;0.1;30;0.03;0.2;0.01;4000;2;False;0.7641;0.6837
model_cifar10_lr0.001_30epochs;gradient;5;3;20;0.1;30;0.03;0.2;0.01;4000;3;True;0.7641;0.7003
model_cifar10_lr0.001_30epochs;gradient;5;3;20;0.1;30;0.03;0.2;0.01;4000;4;False;0.7641;0.6804
model_cifar10_lr0.001_30epochs;gradient;5;3;20;0.1;30;0.03;0.2;0.01;4000;5;False;0.7641;0.6759
model_cifar10_lr0.001_30epochs;gradient;5;3;20;0.1;60;0.03;0.0;0.01;2000;1;False;0.7641;0.6584
model_cifar10_lr0.001_30epochs;gradient;5;3;20;0.1;60;0.03;0.0;0.01;2000;2;False;0.7641;0.7149
model_cifar10_lr0.001_30epochs;gradient;5;3;20;0.1;60;0.03;0.0;0.01;2000;3;False;0.7641;0.6638
model_cifar10_lr0.001_30epochs;gradient;5;3;20;0.1;60;0.03;0.0;0.01;2000;4;False;0.7641;0.708
model_cifar10_lr0.001_30epochs;gradient;5;3;20;0.1;60;0.03;0.0;0.01;2000;5;False;0.7641;0.6327
model_cifar10_lr0.001_30epochs;gradient;5;3;20;0.1;60;0.03;0.0;0.01;4000;1;False;0.7641;0.6319
model_cifar10_lr0.001_30epochs;gradient;5;3;20;0.1;60;0.03;0.0;0.01;4000;2;False;0.7641;0.6714
model_cifar10_lr0.001_30epochs;gradient;5;3;20;0.1;60;0.03;0.0;0.01;4000;3;False;0.7641;0.7028
model_cifar10_lr0.001_30epochs;gradient;5;3;20;0.1;60;0.03;0.0;0.01;4000;4;False;0.7641;0.6739
model_cifar10_lr0.001_30epochs;gradient;5;3;20;0.1;60;0.03;0.0;0.01;4000;5;False;0.7641;0.7159
model_cifar10_lr0.001_30epochs;gradient;5;3;20;0.1;60;0.03;0.2;0.01;2000;1;False;0.7641;0.6815
model_cifar10_lr0.001_30epochs;gradient;5;3;20;0.1;60;0.03;0.2;0.01;2000;2;False;0.7641;0.6944
model_cifar10_lr0.001_30epochs;gradient;5;3;20;0.1;60;0.03;0.2;0.01;2000;3;False;0.7641;0.6691
model_cifar10_lr0.001_30epochs;gradient;5;3;20;0.1;60;0.03;0.2;0.01;2000;4;False;0.7641;0.6824
model_cifar10_lr0.001_30epochs;gradient;5;3;20;0.1;60;0.03;0.2;0.01;2000;5;False;0.7641;0.6359
model_cifar10_lr0.001_30epochs;gradient;5;3;20;0.1;60;0.03;0.2;0.01;4000;1;False;0.7641;0.7091
model_cifar10_lr0.001_30epochs;gradient;5;3;20;0.1;60;0.03;0.2;0.01;4000;2;False;0.7641;0.6749
model_cifar10_lr0.001_30epochs;gradient;5;3;20;0.1;60;0.03;0.2;0.01;4000;3;False;0.7641;0.6868
model_cifar10_lr0.001_30epochs;gradient;5;3;20;0.1;60;0.03;0.2;0.01;4000;4;False;0.7641;0.6876
model_cifar10_lr0.001_30epochs;gradient;5;3;20;0.1;60;0.03;0.2;0.01;4000;5;False;0.7641;0.6934
model_cifar10_lr0.001_30epochs;gradient;5;3;20;0.1;30;0.05;0.0;0.01;2000;1;False;0.7641;0.6857
model_cifar10_lr0.001_30epochs;gradient;5;3;20;0.1;30;0.05;0.0;0.01;2000;2;False;0.7641;0.6805
model_cifar10_lr0.001_30epochs;gradient;5;3;20;0.1;30;0.05;0.0;0.01;2000;3;True;0.7641;0.6759
model_cifar10_lr0.001_30epochs;gradient;5;3;20;0.1;30;0.05;0.0;0.01;2000;4;False;0.7641;0.7087
model_cifar10_lr0.001_30epochs;gradient;5;3;20;0.1;30;0.05;0.0;0.01;2000;5;False;0.7641;0.668
model_cifar10_lr0.001_30epochs;gradient;5;3;20;0.1;30;0.05;0.0;0.01;4000;1;False;0.7641;0.6397
model_cifar10_lr0.001_30epochs;gradient;5;3;20;0.1;30;0.05;0.0;0.01;4000;2;False;0.7641;0.7315
model_cifar10_lr0.001_30epochs;gradient;5;3;20;0.1;30;0.05;0.0;0.01;4000;3;False;0.7641;0.6366
model_cifar10_lr0.001_30epochs;gradient;5;3;20;0.1;30;0.05;0.0;0.01;4000;4;False;0.7641;0.6906
model_cifar10_lr0.001_30epochs;gradient;5;3;20;0.1;30;0.05;0.0;0.01;4000;5;False;0.7641;0.6207
model_cifar10_lr0.001_30epochs;gradient;5;3;20;0.1;30;0.05;0.2;0.01;2000;1;False;0.7641;0.7101
model_cifar10_lr0.001_30epochs;gradient;5;3;20;0.1;30;0.05;0.2;0.01;2000;2;False;0.7641;0.718
model_cifar10_lr0.001_30epochs;gradient;5;3;20;0.1;30;0.05;0.2;0.01;2000;3;False;0.7641;0.6717
model_cifar10_lr0.001_30epochs;gradient;5;3;20;0.1;30;0.05;0.2;0.01;2000;4;False;0.7641;0.6704
model_cifar10_lr0.001_30epochs;gradient;5;3;20;0.1;30;0.05;0.2;0.01;2000;5;False;0.7641;0.7113
model_cifar10_lr0.001_30epochs;gradient;5;3;20;0.1;30;0.05;0.2;0.01;4000;1;True;0.7641;0.6663
model_cifar10_lr0.001_30epochs;gradient;5;3;20;0.1;30;0.05;0.2;0.01;4000;2;False;0.7641;0.6761
model_cifar10_lr0.001_30epochs;gradient;5;3;20;0.1;30;0.05;0.2;0.01;4000;3;False;0.7641;0.627
model_cifar10_lr0.001_30epochs;gradient;5;3;20;0.1;30;0.05;0.2;0.01;4000;4;False;0.7641;0.6648
model_cifar10_lr0.001_30epochs;gradient;5;3;20;0.1;30;0.05;0.2;0.01;4000;5;False;0.7641;0.6668
model_cifar10_lr0.001_30epochs;gradient;5;3;20;0.1;60;0.05;0.0;0.01;2000;1;False;0.7641;0.7204
model_cifar10_lr0.001_30epochs;gradient;5;3;20;0.1;60;0.05;0.0;0.01;2000;2;False;0.7641;0.6897
model_cifar10_lr0.001_30epochs;gradient;5;3;20;0.1;60;0.05;0.0;0.01;2000;3;False;0.7641;0.7145
model_cifar10_lr0.001_30epochs;gradient;5;3;20;0.1;60;0.05;0.0;0.01;2000;4;False;0.7641;0.6526
model_cifar10_lr0.001_30epochs;gradient;5;3;20;0.1;60;0.05;0.0;0.01;2000;5;False;0.7641;0.6489
model_cifar10_lr0.001_30epochs;gradient;5;3;20;0.1;60;0.05;0.0;0.01;4000;1;False;0.7641;0.6815
model_cifar10_lr0.001_30epochs;gradient;5;3;20;0.1;60;0.05;0.0;0.01;4000;2;False;0.7641;0.7075
model_cifar10_lr0.001_30epochs;gradient;5;3;20;0.1;60;0.05;0.0;0.01;4000;3;False;0.7641;0.686
model_cifar10_lr0.001_30epochs;gradient;5;3;20;0.1;60;0.05;0.0;0.01;4000;4;False;0.7641;0.7116
model_cifar10_lr0.001_30epochs;gradient;5;3;20;0.1;60;0.05;0.0;0.01;4000;5;False;0.7641;0.6812
model_cifar10_lr0.001_30epochs;gradient;5;3;20;0.1;60;0.05;0.2;0.01;2000;1;False;0.7641;0.6972
model_cifar10_lr0.001_30epochs;gradient;5;3;20;0.1;60;0.05;0.2;0.01;2000;2;False;0.7641;0.6269
model_cifar10_lr0.001_30epochs;gradient;5;3;20;0.1;60;0.05;0.2;0.01;2000;3;False;0.7641;0.6522
model_cifar10_lr0.001_30epochs;gradient;5;3;20;0.1;60;0.05;0.2;0.01;2000;4;False;0.7641;0.6537
model_cifar10_lr0.001_30epochs;gradient;5;3;20;0.1;60;0.05;0.2;0.01;2000;5;False;0.7641;0.7106
model_cifar10_lr0.001_30epochs;gradient;5;3;20;0.1;60;0.05;0.2;0.01;4000;1;False;0.7641;0.6968
model_cifar10_lr0.001_30epochs;gradient;5;3;20;0.1;60;0.05;0.2;0.01;4000;2;False;0.7641;0.6798
model_cifar10_lr0.001_30epochs;gradient;5;3;20;0.1;60;0.05;0.2;0.01;4000;3;False;0.7641;0.7016
model_cifar10_lr0.001_30epochs;gradient;5;3;20;0.1;60;0.05;0.2;0.01;4000;4;False;0.7641;0.7144
model_cifar10_lr0.001_30epochs;gradient;5;3;20;0.1;60;0.05;0.2;0.01;4000;5;False;0.7641;0.6911
model_cifar10_lr0.001_30epochs;gradient;9;1;20;0.1;30;0.01;0.0;0.01;2000;1;False;0.7641;0.7006
model_cifar10_lr0.001_30epochs;gradient;9;1;20;0.1;30;0.01;0.0;0.01;2000;2;False;0.7641;0.7196
model_cifar10_lr0.001_30epochs;gradient;9;1;20;0.1;30;0.01;0.0;0.01;2000;3;False;0.7641;0.6878
model_cifar10_lr0.001_30epochs;gradient;9;1;20;0.1;30;0.01;0.0;0.01;2000;4;False;0.7641;0.7088
model_cifar10_lr0.001_30epochs;gradient;9;1;20;0.1;30;0.01;0.0;0.01;2000;5;False;0.7641;0.6914
model_cifar10_lr0.001_30epochs;gradient;9;1;20;0.1;30;0.01;0.0;0.01;4000;1;False;0.7641;0.6317
model_cifar10_lr0.001_30epochs;gradient;9;1;20;0.1;30;0.01;0.0;0.01;4000;2;False;0.7641;0.667
model_cifar10_lr0.001_30epochs;gradient;9;1;20;0.1;30;0.01;0.0;0.01;4000;3;False;0.7641;0.6706
model_cifar10_lr0.001_30epochs;gradient;9;1;20;0.1;30;0.01;0.0;0.01;4000;4;False;0.7641;0.6939
model_cifar10_lr0.001_30epochs;gradient;9;1;20;0.1;30;0.01;0.0;0.01;4000;5;False;0.7641;0.6379
model_cifar10_lr0.001_30epochs;gradient;9;1;20;0.1;30;0.01;0.2;0.01;2000;1;False;0.7641;0.6664
model_cifar10_lr0.001_30epochs;gradient;9;1;20;0.1;30;0.01;0.2;0.01;2000;2;False;0.7641;0.7017
model_cifar10_lr0.001_30epochs;gradient;9;1;20;0.1;30;0.01;0.2;0.01;2000;3;False;0.7641;0.692
model_cifar10_lr0.001_30epochs;gradient;9;1;20;0.1;30;0.01;0.2;0.01;2000;4;False;0.7641;0.6523
model_cifar10_lr0.001_30epochs;gradient;9;1;20;0.1;30;0.01;0.2;0.01;2000;5;False;0.7641;0.6671
model_cifar10_lr0.001_30epochs;gradient;9;1;20;0.1;30;0.01;0.2;0.01;4000;1;False;0.7641;0.6944
model_cifar10_lr0.001_30epochs;gradient;9;1;20;0.1;30;0.01;0.2;0.01;4000;2;False;0.7641;0.6769
model_cifar10_lr0.001_30epochs;gradient;9;1;20;0.1;30;0.01;0.2;0.01;4000;3;False;0.7641;0.6936
model_cifar10_lr0.001_30epochs;gradient;9;1;20;0.1;30;0.01;0.2;0.01;4000;4;False;0.7641;0.6935
model_cifar10_lr0.001_30epochs;gradient;9;1;20;0.1;30;0.01;0.2;0.01;4000;5;False;0.7641;0.6753
model_cifar10_lr0.001_30epochs;gradient;9;1;20;0.1;60;0.01;0.0;0.01;2000;1;False;0.7641;0.7136
model_cifar10_lr0.001_30epochs;gradient;9;1;20;0.1;60;0.01;0.0;0.01;2000;2;False;0.7641;0.6793
model_cifar10_lr0.001_30epochs;gradient;9;1;20;0.1;60;0.01;0.0;0.01;2000;3;True;0.7641;0.6525
model_cifar10_lr0.001_30epochs;gradient;9;1;20;0.1;60;0.01;0.0;0.01;2000;4;True;0.7641;0.6706
model_cifar10_lr0.001_30epochs;gradient;9;1;20;0.1;60;0.01;0.0;0.01;2000;5;False;0.7641;0.6895
model_cifar10_lr0.001_30epochs;gradient;9;1;20;0.1;60;0.01;0.0;0.01;4000;1;False;0.7641;0.6917
model_cifar10_lr0.001_30epochs;gradient;9;1;20;0.1;60;0.01;0.0;0.01;4000;2;False;0.7641;0.6908
model_cifar10_lr0.001_30epochs;gradient;9;1;20;0.1;60;0.01;0.0;0.01;4000;3;False;0.7641;0.6979
model_cifar10_lr0.001_30epochs;gradient;9;1;20;0.1;60;0.01;0.0;0.01;4000;4;False;0.7641;0.7182
model_cifar10_lr0.001_30epochs;gradient;9;1;20;0.1;60;0.01;0.0;0.01;4000;5;False;0.7641;0.7058
model_cifar10_lr0.001_30epochs;gradient;9;1;20;0.1;60;0.01;0.2;0.01;2000;1;False;0.7641;0.6855
model_cifar10_lr0.001_30epochs;gradient;9;1;20;0.1;60;0.01;0.2;0.01;2000;2;False;0.7641;0.6598
model_cifar10_lr0.001_30epochs;gradient;9;1;20;0.1;60;0.01;0.2;0.01;2000;3;False;0.7641;0.7004
model_cifar10_lr0.001_30epochs;gradient;9;1;20;0.1;60;0.01;0.2;0.01;2000;4;False;0.7641;0.7062
model_cifar10_lr0.001_30epochs;gradient;9;1;20;0.1;60;0.01;0.2;0.01;2000;5;False;0.7641;0.707
model_cifar10_lr0.001_30epochs;gradient;9;1;20;0.1;60;0.01;0.2;0.01;4000;1;False;0.7641;0.6339
model_cifar10_lr0.001_30epochs;gradient;9;1;20;0.1;60;0.01;0.2;0.01;4000;2;False;0.7641;0.6162
model_cifar10_lr0.001_30epochs;gradient;9;1;20;0.1;60;0.01;0.2;0.01;4000;3;False;0.7641;0.6749
model_cifar10_lr0.001_30epochs;gradient;9;1;20;0.1;60;0.01;0.2;0.01;4000;4;False;0.7641;0.6384
model_cifar10_lr0.001_30epochs;gradient;9;1;20;0.1;60;0.01;0.2;0.01;4000;5;False;0.7641;0.679
model_cifar10_lr0.001_30epochs;gradient;9;1;20;0.1;30;0.03;0.0;0.01;2000;1;False;0.7641;0.6802
model_cifar10_lr0.001_30epochs;gradient;9;1;20;0.1;30;0.03;0.0;0.01;2000;2;False;0.7641;0.6986
model_cifar10_lr0.001_30epochs;gradient;9;1;20;0.1;30;0.03;0.0;0.01;2000;3;False;0.7641;0.7078
model_cifar10_lr0.001_30epochs;gradient;9;1;20;0.1;30;0.03;0.0;0.01;2000;4;False;0.7641;0.6898
model_cifar10_lr0.001_30epochs;gradient;9;1;20;0.1;30;0.03;0.0;0.01;2000;5;False;0.7641;0.6857
model_cifar10_lr0.001_30epochs;gradient;9;1;20;0.1;30;0.03;0.0;0.01;4000;1;False;0.7641;0.7076
model_cifar10_lr0.001_30epochs;gradient;9;1;20;0.1;30;0.03;0.0;0.01;4000;2;False;0.7641;0.6843
model_cifar10_lr0.001_30epochs;gradient;9;1;20;0.1;30;0.03;0.0;0.01;4000;3;False;0.7641;0.6281
model_cifar10_lr0.001_30epochs;gradient;9;1;20;0.1;30;0.03;0.0;0.01;4000;4;False;0.7641;0.6929
model_cifar10_lr0.001_30epochs;gradient;9;1;20;0.1;30;0.03;0.0;0.01;4000;5;False;0.7641;0.7082
model_cifar10_lr0.001_30epochs;gradient;9;1;20;0.1;30;0.03;0.2;0.01;2000;1;True;0.7641;0.712
model_cifar10_lr0.001_30epochs;gradient;9;1;20;0.1;30;0.03;0.2;0.01;2000;2;False;0.7641;0.6759
model_cifar10_lr0.001_30epochs;gradient;9;1;20;0.1;30;0.03;0.2;0.01;2000;3;False;0.7641;0.6927
model_cifar10_lr0.001_30epochs;gradient;9;1;20;0.1;30;0.03;0.2;0.01;2000;4;False;0.7641;0.623
model_cifar10_lr0.001_30epochs;gradient;9;1;20;0.1;30;0.03;0.2;0.01;2000;5;False;0.7641;0.6539
model_cifar10_lr0.001_30epochs;gradient;9;1;20;0.1;30;0.03;0.2;0.01;4000;1;False;0.7641;0.693
model_cifar10_lr0.001_30epochs;gradient;9;1;20;0.1;30;0.03;0.2;0.01;4000;2;False;0.7641;0.6805
model_cifar10_lr0.001_30epochs;gradient;9;1;20;0.1;30;0.03;0.2;0.01;4000;3;False;0.7641;0.6808
model_cifar10_lr0.001_30epochs;gradient;9;1;20;0.1;30;0.03;0.2;0.01;4000;4;True;0.7641;0.6604
model_cifar10_lr0.001_30epochs;gradient;9;1;20;0.1;30;0.03;0.2;0.01;4000;5;False;0.7641;0.6276
model_cifar10_lr0.001_30epochs;gradient;9;1;20;0.1;60;0.03;0.0;0.01;2000;1;False;0.7641;0.7127
model_cifar10_lr0.001_30epochs;gradient;9;1;20;0.1;60;0.03;0.0;0.01;2000;2;False;0.7641;0.6641
model_cifar10_lr0.001_30epochs;gradient;9;1;20;0.1;60;0.03;0.0;0.01;2000;3;False;0.7641;0.6866
model_cifar10_lr0.001_30epochs;gradient;9;1;20;0.1;60;0.03;0.0;0.01;2000;4;False;0.7641;0.7127
model_cifar10_lr0.001_30epochs;gradient;9;1;20;0.1;60;0.03;0.0;0.01;2000;5;False;0.7641;0.7111
model_cifar10_lr0.001_30epochs;gradient;9;1;20;0.1;60;0.03;0.0;0.01;4000;1;False;0.7641;0.702
model_cifar10_lr0.001_30epochs;gradient;9;1;20;0.1;60;0.03;0.0;0.01;4000;2;False;0.7641;0.6647
model_cifar10_lr0.001_30epochs;gradient;9;1;20;0.1;60;0.03;0.0;0.01;4000;3;False;0.7641;0.6837
model_cifar10_lr0.001_30epochs;gradient;9;1;20;0.1;60;0.03;0.0;0.01;4000;4;False;0.7641;0.6838
model_cifar10_lr0.001_30epochs;gradient;9;1;20;0.1;60;0.03;0.0;0.01;4000;5;False;0.7641;0.7196
model_cifar10_lr0.001_30epochs;gradient;9;1;20;0.1;60;0.03;0.2;0.01;2000;1;False;0.7641;0.6977
model_cifar10_lr0.001_30epochs;gradient;9;1;20;0.1;60;0.03;0.2;0.01;2000;2;False;0.7641;0.6777
model_cifar10_lr0.001_30epochs;gradient;9;1;20;0.1;60;0.03;0.2;0.01;2000;3;False;0.7641;0.7093
model_cifar10_lr0.001_30epochs;gradient;9;1;20;0.1;60;0.03;0.2;0.01;2000;4;False;0.7641;0.6547
model_cifar10_lr0.001_30epochs;gradient;9;1;20;0.1;60;0.03;0.2;0.01;2000;5;False;0.7641;0.6954
model_cifar10_lr0.001_30epochs;gradient;9;1;20;0.1;60;0.03;0.2;0.01;4000;1;False;0.7641;0.6395
model_cifar10_lr0.001_30epochs;gradient;9;1;20;0.1;60;0.03;0.2;0.01;4000;2;False;0.7641;0.7031
model_cifar10_lr0.001_30epochs;gradient;9;1;20;0.1;60;0.03;0.2;0.01;4000;3;False;0.7641;0.687
model_cifar10_lr0.001_30epochs;gradient;9;1;20;0.1;60;0.03;0.2;0.01;4000;4;False;0.7641;0.6694
model_cifar10_lr0.001_30epochs;gradient;9;1;20;0.1;60;0.03;0.2;0.01;4000;5;False;0.7641;0.6695
model_cifar10_lr0.001_30epochs;gradient;9;1;20;0.1;30;0.05;0.0;0.01;2000;1;False;0.7641;0.624
model_cifar10_lr0.001_30epochs;gradient;9;1;20;0.1;30;0.05;0.0;0.01;2000;2;False;0.7641;0.6829
model_cifar10_lr0.001_30epochs;gradient;9;1;20;0.1;30;0.05;0.0;0.01;2000;3;False;0.7641;0.7026
model_cifar10_lr0.001_30epochs;gradient;9;1;20;0.1;30;0.05;0.0;0.01;2000;4;False;0.7641;0.6306
model_cifar10_lr0.001_30epochs;gradient;9;1;20;0.1;30;0.05;0.0;0.01;2000;5;False;0.7641;0.6644
model_cifar10_lr0.001_30epochs;gradient;9;1;20;0.1;30;0.05;0.0;0.01;4000;1;False;0.7641;0.6806
model_cifar10_lr0.001_30epochs;gradient;9;1;20;0.1;30;0.05;0.0;0.01;4000;2;False;0.7641;0.7069
model_cifar10_lr0.001_30epochs;gradient;9;1;20;0.1;30;0.05;0.0;0.01;4000;3;False;0.7641;0.6624
model_cifar10_lr0.001_30epochs;gradient;9;1;20;0.1;30;0.05;0.0;0.01;4000;4;False;0.7641;0.7093
model_cifar10_lr0.001_30epochs;gradient;9;1;20;0.1;30;0.05;0.0;0.01;4000;5;False;0.7641;0.646
model_cifar10_lr0.001_30epochs;gradient;9;1;20;0.1;30;0.05;0.2;0.01;2000;1;False;0.7641;0.6606
model_cifar10_lr0.001_30epochs;gradient;9;1;20;0.1;30;0.05;0.2;0.01;2000;2;False;0.7641;0.6785
model_cifar10_lr0.001_30epochs;gradient;9;1;20;0.1;30;0.05;0.2;0.01;2000;3;False;0.7641;0.6356
model_cifar10_lr0.001_30epochs;gradient;9;1;20;0.1;30;0.05;0.2;0.01;2000;4;False;0.7641;0.6277
model_cifar10_lr0.001_30epochs;gradient;9;1;20;0.1;30;0.05;0.2;0.01;2000;5;False;0.7641;0.6891
model_cifar10_lr0.001_30epochs;gradient;9;1;20;0.1;30;0.05;0.2;0.01;4000;1;False;0.7641;0.6725
model_cifar10_lr0.001_30epochs;gradient;9;1;20;0.1;30;0.05;0.2;0.01;4000;2;False;0.7641;0.7062
model_cifar10_lr0.001_30epochs;gradient;9;1;20;0.1;30;0.05;0.2;0.01;4000;3;False;0.7641;0.6865
model_cifar10_lr0.001_30epochs;gradient;9;1;20;0.1;30;0.05;0.2;0.01;4000;4;False;0.7641;0.6663
model_cifar10_lr0.001_30epochs;gradient;9;1;20;0.1;30;0.05;0.2;0.01;4000;5;False;0.7641;0.6479
model_cifar10_lr0.001_30epochs;gradient;9;1;20;0.1;60;0.05;0.0;0.01;2000;1;False;0.7641;0.6903
model_cifar10_lr0.001_30epochs;gradient;9;1;20;0.1;60;0.05;0.0;0.01;2000;2;False;0.7641;0.6863
model_cifar10_lr0.001_30epochs;gradient;9;1;20;0.1;60;0.05;0.0;0.01;2000;3;False;0.7641;0.6956
model_cifar10_lr0.001_30epochs;gradient;9;1;20;0.1;60;0.05;0.0;0.01;2000;4;False;0.7641;0.6846
model_cifar10_lr0.001_30epochs;gradient;9;1;20;0.1;60;0.05;0.0;0.01;2000;5;False;0.7641;0.6897
model_cifar10_lr0.001_30epochs;gradient;9;1;20;0.1;60;0.05;0.0;0.01;4000;1;False;0.7641;0.6694
model_cifar10_lr0.001_30epochs;gradient;9;1;20;0.1;60;0.05;0.0;0.01;4000;2;False;0.7641;0.6547
model_cifar10_lr0.001_30epochs;gradient;9;1;20;0.1;60;0.05;0.0;0.01;4000;3;False;0.7641;0.6813
model_cifar10_lr0.001_30epochs;gradient;9;1;20;0.1;60;0.05;0.0;0.01;4000;4;False;0.7641;0.6499
model_cifar10_lr0.001_30epochs;gradient;9;1;20;0.1;60;0.05;0.0;0.01;4000;5;False;0.7641;0.6789
model_cifar10_lr0.001_30epochs;gradient;9;1;20;0.1;60;0.05;0.2;0.01;2000;1;False;0.7641;0.6506
model_cifar10_lr0.001_30epochs;gradient;9;1;20;0.1;60;0.05;0.2;0.01;2000;2;False;0.7641;0.6697
model_cifar10_lr0.001_30epochs;gradient;9;1;20;0.1;60;0.05;0.2;0.01;2000;3;False;0.7641;0.6649
model_cifar10_lr0.001_30epochs;gradient;9;1;20;0.1;60;0.05;0.2;0.01;2000;4;False;0.7641;0.7133
model_cifar10_lr0.001_30epochs;gradient;9;1;20;0.1;60;0.05;0.2;0.01;2000;5;False;0.7641;0.6993
model_cifar10_lr0.001_30epochs;gradient;9;1;20;0.1;60;0.05;0.2;0.01;4000;1;False;0.7641;0.7131
model_cifar10_lr0.001_30epochs;gradient;9;1;20;0.1;60;0.05;0.2;0.01;4000;2;False;0.7641;0.6496
model_cifar10_lr0.001_30epochs;gradient;9;1;20;0.1;60;0.05;0.2;0.01;4000;3;False;0.7641;0.6742
model_cifar10_lr0.001_30epochs;gradient;9;1;20;0.1;60;0.05;0.2;0.01;4000;4;False;0.7641;0.6935
model_cifar10_lr0.001_30epochs;gradient;9;1;20;0.1;60;0.05;0.2;0.01;4000;5;False;0.7641;0.6625
model_cifar10_lr0.001_30epochs;gradient;7;4;20;0.1;30;0.01;0.0;0.01;2000;1;False;0.7641;0.6552
model_cifar10_lr0.001_30epochs;gradient;7;4;20;0.1;30;0.01;0.0;0.01;2000;2;False;0.7641;0.6829
model_cifar10_lr0.001_30epochs;gradient;7;4;20;0.1;30;0.01;0.0;0.01;2000;3;True;0.7641;0.6766
model_cifar10_lr0.001_30epochs;gradient;7;4;20;0.1;30;0.01;0.0;0.01;2000;4;True;0.7641;0.6848
model_cifar10_lr0.001_30epochs;gradient;7;4;20;0.1;30;0.01;0.0;0.01;2000;5;False;0.7641;0.6977
model_cifar10_lr0.001_30epochs;gradient;7;4;20;0.1;30;0.01;0.0;0.01;4000;1;False;0.7641;0.7064
model_cifar10_lr0.001_30epochs;gradient;7;4;20;0.1;30;0.01;0.0;0.01;4000;2;False;0.7641;0.6728
model_cifar10_lr0.001_30epochs;gradient;7;4;20;0.1;30;0.01;0.0;0.01;4000;3;True;0.7641;0.6517
model_cifar10_lr0.001_30epochs;gradient;7;4;20;0.1;30;0.01;0.0;0.01;4000;4;False;0.7641;0.6844
model_cifar10_lr0.001_30epochs;gradient;7;4;20;0.1;30;0.01;0.0;0.01;4000;5;False;0.7641;0.6814
model_cifar10_lr0.001_30epochs;gradient;7;4;20;0.1;30;0.01;0.2;0.01;2000;1;True;0.7641;0.6578
model_cifar10_lr0.001_30epochs;gradient;7;4;20;0.1;30;0.01;0.2;0.01;2000;2;False;0.7641;0.6925
model_cifar10_lr0.001_30epochs;gradient;7;4;20;0.1;30;0.01;0.2;0.01;2000;3;False;0.7641;0.6297
model_cifar10_lr0.001_30epochs;gradient;7;4;20;0.1;30;0.01;0.2;0.01;2000;4;False;0.7641;0.6698
model_cifar10_lr0.001_30epochs;gradient;7;4;20;0.1;30;0.01;0.2;0.01;2000;5;False;0.7641;0.7108
model_cifar10_lr0.001_30epochs;gradient;7;4;20;0.1;30;0.01;0.2;0.01;4000;1;False;0.7641;0.7069
model_cifar10_lr0.001_30epochs;gradient;7;4;20;0.1;30;0.01;0.2;0.01;4000;2;False;0.7641;0.6879
model_cifar10_lr0.001_30epochs;gradient;7;4;20;0.1;30;0.01;0.2;0.01;4000;3;False;0.7641;0.6944
model_cifar10_lr0.001_30epochs;gradient;7;4;20;0.1;30;0.01;0.2;0.01;4000;4;False;0.7641;0.6965
model_cifar10_lr0.001_30epochs;gradient;7;4;20;0.1;30;0.01;0.2;0.01;4000;5;False;0.7641;0.6911
model_cifar10_lr0.001_30epochs;gradient;7;4;20;0.1;60;0.01;0.0;0.01;2000;1;False;0.7641;0.688
model_cifar10_lr0.001_30epochs;gradient;7;4;20;0.1;60;0.01;0.0;0.01;2000;2;True;0.7641;0.669
model_cifar10_lr0.001_30epochs;gradient;7;4;20;0.1;60;0.01;0.0;0.01;2000;3;False;0.7641;0.7185
model_cifar10_lr0.001_30epochs;gradient;7;4;20;0.1;60;0.01;0.0;0.01;2000;4;True;0.7641;0.7082
model_cifar10_lr0.001_30epochs;gradient;7;4;20;0.1;60;0.01;0.0;0.01;2000;5;False;0.7641;0.6905
model_cifar10_lr0.001_30epochs;gradient;7;4;20;0.1;60;0.01;0.0;0.01;4000;1;False;0.7641;0.6997
model_cifar10_lr0.001_30epochs;gradient;7;4;20;0.1;60;0.01;0.0;0.01;4000;2;False;0.7641;0.6991
model_cifar10_lr0.001_30epochs;gradient;7;4;20;0.1;60;0.01;0.0;0.01;4000;3;False;0.7641;0.6904
model_cifar10_lr0.001_30epochs;gradient;7;4;20;0.1;60;0.01;0.0;0.01;4000;4;False;0.7641;0.6704
model_cifar10_lr0.001_30epochs;gradient;7;4;20;0.1;60;0.01;0.0;0.01;4000;5;True;0.7641;0.6482
model_cifar10_lr0.001_30epochs;gradient;7;4;20;0.1;60;0.01;0.2;0.01;2000;1;False;0.7641;0.6958
model_cifar10_lr0.001_30epochs;gradient;7;4;20;0.1;60;0.01;0.2;0.01;2000;2;False;0.7641;0.6854
model_cifar10_lr0.001_30epochs;gradient;7;4;20;0.1;60;0.01;0.2;0.01;2000;3;False;0.7641;0.7011
model_cifar10_lr0.001_30epochs;gradient;7;4;20;0.1;60;0.01;0.2;0.01;2000;4;False;0.7641;0.6632
model_cifar10_lr0.001_30epochs;gradient;7;4;20;0.1;60;0.01;0.2;0.01;2000;5;True;0.7641;0.683
model_cifar10_lr0.001_30epochs;gradient;7;4;20;0.1;60;0.01;0.2;0.01;4000;1;False;0.7641;0.7035
model_cifar10_lr0.001_30epochs;gradient;7;4;20;0.1;60;0.01;0.2;0.01;4000;2;False;0.7641;0.6838
model_cifar10_lr0.001_30epochs;gradient;7;4;20;0.1;60;0.01;0.2;0.01;4000;3;False;0.7641;0.6482
model_cifar10_lr0.001_30epochs;gradient;7;4;20;0.1;60;0.01;0.2;0.01;4000;4;False;0.7641;0.726
model_cifar10_lr0.001_30epochs;gradient;7;4;20;0.1;60;0.01;0.2;0.01;4000;5;False;0.7641;0.6854
model_cifar10_lr0.001_30epochs;gradient;7;4;20;0.1;30;0.03;0.0;0.01;2000;1;False;0.7641;0.6964
model_cifar10_lr0.001_30epochs;gradient;7;4;20;0.1;30;0.03;0.0;0.01;2000;2;False;0.7641;0.662
model_cifar10_lr0.001_30epochs;gradient;7;4;20;0.1;30;0.03;0.0;0.01;2000;3;False;0.7641;0.7187
model_cifar10_lr0.001_30epochs;gradient;7;4;20;0.1;30;0.03;0.0;0.01;2000;4;False;0.7641;0.725
model_cifar10_lr0.001_30epochs;gradient;7;4;20;0.1;30;0.03;0.0;0.01;2000;5;False;0.7641;0.7083
model_cifar10_lr0.001_30epochs;gradient;7;4;20;0.1;30;0.03;0.0;0.01;4000;1;False;0.7641;0.6907
model_cifar10_lr0.001_30epochs;gradient;7;4;20;0.1;30;0.03;0.0;0.01;4000;2;False;0.7641;0.6965
model_cifar10_lr0.001_30epochs;gradient;7;4;20;0.1;30;0.03;0.0;0.01;4000;3;False;0.7641;0.7106
model_cifar10_lr0.001_30epochs;gradient;7;4;20;0.1;30;0.03;0.0;0.01;4000;4;False;0.7641;0.7066
model_cifar10_lr0.001_30epochs;gradient;7;4;20;0.1;30;0.03;0.0;0.01;4000;5;False;0.7641;0.6986
model_cifar10_lr0.001_30epochs;gradient;7;4;20;0.1;30;0.03;0.2;0.01;2000;1;False;0.7641;0.6199
model_cifar10_lr0.001_30epochs;gradient;7;4;20;0.1;30;0.03;0.2;0.01;2000;2;False;0.7641;0.7122
model_cifar10_lr0.001_30epochs;gradient;7;4;20;0.1;30;0.03;0.2;0.01;2000;3;False;0.7641;0.7109
model_cifar10_lr0.001_30epochs;gradient;7;4;20;0.1;30;0.03;0.2;0.01;2000;4;False;0.7641;0.6935
model_cifar10_lr0.001_30epochs;gradient;7;4;20;0.1;30;0.03;0.2;0.01;2000;5;True;0.7641;0.6446
model_cifar10_lr0.001_30epochs;gradient;7;4;20;0.1;30;0.03;0.2;0.01;4000;1;False;0.7641;0.6985
model_cifar10_lr0.001_30epochs;gradient;7;4;20;0.1;30;0.03;0.2;0.01;4000;2;True;0.7641;0.6807
model_cifar10_lr0.001_30epochs;gradient;7;4;20;0.1;30;0.03;0.2;0.01;4000;3;False;0.7641;0.6945
model_cifar10_lr0.001_30epochs;gradient;7;4;20;0.1;30;0.03;0.2;0.01;4000;4;False;0.7641;0.7029
model_cifar10_lr0.001_30epochs;gradient;7;4;20;0.1;30;0.03;0.2;0.01;4000;5;False;0.7641;0.7138
model_cifar10_lr0.001_30epochs;gradient;7;4;20;0.1;60;0.03;0.0;0.01;2000;1;False;0.7641;0.6882
model_cifar10_lr0.001_30epochs;gradient;7;4;20;0.1;60;0.03;0.0;0.01;2000;2;False;0.7641;0.6905
model_cifar10_lr0.001_30epochs;gradient;7;4;20;0.1;60;0.03;0.0;0.01;2000;3;False;0.7641;0.7159
model_cifar10_lr0.001_30epochs;gradient;7;4;20;0.1;60;0.03;0.0;0.01;2000;4;False;0.7641;0.6191
model_cifar10_lr0.001_30epochs;gradient;7;4;20;0.1;60;0.03;0.0;0.01;2000;5;False;0.7641;0.6521
model_cifar10_lr0.001_30epochs;gradient;7;4;20;0.1;60;0.03;0.0;0.01;4000;1;False;0.7641;0.7037
model_cifar10_lr0.001_30epochs;gradient;7;4;20;0.1;60;0.03;0.0;0.01;4000;2;False;0.7641;0.6252
model_cifar10_lr0.001_30epochs;gradient;7;4;20;0.1;60;0.03;0.0;0.01;4000;3;False;0.7641;0.6471
model_cifar10_lr0.001_30epochs;gradient;7;4;20;0.1;60;0.03;0.0;0.01;4000;4;False;0.7641;0.6875
model_cifar10_lr0.001_30epochs;gradient;7;4;20;0.1;60;0.03;0.0;0.01;4000;5;False;0.7641;0.7075
model_cifar10_lr0.001_30epochs;gradient;7;4;20;0.1;60;0.03;0.2;0.01;2000;1;False;0.7641;0.7104
model_cifar10_lr0.001_30epochs;gradient;7;4;20;0.1;60;0.03;0.2;0.01;2000;2;False;0.7641;0.6985
model_cifar10_lr0.001_30epochs;gradient;7;4;20;0.1;60;0.03;0.2;0.01;2000;3;False;0.7641;0.6727
model_cifar10_lr0.001_30epochs;gradient;7;4;20;0.1;60;0.03;0.2;0.01;2000;4;False;0.7641;0.7095
model_cifar10_lr0.001_30epochs;gradient;7;4;20;0.1;60;0.03;0.2;0.01;2000;5;False;0.7641;0.6921
model_cifar10_lr0.001_30epochs;gradient;7;4;20;0.1;60;0.03;0.2;0.01;4000;1;False;0.7641;0.5778
model_cifar10_lr0.001_30epochs;gradient;7;4;20;0.1;60;0.03;0.2;0.01;4000;2;False;0.7641;0.7108
model_cifar10_lr0.001_30epochs;gradient;7;4;20;0.1;60;0.03;0.2;0.01;4000;3;False;0.7641;0.6947
model_cifar10_lr0.001_30epochs;gradient;7;4;20;0.1;60;0.03;0.2;0.01;4000;4;False;0.7641;0.7009
model_cifar10_lr0.001_30epochs;gradient;7;4;20;0.1;60;0.03;0.2;0.01;4000;5;False;0.7641;0.6959
model_cifar10_lr0.001_30epochs;gradient;7;4;20;0.1;30;0.05;0.0;0.01;2000;1;False;0.7641;0.6768
model_cifar10_lr0.001_30epochs;gradient;7;4;20;0.1;30;0.05;0.0;0.01;2000;2;False;0.7641;0.6849
model_cifar10_lr0.001_30epochs;gradient;7;4;20;0.1;30;0.05;0.0;0.01;2000;3;False;0.7641;0.7051
model_cifar10_lr0.001_30epochs;gradient;7;4;20;0.1;30;0.05;0.0;0.01;2000;4;False;0.7641;0.695
model_cifar10_lr0.001_30epochs;gradient;7;4;20;0.1;30;0.05;0.0;0.01;2000;5;False;0.7641;0.6729
model_cifar10_lr0.001_30epochs;gradient;7;4;20;0.1;30;0.05;0.0;0.01;4000;1;False;0.7641;0.699
model_cifar10_lr0.001_30epochs;gradient;7;4;20;0.1;30;0.05;0.0;0.01;4000;2;False;0.7641;0.6821
model_cifar10_lr0.001_30epochs;gradient;7;4;20;0.1;30;0.05;0.0;0.01;4000;3;False;0.7641;0.6767
model_cifar10_lr0.001_30epochs;gradient;7;4;20;0.1;30;0.05;0.0;0.01;4000;4;False;0.7641;0.6842
model_cifar10_lr0.001_30epochs;gradient;7;4;20;0.1;30;0.05;0.0;0.01;4000;5;False;0.7641;0.6557
model_cifar10_lr0.001_30epochs;gradient;7;4;20;0.1;30;0.05;0.2;0.01;2000;1;False;0.7641;0.7144
model_cifar10_lr0.001_30epochs;gradient;7;4;20;0.1;30;0.05;0.2;0.01;2000;2;False;0.7641;0.6057
model_cifar10_lr0.001_30epochs;gradient;7;4;20;0.1;30;0.05;0.2;0.01;2000;3;False;0.7641;0.6957
model_cifar10_lr0.001_30epochs;gradient;7;4;20;0.1;30;0.05;0.2;0.01;2000;4;False;0.7641;0.6865
model_cifar10_lr0.001_30epochs;gradient;7;4;20;0.1;30;0.05;0.2;0.01;2000;5;False;0.7641;0.7009
model_cifar10_lr0.001_30epochs;gradient;7;4;20;0.1;30;0.05;0.2;0.01;4000;1;False;0.7641;0.6241
model_cifar10_lr0.001_30epochs;gradient;7;4;20;0.1;30;0.05;0.2;0.01;4000;2;False;0.7641;0.6735
model_cifar10_lr0.001_30epochs;gradient;7;4;20;0.1;30;0.05;0.2;0.01;4000;3;False;0.7641;0.6851
model_cifar10_lr0.001_30epochs;gradient;7;4;20;0.1;30;0.05;0.2;0.01;4000;4;False;0.7641;0.6792
model_cifar10_lr0.001_30epochs;gradient;7;4;20;0.1;30;0.05;0.2;0.01;4000;5;False;0.7641;0.7184
model_cifar10_lr0.001_30epochs;gradient;7;4;20;0.1;60;0.05;0.0;0.01;2000;1;True;0.7641;0.6562
model_cifar10_lr0.001_30epochs;gradient;7;4;20;0.1;60;0.05;0.0;0.01;2000;2;False;0.7641;0.7244
model_cifar10_lr0.001_30epochs;gradient;7;4;20;0.1;60;0.05;0.0;0.01;2000;3;False;0.7641;0.7166
model_cifar10_lr0.001_30epochs;gradient;7;4;20;0.1;60;0.05;0.0;0.01;2000;4;False;0.7641;0.6953
model_cifar10_lr0.001_30epochs;gradient;7;4;20;0.1;60;0.05;0.0;0.01;2000;5;True;0.7641;0.672
model_cifar10_lr0.001_30epochs;gradient;7;4;20;0.1;60;0.05;0.0;0.01;4000;1;False;0.7641;0.6878
model_cifar10_lr0.001_30epochs;gradient;7;4;20;0.1;60;0.05;0.0;0.01;4000;2;False;0.7641;0.702
model_cifar10_lr0.001_30epochs;gradient;7;4;20;0.1;60;0.05;0.0;0.01;4000;3;False;0.7641;0.706
model_cifar10_lr0.001_30epochs;gradient;7;4;20;0.1;60;0.05;0.0;0.01;4000;4;False;0.7641;0.7223
model_cifar10_lr0.001_30epochs;gradient;7;4;20;0.1;60;0.05;0.0;0.01;4000;5;False;0.7641;0.6857
model_cifar10_lr0.001_30epochs;gradient;7;4;20;0.1;60;0.05;0.2;0.01;2000;1;False;0.7641;0.6662
model_cifar10_lr0.001_30epochs;gradient;7;4;20;0.1;60;0.05;0.2;0.01;2000;2;False;0.7641;0.703
model_cifar10_lr0.001_30epochs;gradient;7;4;20;0.1;60;0.05;0.2;0.01;2000;3;False;0.7641;0.6932
model_cifar10_lr0.001_30epochs;gradient;7;4;20;0.1;60;0.05;0.2;0.01;2000;4;False;0.7641;0.6773
model_cifar10_lr0.001_30epochs;gradient;7;4;20;0.1;60;0.05;0.2;0.01;2000;5;False;0.7641;0.7217
model_cifar10_lr0.001_30epochs;gradient;7;4;20;0.1;60;0.05;0.2;0.01;4000;1;False;0.7641;0.6987
model_cifar10_lr0.001_30epochs;gradient;7;4;20;0.1;60;0.05;0.2;0.01;4000;2;False;0.7641;0.6678
model_cifar10_lr0.001_30epochs;gradient;7;4;20;0.1;60;0.05;0.2;0.01;4000;3;False;0.7641;0.7039
model_cifar10_lr0.001_30epochs;gradient;7;4;20;0.1;60;0.05;0.2;0.01;4000;4;False;0.7641;0.6938
model_cifar10_lr0.001_30epochs;gradient;7;4;20;0.1;60;0.05;0.2;0.01;4000;5;False;0.7641;0.6998
model_mnist_lr0.0075;fc;1;7;20;0.1;30;0.01;0.0;0.01;2000;1;False;0.9266;0.9188
model_mnist_lr0.0075;fc;1;7;20;0.1;30;0.01;0.0;0.01;2000;2;False;0.9266;0.9202
model_mnist_lr0.0075;fc;1;7;20;0.1;30;0.01;0.0;0.01;2000;3;False;0.9266;0.9259
model_mnist_lr0.0075;fc;1;7;20;0.1;30;0.01;0.0;0.01;2000;4;False;0.9266;0.9077
model_mnist_lr0.0075;fc;1;7;20;0.1;30;0.01;0.0;0.01;2000;5;False;0.9266;0.9245
model_mnist_lr0.0075;fc;1;7;20;0.1;30;0.01;0.0;0.01;4000;1;False;0.9266;0.9222
model_mnist_lr0.0075;fc;1;7;20;0.1;30;0.01;0.0;0.01;4000;2;False;0.9266;0.9124
model_mnist_lr0.0075;fc;1;7;20;0.1;30;0.01;0.0;0.01;4000;3;False;0.9266;0.9184
model_mnist_lr0.0075;fc;1;7;20;0.1;30;0.01;0.0;0.01;4000;4;False;0.9266;0.9223
model_mnist_lr0.0075;fc;1;7;20;0.1;30;0.01;0.0;0.01;4000;5;False;0.9266;0.9196
model_mnist_lr0.0075;fc;1;7;20;0.1;30;0.01;0.2;0.01;2000;1;False;0.9266;0.9263
model_mnist_lr0.0075;fc;1;7;20;0.1;30;0.01;0.2;0.01;2000;2;False;0.9266;0.9226
model_mnist_lr0.0075;fc;1;7;20;0.1;30;0.01;0.2;0.01;2000;3;False;0.9266;0.9233
model_mnist_lr0.0075;fc;1;7;20;0.1;30;0.01;0.2;0.01;2000;4;False;0.9266;0.8945
model_mnist_lr0.0075;fc;1;7;20;0.1;30;0.01;0.2;0.01;2000;5;False;0.9266;0.9279
model_mnist_lr0.0075;fc;1;7;20;0.1;30;0.01;0.2;0.01;4000;1;False;0.9266;0.9142
model_mnist_lr0.0075;fc;1;7;20;0.1;30;0.01;0.2;0.01;4000;2;False;0.9266;0.919
model_mnist_lr0.0075;fc;1;7;20;0.1;30;0.01;0.2;0.01;4000;3;False;0.9266;0.9182
model_mnist_lr0.0075;fc;1;7;20;0.1;30;0.01;0.2;0.01;4000;4;False;0.9266;0.922
model_mnist_lr0.0075;fc;1;7;20;0.1;30;0.01;0.2;0.01;4000;5;False;0.9266;0.9233
model_mnist_lr0.0075;fc;1;7;20;0.1;60;0.01;0.0;0.01;2000;1;False;0.9266;0.9213
model_mnist_lr0.0075;fc;1;7;20;0.1;60;0.01;0.0;0.01;2000;2;False;0.9266;0.926
model_mnist_lr0.0075;fc;1;7;20;0.1;60;0.01;0.0;0.01;2000;3;False;0.9266;0.921
model_mnist_lr0.0075;fc;1;7;20;0.1;60;0.01;0.0;0.01;2000;4;False;0.9266;0.9245
model_mnist_lr0.0075;fc;1;7;20;0.1;60;0.01;0.0;0.01;2000;5;False;0.9266;0.927
model_mnist_lr0.0075;fc;1;7;20;0.1;60;0.01;0.0;0.01;4000;1;False;0.9266;0.909
model_mnist_lr0.0075;fc;1;7;20;0.1;60;0.01;0.0;0.01;4000;2;False;0.9266;0.922
model_mnist_lr0.0075;fc;1;7;20;0.1;60;0.01;0.0;0.01;4000;3;False;0.9266;0.9214
model_mnist_lr0.0075;fc;1;7;20;0.1;60;0.01;0.0;0.01;4000;4;False;0.9266;0.9242
model_mnist_lr0.0075;fc;1;7;20;0.1;60;0.01;0.0;0.01;4000;5;False;0.9266;0.9217
model_mnist_lr0.0075;fc;1;7;20;0.1;60;0.01;0.2;0.01;2000;1;False;0.9266;0.9179
model_mnist_lr0.0075;fc;1;7;20;0.1;60;0.01;0.2;0.01;2000;2;False;0.9266;0.9218
model_mnist_lr0.0075;fc;1;7;20;0.1;60;0.01;0.2;0.01;2000;3;False;0.9266;0.919
model_mnist_lr0.0075;fc;1;7;20;0.1;60;0.01;0.2;0.01;2000;4;False;0.9266;0.9121
model_mnist_lr0.0075;fc;1;7;20;0.1;60;0.01;0.2;0.01;2000;5;False;0.9266;0.9119
model_mnist_lr0.0075;fc;1;7;20;0.1;60;0.01;0.2;0.01;4000;1;False;0.9266;0.9244
model_mnist_lr0.0075;fc;1;7;20;0.1;60;0.01;0.2;0.01;4000;2;False;0.9266;0.9174
model_mnist_lr0.0075;fc;1;7;20;0.1;60;0.01;0.2;0.01;4000;3;False;0.9266;0.9245
model_mnist_lr0.0075;fc;1;7;20;0.1;60;0.01;0.2;0.01;4000;4;False;0.9266;0.9248
model_mnist_lr0.0075;fc;1;7;20;0.1;60;0.01;0.2;0.01;4000;5;False;0.9266;0.9225
model_mnist_lr0.0075;fc;1;7;20;0.1;30;0.03;0.0;0.01;2000;1;False;0.9266;0.9085
model_mnist_lr0.0075;fc;1;7;20;0.1;30;0.03;0.0;0.01;2000;2;False;0.9266;0.9264
model_mnist_lr0.0075;fc;1;7;20;0.1;30;0.03;0.0;0.01;2000;3;False;0.9266;0.9139
model_mnist_lr0.0075;fc;1;7;20;0.1;30;0.03;0.0;0.01;2000;4;False;0.9266;0.9268
model_mnist_lr0.0075;fc;1;7;20;0.1;30;0.03;0.0;0.01;2000;5;False;0.9266;0.8938
model_mnist_lr0.0075;fc;1;7;20;0.1;30;0.03;0.0;0.01;4000;1;False;0.9266;0.9218
model_mnist_lr0.0075;fc;1;7;20;0.1;30;0.03;0.0;0.01;4000;2;False;0.9266;0.9038
model_mnist_lr0.0075;fc;1;7;20;0.1;30;0.03;0.0;0.01;4000;3;False;0.9266;0.9231
model_mnist_lr0.0075;fc;1;7;20;0.1;30;0.03;0.0;0.01;4000;4;False;0.9266;0.9263
model_mnist_lr0.0075;fc;1;7;20;0.1;30;0.03;0.0;0.01;4000;5;False;0.9266;0.9215
model_mnist_lr0.0075;fc;1;7;20;0.1;30;0.03;0.2;0.01;2000;1;False;0.9266;0.9159
model_mnist_lr0.0075;fc;1;7;20;0.1;30;0.03;0.2;0.01;2000;2;False;0.9266;0.9242
model_mnist_lr0.0075;fc;1;7;20;0.1;30;0.03;0.2;0.01;2000;3;False;0.9266;0.9177
model_mnist_lr0.0075;fc;1;7;20;0.1;30;0.03;0.2;0.01;2000;4;False;0.9266;0.9228
model_mnist_lr0.0075;fc;1;7;20;0.1;30;0.03;0.2;0.01;2000;5;False;0.9266;0.9254
model_mnist_lr0.0075;fc;1;7;20;0.1;30;0.03;0.2;0.01;4000;1;False;0.9266;0.8964
model_mnist_lr0.0075;fc;1;7;20;0.1;30;0.03;0.2;0.01;4000;2;False;0.9266;0.9229
model_mnist_lr0.0075;fc;1;7;20;0.1;30;0.03;0.2;0.01;4000;3;False;0.9266;0.9209
model_mnist_lr0.0075;fc;1;7;20;0.1;30;0.03;0.2;0.01;4000;4;False;0.9266;0.8851
model_mnist_lr0.0075;fc;1;7;20;0.1;30;0.03;0.2;0.01;4000;5;False;0.9266;0.9137
model_mnist_lr0.0075;fc;1;7;20;0.1;60;0.03;0.0;0.01;2000;1;False;0.9266;0.9216
model_mnist_lr0.0075;fc;1;7;20;0.1;60;0.03;0.0;0.01;2000;2;False;0.9266;0.9248
model_mnist_lr0.0075;fc;1;7;20;0.1;60;0.03;0.0;0.01;2000;3;False;0.9266;0.9134
model_mnist_lr0.0075;fc;1;7;20;0.1;60;0.03;0.0;0.01;2000;4;False;0.9266;0.9256
model_mnist_lr0.0075;fc;1;7;20;0.1;60;0.03;0.0;0.01;2000;5;False;0.9266;0.9153
model_mnist_lr0.0075;fc;1;7;20;0.1;60;0.03;0.0;0.01;4000;1;False;0.9266;0.9261
model_mnist_lr0.0075;fc;1;7;20;0.1;60;0.03;0.0;0.01;4000;2;False;0.9266;0.9204
model_mnist_lr0.0075;fc;1;7;20;0.1;60;0.03;0.0;0.01;4000;3;False;0.9266;0.9201
model_mnist_lr0.0075;fc;1;7;20;0.1;60;0.03;0.0;0.01;4000;4;False;0.9266;0.9208
model_mnist_lr0.0075;fc;1;7;20;0.1;60;0.03;0.0;0.01;4000;5;False;0.9266;0.921
model_mnist_lr0.0075;fc;1;7;20;0.1;60;0.03;0.2;0.01;2000;1;False;0.9266;0.8954
model_mnist_lr0.0075;fc;1;7;20;0.1;60;0.03;0.2;0.01;2000;2;False;0.9266;0.92
model_mnist_lr0.0075;fc;1;7;20;0.1;60;0.03;0.2;0.01;2000;3;False;0.9266;0.9219
model_mnist_lr0.0075;fc;1;7;20;0.1;60;0.03;0.2;0.01;2000;4;False;0.9266;0.9208
model_mnist_lr0.0075;fc;1;7;20;0.1;60;0.03;0.2;0.01;2000;5;False;0.9266;0.9214
model_mnist_lr0.0075;fc;1;7;20;0.1;60;0.03;0.2;0.01;4000;1;False;0.9266;0.922
model_mnist_lr0.0075;fc;1;7;20;0.1;60;0.03;0.2;0.01;4000;2;False;0.9266;0.9079
model_mnist_lr0.0075;fc;1;7;20;0.1;60;0.03;0.2;0.01;4000;3;False;0.9266;0.9184
model_mnist_lr0.0075;fc;1;7;20;0.1;60;0.03;0.2;0.01;4000;4;False;0.9266;0.9183
model_mnist_lr0.0075;fc;1;7;20;0.1;60;0.03;0.2;0.01;4000;5;False;0.9266;0.9261
model_mnist_lr0.0075;fc;1;7;20;0.1;30;0.05;0.0;0.01;2000;1;False;0.9266;0.9137
model_mnist_lr0.0075;fc;1;7;20;0.1;30;0.05;0.0;0.01;2000;2;False;0.9266;0.9253
model_mnist_lr0.0075;fc;1;7;20;0.1;30;0.05;0.0;0.01;2000;3;False;0.9266;0.9225
model_mnist_lr0.0075;fc;1;7;20;0.1;30;0.05;0.0;0.01;2000;4;False;0.9266;0.9162
model_mnist_lr0.0075;fc;1;7;20;0.1;30;0.05;0.0;0.01;2000;5;False;0.9266;0.9234
model_mnist_lr0.0075;fc;1;7;20;0.1;30;0.05;0.0;0.01;4000;1;False;0.9266;0.9244
model_mnist_lr0.0075;fc;1;7;20;0.1;30;0.05;0.0;0.01;4000;2;False;0.9266;0.9234
model_mnist_lr0.0075;fc;1;7;20;0.1;30;0.05;0.0;0.01;4000;3;False;0.9266;0.9134
model_mnist_lr0.0075;fc;1;7;20;0.1;30;0.05;0.0;0.01;4000;4;False;0.9266;0.8507
model_mnist_lr0.0075;fc;1;7;20;0.1;30;0.05;0.0;0.01;4000;5;False;0.9266;0.9175
model_mnist_lr0.0075;fc;1;7;20;0.1;30;0.05;0.2;0.01;2000;1;False;0.9266;0.9252
model_mnist_lr0.0075;fc;1;7;20;0.1;30;0.05;0.2;0.01;2000;2;False;0.9266;0.921
model_mnist_lr0.0075;fc;1;7;20;0.1;30;0.05;0.2;0.01;2000;3;False;0.9266;0.9177
model_mnist_lr0.0075;fc;1;7;20;0.1;30;0.05;0.2;0.01;2000;4;False;0.9266;0.9181
model_mnist_lr0.0075;fc;1;7;20;0.1;30;0.05;0.2;0.01;2000;5;False;0.9266;0.9239
model_mnist_lr0.0075;fc;1;7;20;0.1;30;0.05;0.2;0.01;4000;1;False;0.9266;0.923
model_mnist_lr0.0075;fc;1;7;20;0.1;30;0.05;0.2;0.01;4000;2;False;0.9266;0.9164
model_mnist_lr0.0075;fc;1;7;20;0.1;30;0.05;0.2;0.01;4000;3;False;0.9266;0.9252
model_mnist_lr0.0075;fc;1;7;20;0.1;30;0.05;0.2;0.01;4000;4;False;0.9266;0.8836
model_mnist_lr0.0075;fc;1;7;20;0.1;30;0.05;0.2;0.01;4000;5;False;0.9266;0.9191
model_mnist_lr0.0075;fc;1;7;20;0.1;60;0.05;0.0;0.01;2000;1;False;0.9266;0.9247
model_mnist_lr0.0075;fc;1;7;20;0.1;60;0.05;0.0;0.01;2000;2;False;0.9266;0.8994
model_mnist_lr0.0075;fc;1;7;20;0.1;60;0.05;0.0;0.01;2000;3;False;0.9266;0.9242
model_mnist_lr0.0075;fc;1;7;20;0.1;60;0.05;0.0;0.01;2000;4;False;0.9266;0.9258
model_mnist_lr0.0075;fc;1;7;20;0.1;60;0.05;0.0;0.01;2000;5;False;0.9266;0.9237
model_mnist_lr0.0075;fc;1;7;20;0.1;60;0.05;0.0;0.01;4000;1;False;0.9266;0.9179
model_mnist_lr0.0075;fc;1;7;20;0.1;60;0.05;0.0;0.01;4000;2;False;0.9266;0.9161
model_mnist_lr0.0075;fc;1;7;20;0.1;60;0.05;0.0;0.01;4000;3;False;0.9266;0.8857
model_mnist_lr0.0075;fc;1;7;20;0.1;60;0.05;0.0;0.01;4000;4;False;0.9266;0.9188
model_mnist_lr0.0075;fc;1;7;20;0.1;60;0.05;0.0;0.01;4000;5;False;0.9266;0.913
model_mnist_lr0.0075;fc;1;7;20;0.1;60;0.05;0.2;0.01;2000;1;False;0.9266;0.9263
model_mnist_lr0.0075;fc;1;7;20;0.1;60;0.05;0.2;0.01;2000;2;False;0.9266;0.9189
model_mnist_lr0.0075;fc;1;7;20;0.1;60;0.05;0.2;0.01;2000;3;False;0.9266;0.9221
model_mnist_lr0.0075;fc;1;7;20;0.1;60;0.05;0.2;0.01;2000;4;False;0.9266;0.9074
model_mnist_lr0.0075;fc;1;7;20;0.1;60;0.05;0.2;0.01;2000;5;False;0.9266;0.9228
model_mnist_lr0.0075;fc;1;7;20;0.1;60;0.05;0.2;0.01;4000;1;False;0.9266;0.8925
model_mnist_lr0.0075;fc;1;7;20;0.1;60;0.05;0.2;0.01;4000;2;False;0.9266;0.9182
model_mnist_lr0.0075;fc;1;7;20;0.1;60;0.05;0.2;0.01;4000;3;False;0.9266;0.923
model_mnist_lr0.0075;fc;1;7;20;0.1;60;0.05;0.2;0.01;4000;4;False;0.9266;0.911
model_mnist_lr0.0075;fc;1;7;20;0.1;60;0.05;0.2;0.01;4000;5;False;0.9266;0.9202
model_mnist_lr0.0075;fc;8;3;20;0.1;30;0.01;0.0;0.01;2000;1;False;0.9266;0.9088
model_mnist_lr0.0075;fc;8;3;20;0.1;30;0.01;0.0;0.01;2000;2;False;0.9266;0.9251
model_mnist_lr0.0075;fc;8;3;20;0.1;30;0.01;0.0;0.01;2000;3;False;0.9266;0.9165
model_mnist_lr0.0075;fc;8;3;20;0.1;30;0.01;0.0;0.01;2000;4;False;0.9266;0.9129
model_mnist_lr0.0075;fc;8;3;20;0.1;30;0.01;0.0;0.01;2000;5;False;0.9266;0.9224
model_mnist_lr0.0075;fc;8;3;20;0.1;30;0.01;0.0;0.01;4000;1;False;0.9266;0.9233
model_mnist_lr0.0075;fc;8;3;20;0.1;30;0.01;0.0;0.01;4000;2;False;0.9266;0.9224
model_mnist_lr0.0075;fc;8;3;20;0.1;30;0.01;0.0;0.01;4000;3;False;0.9266;0.9203
model_mnist_lr0.0075;fc;8;3;20;0.1;30;0.01;0.0;0.01;4000;4;False;0.9266;0.9243
model_mnist_lr0.0075;fc;8;3;20;0.1;30;0.01;0.0;0.01;4000;5;False;0.9266;0.9245
model_mnist_lr0.0075;fc;8;3;20;0.1;30;0.01;0.2;0.01;2000;1;False;0.9266;0.9214
model_mnist_lr0.0075;fc;8;3;20;0.1;30;0.01;0.2;0.01;2000;2;False;0.9266;0.9137
model_mnist_lr0.0075;fc;8;3;20;0.1;30;0.01;0.2;0.01;2000;3;False;0.9266;0.9258
model_mnist_lr0.0075;fc;8;3;20;0.1;30;0.01;0.2;0.01;2000;4;False;0.9266;0.9236
model_mnist_lr0.0075;fc;8;3;20;0.1;30;0.01;0.2;0.01;2000;5;False;0.9266;0.9226
model_mnist_lr0.0075;fc;8;3;20;0.1;30;0.01;0.2;0.01;4000;1;False;0.9266;0.9232
model_mnist_lr0.0075;fc;8;3;20;0.1;30;0.01;0.2;0.01;4000;2;False;0.9266;0.9251
model_mnist_lr0.0075;fc;8;3;20;0.1;30;0.01;0.2;0.01;4000;3;False;0.9266;0.9054
model_mnist_lr0.0075;fc;8;3;20;0.1;30;0.01;0.2;0.01;4000;4;False;0.9266;0.9261
model_mnist_lr0.0075;fc;8;3;20;0.1;30;0.01;0.2;0.01;4000;5;False;0.9266;0.908
model_mnist_lr0.0075;fc;8;3;20;0.1;60;0.01;0.0;0.01;2000;1;False;0.9266;0.9231
model_mnist_lr0.0075;fc;8;3;20;0.1;60;0.01;0.0;0.01;2000;2;True;0.9266;0.9037
model_mnist_lr0.0075;fc;8;3;20;0.1;60;0.01;0.0;0.01;2000;3;False;0.9266;0.9135
model_mnist_lr0.0075;fc;8;3;20;0.1;60;0.01;0.0;0.01;2000;4;False;0.9266;0.9209
model_mnist_lr0.0075;fc;8;3;20;0.1;60;0.01;0.0;0.01;2000;5;False;0.9266;0.92
model_mnist_lr0.0075;fc;8;3;20;0.1;60;0.01;0.0;0.01;4000;1;False;0.9266;0.919
model_mnist_lr0.0075;fc;8;3;20;0.1;60;0.01;0.0;0.01;4000;2;False;0.9266;0.9231
model_mnist_lr0.0075;fc;8;3;20;0.1;60;0.01;0.0;0.01;4000;3;False;0.9266;0.9213
model_mnist_lr0.0075;fc;8;3;20;0.1;60;0.01;0.0;0.01;4000;4;False;0.9266;0.9079
model_mnist_lr0.0075;fc;8;3;20;0.1;60;0.01;0.0;0.01;4000;5;False;0.9266;0.9195
model_mnist_lr0.0075;fc;8;3;20;0.1;60;0.01;0.2;0.01;2000;1;False;0.9266;0.914
model_mnist_lr0.0075;fc;8;3;20;0.1;60;0.01;0.2;0.01;2000;2;False;0.9266;0.9168
model_mnist_lr0.0075;fc;8;3;20;0.1;60;0.01;0.2;0.01;2000;3;False;0.9266;0.9073
model_mnist_lr0.0075;fc;8;3;20;0.1;60;0.01;0.2;0.01;2000;4;False;0.9266;0.9168
model_mnist_lr0.0075;fc;8;3;20;0.1;60;0.01;0.2;0.01;2000;5;False;0.9266;0.9223
model_mnist_lr0.0075;fc;8;3;20;0.1;60;0.01;0.2;0.01;4000;1;False;0.9266;0.9226
model_mnist_lr0.0075;fc;8;3;20;0.1;60;0.01;0.2;0.01;4000;2;False;0.9266;0.9234
model_mnist_lr0.0075;fc;8;3;20;0.1;60;0.01;0.2;0.01;4000;3;False;0.9266;0.923
model_mnist_lr0.0075;fc;8;3;20;0.1;60;0.01;0.2;0.01;4000;4;False;0.9266;0.9255
model_mnist_lr0.0075;fc;8;3;20;0.1;60;0.01;0.2;0.01;4000;5;False;0.9266;0.9245
model_mnist_lr0.0075;fc;8;3;20;0.1;30;0.03;0.0;0.01;2000;1;False;0.9266;0.8922
model_mnist_lr0.0075;fc;8;3;20;0.1;30;0.03;0.0;0.01;2000;2;False;0.9266;0.8816
model_mnist_lr0.0075;fc;8;3;20;0.1;30;0.03;0.0;0.01;2000;3;False;0.9266;0.8682
model_mnist_lr0.0075;fc;8;3;20;0.1;30;0.03;0.0;0.01;2000;4;False;0.9266;0.8944
model_mnist_lr0.0075;fc;8;3;20;0.1;30;0.03;0.0;0.01;2000;5;False;0.9266;0.9254
model_mnist_lr0.0075;fc;8;3;20;0.1;30;0.03;0.0;0.01;4000;1;False;0.9266;0.9143
model_mnist_lr0.0075;fc;8;3;20;0.1;30;0.03;0.0;0.01;4000;2;False;0.9266;0.9067
model_mnist_lr0.0075;fc;8;3;20;0.1;30;0.03;0.0;0.01;4000;3;False;0.9266;0.922
model_mnist_lr0.0075;fc;8;3;20;0.1;30;0.03;0.0;0.01;4000;4;False;0.9266;0.9177
model_mnist_lr0.0075;fc;8;3;20;0.1;30;0.03;0.0;0.01;4000;5;False;0.9266;0.9236
model_mnist_lr0.0075;fc;8;3;20;0.1;30;0.03;0.2;0.01;2000;1;False;0.9266;0.9253
model_mnist_lr0.0075;fc;8;3;20;0.1;30;0.03;0.2;0.01;2000;2;False;0.9266;0.9219
model_mnist_lr0.0075;fc;8;3;20;0.1;30;0.03;0.2;0.01;2000;3;False;0.9266;0.9164
model_mnist_lr0.0075;fc;8;3;20;0.1;30;0.03;0.2;0.01;2000;4;False;0.9266;0.8212
model_mnist_lr0.0075;fc;8;3;20;0.1;30;0.03;0.2;0.01;2000;5;False;0.9266;0.9236
model_mnist_lr0.0075;fc;8;3;20;0.1;30;0.03;0.2;0.01;4000;1;False;0.9266;0.9194
model_mnist_lr0.0075;fc;8;3;20;0.1;30;0.03;0.2;0.01;4000;2;False;0.9266;0.9206
model_mnist_lr0.0075;fc;8;3;20;0.1;30;0.03;0.2;0.01;4000;3;False;0.9266;0.8879
model_mnist_lr0.0075;fc;8;3;20;0.1;30;0.03;0.2;0.01;4000;4;False;0.9266;0.9223
model_mnist_lr0.0075;fc;8;3;20;0.1;30;0.03;0.2;0.01;4000;5;False;0.9266;0.9249
model_mnist_lr0.0075;fc;8;3;20;0.1;60;0.03;0.0;0.01;2000;1;False;0.9266;0.9205
model_mnist_lr0.0075;fc;8;3;20;0.1;60;0.03;0.0;0.01;2000;2;False;0.9266;0.9079
model_mnist_lr0.0075;fc;8;3;20;0.1;60;0.03;0.0;0.01;2000;3;False;0.9266;0.9218
model_mnist_lr0.0075;fc;8;3;20;0.1;60;0.03;0.0;0.01;2000;4;False;0.9266;0.9241
model_mnist_lr0.0075;fc;8;3;20;0.1;60;0.03;0.0;0.01;2000;5;False;0.9266;0.9099
model_mnist_lr0.0075;fc;8;3;20;0.1;60;0.03;0.0;0.01;4000;1;False;0.9266;0.9195
model_mnist_lr0.0075;fc;8;3;20;0.1;60;0.03;0.0;0.01;4000;2;False;0.9266;0.9224
model_mnist_lr0.0075;fc;8;3;20;0.1;60;0.03;0.0;0.01;4000;3;False;0.9266;0.9226
model_mnist_lr0.0075;fc;8;3;20;0.1;60;0.03;0.0;0.01;4000;4;False;0.9266;0.9002
model_mnist_lr0.0075;fc;8;3;20;0.1;60;0.03;0.0;0.01;4000;5;False;0.9266;0.9233
model_mnist_lr0.0075;fc;8;3;20;0.1;60;0.03;0.2;0.01;2000;1;False;0.9266;0.9174
model_mnist_lr0.0075;fc;8;3;20;0.1;60;0.03;0.2;0.01;2000;2;False;0.9266;0.8997
model_mnist_lr0.0075;fc;8;3;20;0.1;60;0.03;0.2;0.01;2000;3;False;0.9266;0.9232
model_mnist_lr0.0075;fc;8;3;20;0.1;60;0.03;0.2;0.01;2000;4;False;0.9266;0.9206
model_mnist_lr0.0075;fc;8;3;20;0.1;60;0.03;0.2;0.01;2000;5;False;0.9266;0.9194
model_mnist_lr0.0075;fc;8;3;20;0.1;60;0.03;0.2;0.01;4000;1;False;0.9266;0.9245
model_mnist_lr0.0075;fc;8;3;20;0.1;60;0.03;0.2;0.01;4000;2;False;0.9266;0.9204
model_mnist_lr0.0075;fc;8;3;20;0.1;60;0.03;0.2;0.01;4000;3;False;0.9266;0.9241
model_mnist_lr0.0075;fc;8;3;20;0.1;60;0.03;0.2;0.01;4000;4;False;0.9266;0.9242
model_mnist_lr0.0075;fc;8;3;20;0.1;60;0.03;0.2;0.01;4000;5;False;0.9266;0.9261
model_mnist_lr0.0075;fc;8;3;20;0.1;30;0.05;0.0;0.01;2000;1;False;0.9266;0.9187
model_mnist_lr0.0075;fc;8;3;20;0.1;30;0.05;0.0;0.01;2000;2;False;0.9266;0.9242
model_mnist_lr0.0075;fc;8;3;20;0.1;30;0.05;0.0;0.01;2000;3;False;0.9266;0.92
model_mnist_lr0.0075;fc;8;3;20;0.1;30;0.05;0.0;0.01;2000;4;False;0.9266;0.9223
model_mnist_lr0.0075;fc;8;3;20;0.1;30;0.05;0.0;0.01;2000;5;False;0.9266;0.9255
model_mnist_lr0.0075;fc;8;3;20;0.1;30;0.05;0.0;0.01;4000;1;False;0.9266;0.9244
model_mnist_lr0.0075;fc;8;3;20;0.1;30;0.05;0.0;0.01;4000;2;False;0.9266;0.9166
model_mnist_lr0.0075;fc;8;3;20;0.1;30;0.05;0.0;0.01;4000;3;False;0.9266;0.9232
model_mnist_lr0.0075;fc;8;3;20;0.1;30;0.05;0.0;0.01;4000;4;False;0.9266;0.9233
model_mnist_lr0.0075;fc;8;3;20;0.1;30;0.05;0.0;0.01;4000;5;False;0.9266;0.9179
model_mnist_lr0.0075;fc;8;3;20;0.1;30;0.05;0.2;0.01;2000;1;False;0.9266;0.9185
model_mnist_lr0.0075;fc;8;3;20;0.1;30;0.05;0.2;0.01;2000;2;False;0.9266;0.9247
model_mnist_lr0.0075;fc;8;3;20;0.1;30;0.05;0.2;0.01;2000;3;False;0.9266;0.9225
model_mnist_lr0.0075;fc;8;3;20;0.1;30;0.05;0.2;0.01;2000;4;False;0.9266;0.9238
model_mnist_lr0.0075;fc;8;3;20;0.1;30;0.05;0.2;0.01;2000;5;False;0.9266;0.9204
model_mnist_lr0.0075;fc;8;3;20;0.1;30;0.05;0.2;0.01;4000;1;False;0.9266;0.9189
model_mnist_lr0.0075;fc;8;3;20;0.1;30;0.05;0.2;0.01;4000;2;False;0.9266;0.9218
model_mnist_lr0.0075;fc;8;3;20;0.1;30;0.05;0.2;0.01;4000;3;False;0.9266;0.9236
model_mnist_lr0.0075;fc;8;3;20;0.1;30;0.05;0.2;0.01;4000;4;False;0.9266;0.9208
model_mnist_lr0.0075;fc;8;3;20;0.1;30;0.05;0.2;0.01;4000;5;False;0.9266;0.9215
model_mnist_lr0.0075;fc;8;3;20;0.1;60;0.05;0.0;0.01;2000;1;False;0.9266;0.9251
model_mnist_lr0.0075;fc;8;3;20;0.1;60;0.05;0.0;0.01;2000;2;False;0.9266;0.9246
model_mnist_lr0.0075;fc;8;3;20;0.1;60;0.05;0.0;0.01;2000;3;False;0.9266;0.8906
model_mnist_lr0.0075;fc;8;3;20;0.1;60;0.05;0.0;0.01;2000;4;False;0.9266;0.9251
model_mnist_lr0.0075;fc;8;3;20;0.1;60;0.05;0.0;0.01;2000;5;False;0.9266;0.9185
model_mnist_lr0.0075;fc;8;3;20;0.1;60;0.05;0.0;0.01;4000;1;False;0.9266;0.8688
model_mnist_lr0.0075;fc;8;3;20;0.1;60;0.05;0.0;0.01;4000;2;False;0.9266;0.9212
model_mnist_lr0.0075;fc;8;3;20;0.1;60;0.05;0.0;0.01;4000;3;False;0.9266;0.9205
model_mnist_lr0.0075;fc;8;3;20;0.1;60;0.05;0.0;0.01;4000;4;False;0.9266;0.9211
model_mnist_lr0.0075;fc;8;3;20;0.1;60;0.05;0.0;0.01;4000;5;False;0.9266;0.9136
model_mnist_lr0.0075;fc;8;3;20;0.1;60;0.05;0.2;0.01;2000;1;False;0.9266;0.9192
model_mnist_lr0.0075;fc;8;3;20;0.1;60;0.05;0.2;0.01;2000;2;False;0.9266;0.9221
model_mnist_lr0.0075;fc;8;3;20;0.1;60;0.05;0.2;0.01;2000;3;False;0.9266;0.9189
model_mnist_lr0.0075;fc;8;3;20;0.1;60;0.05;0.2;0.01;2000;4;False;0.9266;0.8989
model_mnist_lr0.0075;fc;8;3;20;0.1;60;0.05;0.2;0.01;2000;5;False;0.9266;0.9244
model_mnist_lr0.0075;fc;8;3;20;0.1;60;0.05;0.2;0.01;4000;1;False;0.9266;0.9216
model_mnist_lr0.0075;fc;8;3;20;0.1;60;0.05;0.2;0.01;4000;2;False;0.9266;0.8632
model_mnist_lr0.0075;fc;8;3;20;0.1;60;0.05;0.2;0.01;4000;3;False;0.9266;0.9091
model_mnist_lr0.0075;fc;8;3;20;0.1;60;0.05;0.2;0.01;4000;4;False;0.9266;0.926
model_mnist_lr0.0075;fc;8;3;20;0.1;60;0.05;0.2;0.01;4000;5;True;0.9266;0.9078
model_mnist_lr0.0075;fc;4;9;20;0.1;30;0.01;0.0;0.01;2000;1;False;0.9266;0.9224
model_mnist_lr0.0075;fc;4;9;20;0.1;30;0.01;0.0;0.01;2000;2;False;0.9266;0.9249
model_mnist_lr0.0075;fc;4;9;20;0.1;30;0.01;0.0;0.01;2000;3;False;0.9266;0.9236
model_mnist_lr0.0075;fc;4;9;20;0.1;30;0.01;0.0;0.01;2000;4;False;0.9266;0.921
model_mnist_lr0.0075;fc;4;9;20;0.1;30;0.01;0.0;0.01;2000;5;False;0.9266;0.9098
model_mnist_lr0.0075;fc;4;9;20;0.1;30;0.01;0.0;0.01;4000;1;False;0.9266;0.9219
model_mnist_lr0.0075;fc;4;9;20;0.1;30;0.01;0.0;0.01;4000;2;False;0.9266;0.9221
model_mnist_lr0.0075;fc;4;9;20;0.1;30;0.01;0.0;0.01;4000;3;False;0.9266;0.9193
model_mnist_lr0.0075;fc;4;9;20;0.1;30;0.01;0.0;0.01;4000;4;False;0.9266;0.9255
model_mnist_lr0.0075;fc;4;9;20;0.1;30;0.01;0.0;0.01;4000;5;False;0.9266;0.9248
model_mnist_lr0.0075;fc;4;9;20;0.1;30;0.01;0.2;0.01;2000;1;False;0.9266;0.9236
model_mnist_lr0.0075;fc;4;9;20;0.1;30;0.01;0.2;0.01;2000;2;False;0.9266;0.9224
model_mnist_lr0.0075;fc;4;9;20;0.1;30;0.01;0.2;0.01;2000;3;False;0.9266;0.9189
model_mnist_lr0.0075;fc;4;9;20;0.1;30;0.01;0.2;0.01;2000;4;False;0.9266;0.923
model_mnist_lr0.0075;fc;4;9;20;0.1;30;0.01;0.2;0.01;2000;5;False;0.9266;0.9204
model_mnist_lr0.0075;fc;4;9;20;0.1;30;0.01;0.2;0.01;4000;1;False;0.9266;0.9239
model_mnist_lr0.0075;fc;4;9;20;0.1;30;0.01;0.2;0.01;4000;2;False;0.9266;0.9113
model_mnist_lr0.0075;fc;4;9;20;0.1;30;0.01;0.2;0.01;4000;3;False;0.9266;0.9153
model_mnist_lr0.0075;fc;4;9;20;0.1;30;0.01;0.2;0.01;4000;4;False;0.9266;0.9182
model_mnist_lr0.0075;fc;4;9;20;0.1;30;0.01;0.2;0.01;4000;5;False;0.9266;0.9213
model_mnist_lr0.0075;fc;4;9;20;0.1;60;0.01;0.0;0.01;2000;1;False;0.9266;0.9203
model_mnist_lr0.0075;fc;4;9;20;0.1;60;0.01;0.0;0.01;2000;2;False;0.9266;0.9216
model_mnist_lr0.0075;fc;4;9;20;0.1;60;0.01;0.0;0.01;2000;3;False;0.9266;0.9248
model_mnist_lr0.0075;fc;4;9;20;0.1;60;0.01;0.0;0.01;2000;4;False;0.9266;0.9116
model_mnist_lr0.0075;fc;4;9;20;0.1;60;0.01;0.0;0.01;2000;5;False;0.9266;0.9148
model_mnist_lr0.0075;fc;4;9;20;0.1;60;0.01;0.0;0.01;4000;1;False;0.9266;0.7417
model_mnist_lr0.0075;fc;4;9;20;0.1;60;0.01;0.0;0.01;4000;2;False;0.9266;0.9144
model_mnist_lr0.0075;fc;4;9;20;0.1;60;0.01;0.0;0.01;4000;3;False;0.9266;0.9257
model_mnist_lr0.0075;fc;4;9;20;0.1;60;0.01;0.0;0.01;4000;4;False;0.9266;0.9243
model_mnist_lr0.0075;fc;4;9;20;0.1;60;0.01;0.0;0.01;4000;5;False;0.9266;0.9109
model_mnist_lr0.0075;fc;4;9;20;0.1;60;0.01;0.2;0.01;2000;1;False;0.9266;0.9235
model_mnist_lr0.0075;fc;4;9;20;0.1;60;0.01;0.2;0.01;2000;2;False;0.9266;0.9189
model_mnist_lr0.0075;fc;4;9;20;0.1;60;0.01;0.2;0.01;2000;3;False;0.9266;0.9181
model_mnist_lr0.0075;fc;4;9;20;0.1;60;0.01;0.2;0.01;2000;4;False;0.9266;0.9262
model_mnist_lr0.0075;fc;4;9;20;0.1;60;0.01;0.2;0.01;2000;5;False;0.9266;0.9172
model_mnist_lr0.0075;fc;4;9;20;0.1;60;0.01;0.2;0.01;4000;1;False;0.9266;0.9081
model_mnist_lr0.0075;fc;4;9;20;0.1;60;0.01;0.2;0.01;4000;2;False;0.9266;0.9193
model_mnist_lr0.0075;fc;4;9;20;0.1;60;0.01;0.2;0.01;4000;3;False;0.9266;0.9229
model_mnist_lr0.0075;fc;4;9;20;0.1;60;0.01;0.2;0.01;4000;4;False;0.9266;0.9233
model_mnist_lr0.0075;fc;4;9;20;0.1;60;0.01;0.2;0.01;4000;5;False;0.9266;0.9085
model_mnist_lr0.0075;fc;4;9;20;0.1;30;0.03;0.0;0.01;2000;1;False;0.9266;0.9079
model_mnist_lr0.0075;fc;4;9;20;0.1;30;0.03;0.0;0.01;2000;2;False;0.9266;0.9216
model_mnist_lr0.0075;fc;4;9;20;0.1;30;0.03;0.0;0.01;2000;3;False;0.9266;0.9215
model_mnist_lr0.0075;fc;4;9;20;0.1;30;0.03;0.0;0.01;2000;4;False;0.9266;0.9246
model_mnist_lr0.0075;fc;4;9;20;0.1;30;0.03;0.0;0.01;2000;5;False;0.9266;0.9125
model_mnist_lr0.0075;fc;4;9;20;0.1;30;0.03;0.0;0.01;4000;1;False;0.9266;0.9224
model_mnist_lr0.0075;fc;4;9;20;0.1;30;0.03;0.0;0.01;4000;2;False;0.9266;0.9226
model_mnist_lr0.0075;fc;4;9;20;0.1;30;0.03;0.0;0.01;4000;3;False;0.9266;0.9213
model_mnist_lr0.0075;fc;4;9;20;0.1;30;0.03;0.0;0.01;4000;4;False;0.9266;0.9225
model_mnist_lr0.0075;fc;4;9;20;0.1;30;0.03;0.0;0.01;4000;5;False;0.9266;0.9185
model_mnist_lr0.0075;fc;4;9;20;0.1;30;0.03;0.2;0.01;2000;1;False;0.9266;0.9211
model_mnist_lr0.0075;fc;4;9;20;0.1;30;0.03;0.2;0.01;2000;2;False;0.9266;0.9259
model_mnist_lr0.0075;fc;4;9;20;0.1;30;0.03;0.2;0.01;2000;3;False;0.9266;0.8943
model_mnist_lr0.0075;fc;4;9;20;0.1;30;0.03;0.2;0.01;2000;4;False;0.9266;0.9241
model_mnist_lr0.0075;fc;4;9;20;0.1;30;0.03;0.2;0.01;2000;5;False;0.9266;0.9233
model_mnist_lr0.0075;fc;4;9;20;0.1;30;0.03;0.2;0.01;4000;1;False;0.9266;0.9217
model_mnist_lr0.0075;fc;4;9;20;0.1;30;0.03;0.2;0.01;4000;2;False;0.9266;0.913
model_mnist_lr0.0075;fc;4;9;20;0.1;30;0.03;0.2;0.01;4000;3;False;0.9266;0.926
model_mnist_lr0.0075;fc;4;9;20;0.1;30;0.03;0.2;0.01;4000;4;False;0.9266;0.9022
model_mnist_lr0.0075;fc;4;9;20;0.1;30;0.03;0.2;0.01;4000;5;False;0.9266;0.9215
model_mnist_lr0.0075;fc;4;9;20;0.1;60;0.03;0.0;0.01;2000;1;False;0.9266;0.9084
model_mnist_lr0.0075;fc;4;9;20;0.1;60;0.03;0.0;0.01;2000;2;False;0.9266;0.9115
model_mnist_lr0.0075;fc;4;9;20;0.1;60;0.03;0.0;0.01;2000;3;False;0.9266;0.9248
model_mnist_lr0.0075;fc;4;9;20;0.1;60;0.03;0.0;0.01;2000;4;False;0.9266;0.922
model_mnist_lr0.0075;fc;4;9;20;0.1;60;0.03;0.0;0.01;2000;5;False;0.9266;0.9259
model_mnist_lr0.0075;fc;4;9;20;0.1;60;0.03;0.0;0.01;4000;1;False;0.9266;0.9273
model_mnist_lr0.0075;fc;4;9;20;0.1;60;0.03;0.0;0.01;4000;2;False;0.9266;0.8932
model_mnist_lr0.0075;fc;4;9;20;0.1;60;0.03;0.0;0.01;4000;3;False;0.9266;0.9231
model_mnist_lr0.0075;fc;4;9;20;0.1;60;0.03;0.0;0.01;4000;4;False;0.9266;0.9027
model_mnist_lr0.0075;fc;4;9;20;0.1;60;0.03;0.0;0.01;4000;5;False;0.9266;0.9225
model_mnist_lr0.0075;fc;4;9;20;0.1;60;0.03;0.2;0.01;2000;1;False;0.9266;0.9224
model_mnist_lr0.0075;fc;4;9;20;0.1;60;0.03;0.2;0.01;2000;2;False;0.9266;0.9019
model_mnist_lr0.0075;fc;4;9;20;0.1;60;0.03;0.2;0.01;2000;3;False;0.9266;0.9241
model_mnist_lr0.0075;fc;4;9;20;0.1;60;0.03;0.2;0.01;2000;4;False;0.9266;0.9224
model_mnist_lr0.0075;fc;4;9;20;0.1;60;0.03;0.2;0.01;2000;5;False;0.9266;0.9264
model_mnist_lr0.0075;fc;4;9;20;0.1;60;0.03;0.2;0.01;4000;1;False;0.9266;0.926
model_mnist_lr0.0075;fc;4;9;20;0.1;60;0.03;0.2;0.01;4000;2;False;0.9266;0.9195
model_mnist_lr0.0075;fc;4;9;20;0.1;60;0.03;0.2;0.01;4000;3;False;0.9266;0.9215
model_mnist_lr0.0075;fc;4;9;20;0.1;60;0.03;0.2;0.01;4000;4;False;0.9266;0.9179
model_mnist_lr0.0075;fc;4;9;20;0.1;60;0.03;0.2;0.01;4000;5;False;0.9266;0.9216
model_mnist_lr0.0075;fc;4;9;20;0.1;30;0.05;0.0;0.01;2000;1;False;0.9266;0.9128
model_mnist_lr0.0075;fc;4;9;20;0.1;30;0.05;0.0;0.01;2000;2;False;0.9266;0.9217
model_mnist_lr0.0075;fc;4;9;20;0.1;30;0.05;0.0;0.01;2000;3;False;0.9266;0.9186
model_mnist_lr0.0075;fc;4;9;20;0.1;30;0.05;0.0;0.01;2000;4;False;0.9266;0.9224
model_mnist_lr0.0075;fc;4;9;20;0.1;30;0.05;0.0;0.01;2000;5;False;0.9266;0.9136
model_mnist_lr0.0075;fc;4;9;20;0.1;30;0.05;0.0;0.01;4000;1;False;0.9266;0.9233
model_mnist_lr0.0075;fc;4;9;20;0.1;30;0.05;0.0;0.01;4000;2;False;0.9266;0.9232
model_mnist_lr0.0075;fc;4;9;20;0.1;30;0.05;0.0;0.01;4000;3;False;0.9266;0.9009
model_mnist_lr0.0075;fc;4;9;20;0.1;30;0.05;0.0;0.01;4000;4;False;0.9266;0.9254
model_mnist_lr0.0075;fc;4;9;20;0.1;30;0.05;0.0;0.01;4000;5;False;0.9266;0.9224
model_mnist_lr0.0075;fc;4;9;20;0.1;30;0.05;0.2;0.01;2000;1;False;0.9266;0.9216
model_mnist_lr0.0075;fc;4;9;20;0.1;30;0.05;0.2;0.01;2000;2;False;0.9266;0.9193
model_mnist_lr0.0075;fc;4;9;20;0.1;30;0.05;0.2;0.01;2000;3;False;0.9266;0.9251
model_mnist_lr0.0075;fc;4;9;20;0.1;30;0.05;0.2;0.01;2000;4;False;0.9266;0.9254
model_mnist_lr0.0075;fc;4;9;20;0.1;30;0.05;0.2;0.01;2000;5;False;0.9266;0.8959
model_mnist_lr0.0075;fc;4;9;20;0.1;30;0.05;0.2;0.01;4000;1;False;0.9266;0.925
model_mnist_lr0.0075;fc;4;9;20;0.1;30;0.05;0.2;0.01;4000;2;False;0.9266;0.9231
model_mnist_lr0.0075;fc;4;9;20;0.1;30;0.05;0.2;0.01;4000;3;False;0.9266;0.9207
model_mnist_lr0.0075;fc;4;9;20;0.1;30;0.05;0.2;0.01;4000;4;False;0.9266;0.9201
model_mnist_lr0.0075;fc;4;9;20;0.1;30;0.05;0.2;0.01;4000;5;False;0.9266;0.9177
model_mnist_lr0.0075;fc;4;9;20;0.1;60;0.05;0.0;0.01;2000;1;False;0.9266;0.9219
model_mnist_lr0.0075;fc;4;9;20;0.1;60;0.05;0.0;0.01;2000;2;False;0.9266;0.9156
model_mnist_lr0.0075;fc;4;9;20;0.1;60;0.05;0.0;0.01;2000;3;False;0.9266;0.9208
model_mnist_lr0.0075;fc;4;9;20;0.1;60;0.05;0.0;0.01;2000;4;False;0.9266;0.9249
model_mnist_lr0.0075;fc;4;9;20;0.1;60;0.05;0.0;0.01;2000;5;False;0.9266;0.9105
model_mnist_lr0.0075;fc;4;9;20;0.1;60;0.05;0.0;0.01;4000;1;False;0.9266;0.9207
model_mnist_lr0.0075;fc;4;9;20;0.1;60;0.05;0.0;0.01;4000;2;False;0.9266;0.9175
model_mnist_lr0.0075;fc;4;9;20;0.1;60;0.05;0.0;0.01;4000;3;False;0.9266;0.9204
model_mnist_lr0.0075;fc;4;9;20;0.1;60;0.05;0.0;0.01;4000;4;False;0.9266;0.9244
model_mnist_lr0.0075;fc;4;9;20;0.1;60;0.05;0.0;0.01;4000;5;False;0.9266;0.9206
model_mnist_lr0.0075;fc;4;9;20;0.1;60;0.05;0.2;0.01;2000;1;False;0.9266;0.925
model_mnist_lr0.0075;fc;4;9;20;0.1;60;0.05;0.2;0.01;2000;2;False;0.9266;0.9244
model_mnist_lr0.0075;fc;4;9;20;0.1;60;0.05;0.2;0.01;2000;3;False;0.9266;0.8996
model_mnist_lr0.0075;fc;4;9;20;0.1;60;0.05;0.2;0.01;2000;4;False;0.9266;0.9179
model_mnist_lr0.0075;fc;4;9;20;0.1;60;0.05;0.2;0.01;2000;5;False;0.9266;0.9127
model_mnist_lr0.0075;fc;4;9;20;0.1;60;0.05;0.2;0.01;4000;1;False;0.9266;0.9218
model_mnist_lr0.0075;fc;4;9;20;0.1;60;0.05;0.2;0.01;4000;2;False;0.9266;0.9266
model_mnist_lr0.0075;fc;4;9;20;0.1;60;0.05;0.2;0.01;4000;3;False;0.9266;0.9256
model_mnist_lr0.0075;fc;4;9;20;0.1;60;0.05;0.2;0.01;4000;4;False;0.9266;0.9172
model_mnist_lr0.0075;fc;4;9;20;0.1;60;0.05;0.2;0.01;4000;5;False;0.9266;0.9262
model_mnist_lr0.0075;fc;6;5;20;0.1;30;0.01;0.0;0.01;2000;1;False;0.9266;0.9249
model_mnist_lr0.0075;fc;6;5;20;0.1;30;0.01;0.0;0.01;2000;2;False;0.9266;0.9214
model_mnist_lr0.0075;fc;6;5;20;0.1;30;0.01;0.0;0.01;2000;3;False;0.9266;0.9243
model_mnist_lr0.0075;fc;6;5;20;0.1;30;0.01;0.0;0.01;2000;4;False;0.9266;0.9055
model_mnist_lr0.0075;fc;6;5;20;0.1;30;0.01;0.0;0.01;2000;5;False;0.9266;0.922
model_mnist_lr0.0075;fc;6;5;20;0.1;30;0.01;0.0;0.01;4000;1;False;0.9266;0.9213
model_mnist_lr0.0075;fc;6;5;20;0.1;30;0.01;0.0;0.01;4000;2;False;0.9266;0.92
model_mnist_lr0.0075;fc;6;5;20;0.1;30;0.01;0.0;0.01;4000;3;False;0.9266;0.9246
model_mnist_lr0.0075;fc;6;5;20;0.1;30;0.01;0.0;0.01;4000;4;False;0.9266;0.908
model_mnist_lr0.0075;fc;6;5;20;0.1;30;0.01;0.0;0.01;4000;5;False;0.9266;0.9159
model_mnist_lr0.0075;fc;6;5;20;0.1;30;0.01;0.2;0.01;2000;1;False;0.9266;0.9132
model_mnist_lr0.0075;fc;6;5;20;0.1;30;0.01;0.2;0.01;2000;2;False;0.9266;0.9046
model_mnist_lr0.0075;fc;6;5;20;0.1;30;0.01;0.2;0.01;2000;3;False;0.9266;0.9212
model_mnist_lr0.0075;fc;6;5;20;0.1;30;0.01;0.2;0.01;2000;4;False;0.9266;0.9191
model_mnist_lr0.0075;fc;6;5;20;0.1;30;0.01;0.2;0.01;2000;5;False;0.9266;0.9215
model_mnist_lr0.0075;fc;6;5;20;0.1;30;0.01;0.2;0.01;4000;1;False;0.9266;0.9245
model_mnist_lr0.0075;fc;6;5;20;0.1;30;0.01;0.2;0.01;4000;2;False;0.9266;0.9257
model_mnist_lr0.0075;fc;6;5;20;0.1;30;0.01;0.2;0.01;4000;3;False;0.9266;0.9157
model_mnist_lr0.0075;fc;6;5;20;0.1;30;0.01;0.2;0.01;4000;4;False;0.9266;0.9232
model_mnist_lr0.0075;fc;6;5;20;0.1;30;0.01;0.2;0.01;4000;5;False;0.9266;0.8658
model_mnist_lr0.0075;fc;6;5;20;0.1;60;0.01;0.0;0.01;2000;1;False;0.9266;0.9245
model_mnist_lr0.0075;fc;6;5;20;0.1;60;0.01;0.0;0.01;2000;2;False;0.9266;0.9217
model_mnist_lr0.0075;fc;6;5;20;0.1;60;0.01;0.0;0.01;2000;3;False;0.9266;0.9234
model_mnist_lr0.0075;fc;6;5;20;0.1;60;0.01;0.0;0.01;2000;4;False;0.9266;0.9228
model_mnist_lr0.0075;fc;6;5;20;0.1;60;0.01;0.0;0.01;2000;5;False;0.9266;0.8413
model_mnist_lr0.0075;fc;6;5;20;0.1;60;0.01;0.0;0.01;4000;1;False;0.9266;0.9062
model_mnist_lr0.0075;fc;6;5;20;0.1;60;0.01;0.0;0.01;4000;2;False;0.9266;0.9133
model_mnist_lr0.0075;fc;6;5;20;0.1;60;0.01;0.0;0.01;4000;3;False;0.9266;0.9168
model_mnist_lr0.0075;fc;6;5;20;0.1;60;0.01;0.0;0.01;4000;4;False;0.9266;0.9217
model_mnist_lr0.0075;fc;6;5;20;0.1;60;0.01;0.0;0.01;4000;5;False;0.9266;0.9248
model_mnist_lr0.0075;fc;6;5;20;0.1;60;0.01;0.2;0.01;2000;1;False;0.9266;0.9208
model_mnist_lr0.0075;fc;6;5;20;0.1;60;0.01;0.2;0.01;2000;2;False;0.9266;0.9102
model_mnist_lr0.0075;fc;6;5;20;0.1;60;0.01;0.2;0.01;2000;3;False;0.9266;0.9234
model_mnist_lr0.0075;fc;6;5;20;0.1;60;0.01;0.2;0.01;2000;4;False;0.9266;0.9226
model_mnist_lr0.0075;fc;6;5;20;0.1;60;0.01;0.2;0.01;2000;5;False;0.9266;0.9158
model_mnist_lr0.0075;fc;6;5;20;0.1;60;0.01;0.2;0.01;4000;1;False;0.9266;0.9239
model_mnist_lr0.0075;fc;6;5;20;0.1;60;0.01;0.2;0.01;4000;2;False;0.9266;0.9229
model_mnist_lr0.0075;fc;6;5;20;0.1;60;0.01;0.2;0.01;4000;3;False;0.9266;0.9131
model_mnist_lr0.0075;fc;6;5;20;0.1;60;0.01;0.2;0.01;4000;4;False;0.9266;0.9212
model_mnist_lr0.0075;fc;6;5;20;0.1;60;0.01;0.2;0.01;4000;5;False;0.9266;0.9255
model_mnist_lr0.0075;fc;6;5;20;0.1;30;0.03;0.0;0.01;2000;1;False;0.9266;0.9129
model_mnist_lr0.0075;fc;6;5;20;0.1;30;0.03;0.0;0.01;2000;2;False;0.9266;0.922
model_mnist_lr0.0075;fc;6;5;20;0.1;30;0.03;0.0;0.01;2000;3;False;0.9266;0.9181
model_mnist_lr0.0075;fc;6;5;20;0.1;30;0.03;0.0;0.01;2000;4;False;0.9266;0.9184
model_mnist_lr0.0075;fc;6;5;20;0.1;30;0.03;0.0;0.01;2000;5;False;0.9266;0.8817
model_mnist_lr0.0075;fc;6;5;20;0.1;30;0.03;0.0;0.01;4000;1;False;0.9266;0.9119
model_mnist_lr0.0075;fc;6;5;20;0.1;30;0.03;0.0;0.01;4000;2;False;0.9266;0.9158
model_mnist_lr0.0075;fc;6;5;20;0.1;30;0.03;0.0;0.01;4000;3;False;0.9266;0.9144
model_mnist_lr0.0075;fc;6;5;20;0.1;30;0.03;0.0;0.01;4000;4;False;0.9266;0.9195
model_mnist_lr0.0075;fc;6;5;20;0.1;30;0.03;0.0;0.01;4000;5;False;0.9266;0.9237
model_mnist_lr0.0075;fc;6;5;20;0.1;30;0.03;0.2;0.01;2000;1;False;0.9266;0.9237
model_mnist_lr0.0075;fc;6;5;20;0.1;30;0.03;0.2;0.01;2000;2;False;0.9266;0.9092
model_mnist_lr0.0075;fc;6;5;20;0.1;30;0.03;0.2;0.01;2000;3;False;0.9266;0.9213
model_mnist_lr0.0075;fc;6;5;20;0.1;30;0.03;0.2;0.01;2000;4;False;0.9266;0.9235
model_mnist_lr0.0075;fc;6;5;20;0.1;30;0.03;0.2;0.01;2000;5;False;0.9266;0.9209
model_mnist_lr0.0075;fc;6;5;20;0.1;30;0.03;0.2;0.01;4000;1;False;0.9266;0.9037
model_mnist_lr0.0075;fc;6;5;20;0.1;30;0.03;0.2;0.01;4000;2;False;0.9266;0.9253
model_mnist_lr0.0075;fc;6;5;20;0.1;30;0.03;0.2;0.01;4000;3;False;0.9266;0.9219
model_mnist_lr0.0075;fc;6;5;20;0.1;30;0.03;0.2;0.01;4000;4;False;0.9266;0.92
model_mnist_lr0.0075;fc;6;5;20;0.1;30;0.03;0.2;0.01;4000;5;False;0.9266;0.9187
model_mnist_lr0.0075;fc;6;5;20;0.1;60;0.03;0.0;0.01;2000;1;False;0.9266;0.9238
model_mnist_lr0.0075;fc;6;5;20;0.1;60;0.03;0.0;0.01;2000;2;False;0.9266;0.9084
model_mnist_lr0.0075;fc;6;5;20;0.1;60;0.03;0.0;0.01;2000;3;False;0.9266;0.9232
model_mnist_lr0.0075;fc;6;5;20;0.1;60;0.03;0.0;0.01;2000;4;False;0.9266;0.9252
model_mnist_lr0.0075;fc;6;5;20;0.1;60;0.03;0.0;0.01;2000;5;False;0.9266;0.922
model_mnist_lr0.0075;fc;6;5;20;0.1;60;0.03;0.0;0.01;4000;1;False;0.9266;0.9232
model_mnist_lr0.0075;fc;6;5;20;0.1;60;0.03;0.0;0.01;4000;2;False;0.9266;0.9245
model_mnist_lr0.0075;fc;6;5;20;0.1;60;0.03;0.0;0.01;4000;3;False;0.9266;0.9194
model_mnist_lr0.0075;fc;6;5;20;0.1;60;0.03;0.0;0.01;4000;4;False;0.9266;0.9237
model_mnist_lr0.0075;fc;6;5;20;0.1;60;0.03;0.0;0.01;4000;5;False;0.9266;0.9241
model_mnist_lr0.0075;fc;6;5;20;0.1;60;0.03;0.2;0.01;2000;1;False;0.9266;0.9214
model_mnist_lr0.0075;fc;6;5;20;0.1;60;0.03;0.2;0.01;2000;2;False;0.9266;0.914
model_mnist_lr0.0075;fc;6;5;20;0.1;60;0.03;0.2;0.01;2000;3;False;0.9266;0.9161
model_mnist_lr0.0075;fc;6;5;20;0.1;60;0.03;0.2;0.01;2000;4;False;0.9266;0.9209
model_mnist_lr0.0075;fc;6;5;20;0.1;60;0.03;0.2;0.01;2000;5;False;0.9266;0.9187
model_mnist_lr0.0075;fc;6;5;20;0.1;60;0.03;0.2;0.01;4000;1;False;0.9266;0.852
model_mnist_lr0.0075;fc;6;5;20;0.1;60;0.03;0.2;0.01;4000;2;False;0.9266;0.9246
model_mnist_lr0.0075;fc;6;5;20;0.1;60;0.03;0.2;0.01;4000;3;False;0.9266;0.9243
model_mnist_lr0.0075;fc;6;5;20;0.1;60;0.03;0.2;0.01;4000;4;False;0.9266;0.9245
model_mnist_lr0.0075;fc;6;5;20;0.1;60;0.03;0.2;0.01;4000;5;False;0.9266;0.9186
model_mnist_lr0.0075;fc;6;5;20;0.1;30;0.05;0.0;0.01;2000;1;False;0.9266;0.9238
model_mnist_lr0.0075;fc;6;5;20;0.1;30;0.05;0.0;0.01;2000;2;False;0.9266;0.9143
model_mnist_lr0.0075;fc;6;5;20;0.1;30;0.05;0.0;0.01;2000;3;False;0.9266;0.9178
model_mnist_lr0.0075;fc;6;5;20;0.1;30;0.05;0.0;0.01;2000;4;False;0.9266;0.9221
model_mnist_lr0.0075;fc;6;5;20;0.1;30;0.05;0.0;0.01;2000;5;False;0.9266;0.9197
model_mnist_lr0.0075;fc;6;5;20;0.1;30;0.05;0.0;0.01;4000;1;False;0.9266;0.9186
model_mnist_lr0.0075;fc;6;5;20;0.1;30;0.05;0.0;0.01;4000;2;False;0.9266;0.9045
model_mnist_lr0.0075;fc;6;5;20;0.1;30;0.05;0.0;0.01;4000;3;False;0.9266;0.9242
model_mnist_lr0.0075;fc;6;5;20;0.1;30;0.05;0.0;0.01;4000;4;False;0.9266;0.9156
model_mnist_lr0.0075;fc;6;5;20;0.1;30;0.05;0.0;0.01;4000;5;False;0.9266;0.915
model_mnist_lr0.0075;fc;6;5;20;0.1;30;0.05;0.2;0.01;2000;1;False;0.9266;0.9115
model_mnist_lr0.0075;fc;6;5;20;0.1;30;0.05;0.2;0.01;2000;2;False;0.9266;0.9202
model_mnist_lr0.0075;fc;6;5;20;0.1;30;0.05;0.2;0.01;2000;3;False;0.9266;0.9259
model_mnist_lr0.0075;fc;6;5;20;0.1;30;0.05;0.2;0.01;2000;4;False;0.9266;0.9242
model_mnist_lr0.0075;fc;6;5;20;0.1;30;0.05;0.2;0.01;2000;5;False;0.9266;0.9253
model_mnist_lr0.0075;fc;6;5;20;0.1;30;0.05;0.2;0.01;4000;1;False;0.9266;0.9207
model_mnist_lr0.0075;fc;6;5;20;0.1;30;0.05;0.2;0.01;4000;2;False;0.9266;0.9207
model_mnist_lr0.0075;fc;6;5;20;0.1;30;0.05;0.2;0.01;4000;3;False;0.9266;0.8953
model_mnist_lr0.0075;fc;6;5;20;0.1;30;0.05;0.2;0.01;4000;4;False;0.9266;0.9241
model_mnist_lr0.0075;fc;6;5;20;0.1;30;0.05;0.2;0.01;4000;5;False;0.9266;0.918
model_mnist_lr0.0075;fc;6;5;20;0.1;60;0.05;0.0;0.01;2000;1;False;0.9266;0.8786
model_mnist_lr0.0075;fc;6;5;20;0.1;60;0.05;0.0;0.01;2000;2;False;0.9266;0.9185
model_mnist_lr0.0075;fc;6;5;20;0.1;60;0.05;0.0;0.01;2000;3;False;0.9266;0.9196
model_mnist_lr0.0075;fc;6;5;20;0.1;60;0.05;0.0;0.01;2000;4;False;0.9266;0.9204
model_mnist_lr0.0075;fc;6;5;20;0.1;60;0.05;0.0;0.01;2000;5;False;0.9266;0.9123
model_mnist_lr0.0075;fc;6;5;20;0.1;60;0.05;0.0;0.01;4000;1;False;0.9266;0.92
model_mnist_lr0.0075;fc;6;5;20;0.1;60;0.05;0.0;0.01;4000;2;False;0.9266;0.9217
model_mnist_lr0.0075;fc;6;5;20;0.1;60;0.05;0.0;0.01;4000;3;False;0.9266;0.9177
model_mnist_lr0.0075;fc;6;5;20;0.1;60;0.05;0.0;0.01;4000;4;False;0.9266;0.9205
model_mnist_lr0.0075;fc;6;5;20;0.1;60;0.05;0.0;0.01;4000;5;False;0.9266;0.9256
model_mnist_lr0.0075;fc;6;5;20;0.1;60;0.05;0.2;0.01;2000;1;False;0.9266;0.9144
model_mnist_lr0.0075;fc;6;5;20;0.1;60;0.05;0.2;0.01;2000;2;False;0.9266;0.9256
model_mnist_lr0.0075;fc;6;5;20;0.1;60;0.05;0.2;0.01;2000;3;False;0.9266;0.9226
model_mnist_lr0.0075;fc;6;5;20;0.1;60;0.05;0.2;0.01;2000;4;False;0.9266;0.9192
model_mnist_lr0.0075;fc;6;5;20;0.1;60;0.05;0.2;0.01;2000;5;False;0.9266;0.9216
model_mnist_lr0.0075;fc;6;5;20;0.1;60;0.05;0.2;0.01;4000;1;False;0.9266;0.9128
model_mnist_lr0.0075;fc;6;5;20;0.1;60;0.05;0.2;0.01;4000;2;False;0.9266;0.9132
model_mnist_lr0.0075;fc;6;5;20;0.1;60;0.05;0.2;0.01;4000;3;False;0.9266;0.9231
model_mnist_lr0.0075;fc;6;5;20;0.1;60;0.05;0.2;0.01;4000;4;False;0.9266;0.9216
model_mnist_lr0.0075;fc;6;5;20;0.1;60;0.05;0.2;0.01;4000;5;False;0.9266;0.9254
model_mnist_lr0.0075;polytope;1;7;20;0.1;30;0.01;0.0;0.01;2000;1;False;0.9266;0.9217
model_mnist_lr0.0075;polytope;1;7;20;0.1;30;0.01;0.0;0.01;2000;2;False;0.9266;0.9132
model_mnist_lr0.0075;polytope;1;7;20;0.1;30;0.01;0.0;0.01;2000;3;False;0.9266;0.8892
model_mnist_lr0.0075;polytope;1;7;20;0.1;30;0.01;0.0;0.01;2000;4;False;0.9266;0.9183
model_mnist_lr0.0075;polytope;1;7;20;0.1;30;0.01;0.0;0.01;2000;5;False;0.9266;0.9255
model_mnist_lr0.0075;polytope;1;7;20;0.1;30;0.01;0.0;0.01;4000;1;False;0.9266;0.9252
model_mnist_lr0.0075;polytope;1;7;20;0.1;30;0.01;0.0;0.01;4000;2;False;0.9266;0.9176
model_mnist_lr0.0075;polytope;1;7;20;0.1;30;0.01;0.0;0.01;4000;3;False;0.9266;0.9134
model_mnist_lr0.0075;polytope;1;7;20;0.1;30;0.01;0.0;0.01;4000;4;False;0.9266;0.923
model_mnist_lr0.0075;polytope;1;7;20;0.1;30;0.01;0.0;0.01;4000;5;False;0.9266;0.9243
model_mnist_lr0.0075;polytope;1;7;20;0.1;30;0.01;0.2;0.01;2000;1;False;0.9266;0.9211
model_mnist_lr0.0075;polytope;1;7;20;0.1;30;0.01;0.2;0.01;2000;2;False;0.9266;0.9222
model_mnist_lr0.0075;polytope;1;7;20;0.1;30;0.01;0.2;0.01;2000;3;False;0.9266;0.9217
model_mnist_lr0.0075;polytope;1;7;20;0.1;30;0.01;0.2;0.01;2000;4;False;0.9266;0.9224
model_mnist_lr0.0075;polytope;1;7;20;0.1;30;0.01;0.2;0.01;2000;5;False;0.9266;0.9182
model_mnist_lr0.0075;polytope;1;7;20;0.1;30;0.01;0.2;0.01;4000;1;False;0.9266;0.9231
model_mnist_lr0.0075;polytope;1;7;20;0.1;30;0.01;0.2;0.01;4000;2;False;0.9266;0.9237
model_mnist_lr0.0075;polytope;1;7;20;0.1;30;0.01;0.2;0.01;4000;3;False;0.9266;0.9246
model_mnist_lr0.0075;polytope;1;7;20;0.1;30;0.01;0.2;0.01;4000;4;False;0.9266;0.8573
model_mnist_lr0.0075;polytope;1;7;20;0.1;30;0.01;0.2;0.01;4000;5;False;0.9266;0.9254
model_mnist_lr0.0075;polytope;1;7;20;0.1;60;0.01;0.0;0.01;2000;1;False;0.9266;0.9233
model_mnist_lr0.0075;polytope;1;7;20;0.1;60;0.01;0.0;0.01;2000;2;False;0.9266;0.9027
model_mnist_lr0.0075;polytope;1;7;20;0.1;60;0.01;0.0;0.01;2000;3;False;0.9266;0.9144
model_mnist_lr0.0075;polytope;1;7;20;0.1;60;0.01;0.0;0.01;2000;4;False;0.9266;0.9053
model_mnist_lr0.0075;polytope;1;7;20;0.1;60;0.01;0.0;0.01;2000;5;False;0.9266;0.9238
model_mnist_lr0.0075;polytope;1;7;20;0.1;60;0.01;0.0;0.01;4000;1;False;0.9266;0.9225
model_mnist_lr0.0075;polytope;1;7;20;0.1;60;0.01;0.0;0.01;4000;2;False;0.9266;0.9224
model_mnist_lr0.0075;polytope;1;7;20;0.1;60;0.01;0.0;0.01;4000;3;False;0.9266;0.9199
model_mnist_lr0.0075;polytope;1;7;20;0.1;60;0.01;0.0;0.01;4000;4;False;0.9266;0.9189
model_mnist_lr0.0075;polytope;1;7;20;0.1;60;0.01;0.0;0.01;4000;5;False;0.9266;0.9141
model_mnist_lr0.0075;polytope;1;7;20;0.1;60;0.01;0.2;0.01;2000;1;False;0.9266;0.9262
model_mnist_lr0.0075;polytope;1;7;20;0.1;60;0.01;0.2;0.01;2000;2;False;0.9266;0.9254
model_mnist_lr0.0075;polytope;1;7;20;0.1;60;0.01;0.2;0.01;2000;3;False;0.9266;0.9162
model_mnist_lr0.0075;polytope;1;7;20;0.1;60;0.01;0.2;0.01;2000;4;False;0.9266;0.9228
model_mnist_lr0.0075;polytope;1;7;20;0.1;60;0.01;0.2;0.01;2000;5;False;0.9266;0.9116
model_mnist_lr0.0075;polytope;1;7;20;0.1;60;0.01;0.2;0.01;4000;1;False;0.9266;0.9232
model_mnist_lr0.0075;polytope;1;7;20;0.1;60;0.01;0.2;0.01;4000;2;False;0.9266;0.9204
model_mnist_lr0.0075;polytope;1;7;20;0.1;60;0.01;0.2;0.01;4000;3;False;0.9266;0.9083
model_mnist_lr0.0075;polytope;1;7;20;0.1;60;0.01;0.2;0.01;4000;4;False;0.9266;0.9149
model_mnist_lr0.0075;polytope;1;7;20;0.1;60;0.01;0.2;0.01;4000;5;False;0.9266;0.9201
model_mnist_lr0.0075;polytope;1;7;20;0.1;30;0.03;0.0;0.01;2000;1;False;0.9266;0.9219
model_mnist_lr0.0075;polytope;1;7;20;0.1;30;0.03;0.0;0.01;2000;2;False;0.9266;0.9176
model_mnist_lr0.0075;polytope;1;7;20;0.1;30;0.03;0.0;0.01;2000;3;False;0.9266;0.9151
model_mnist_lr0.0075;polytope;1;7;20;0.1;30;0.03;0.0;0.01;2000;4;False;0.9266;0.9245
model_mnist_lr0.0075;polytope;1;7;20;0.1;30;0.03;0.0;0.01;2000;5;False;0.9266;0.9053
model_mnist_lr0.0075;polytope;1;7;20;0.1;30;0.03;0.0;0.01;4000;1;False;0.9266;0.919
model_mnist_lr0.0075;polytope;1;7;20;0.1;30;0.03;0.0;0.01;4000;2;False;0.9266;0.9179
model_mnist_lr0.0075;polytope;1;7;20;0.1;30;0.03;0.0;0.01;4000;3;False;0.9266;0.9154
model_mnist_lr0.0075;polytope;1;7;20;0.1;30;0.03;0.0;0.01;4000;4;False;0.9266;0.9264
model_mnist_lr0.0075;polytope;1;7;20;0.1;30;0.03;0.0;0.01;4000;5;False;0.9266;0.9154
model_mnist_lr0.0075;polytope;1;7;20;0.1;30;0.03;0.2;0.01;2000;1;False;0.9266;0.8844
model_mnist_lr0.0075;polytope;1;7;20;0.1;30;0.03;0.2;0.01;2000;2;False;0.9266;0.9208
model_mnist_lr0.0075;polytope;1;7;20;0.1;30;0.03;0.2;0.01;2000;3;False;0.9266;0.9238
model_mnist_lr0.0075;polytope;1;7;20;0.1;30;0.03;0.2;0.01;2000;4;False;0.9266;0.9206
model_mnist_lr0.0075;polytope;1;7;20;0.1;30;0.03;0.2;0.01;2000;5;False;0.9266;0.9187
model_mnist_lr0.0075;polytope;1;7;20;0.1;30;0.03;0.2;0.01;4000;1;False;0.9266;0.9245
model_mnist_lr0.0075;polytope;1;7;20;0.1;30;0.03;0.2;0.01;4000;2;False;0.9266;0.9232
model_mnist_lr0.0075;polytope;1;7;20;0.1;30;0.03;0.2;0.01;4000;3;False;0.9266;0.9178
model_mnist_lr0.0075;polytope;1;7;20;0.1;30;0.03;0.2;0.01;4000;4;False;0.9266;0.9222
model_mnist_lr0.0075;polytope;1;7;20;0.1;30;0.03;0.2;0.01;4000;5;False;0.9266;0.9151
model_mnist_lr0.0075;polytope;1;7;20;0.1;60;0.03;0.0;0.01;2000;1;False;0.9266;0.9151
model_mnist_lr0.0075;polytope;1;7;20;0.1;60;0.03;0.0;0.01;2000;2;False;0.9266;0.9242
model_mnist_lr0.0075;polytope;1;7;20;0.1;60;0.03;0.0;0.01;2000;3;False;0.9266;0.9052
model_mnist_lr0.0075;polytope;1;7;20;0.1;60;0.03;0.0;0.01;2000;4;False;0.9266;0.9249
model_mnist_lr0.0075;polytope;1;7;20;0.1;60;0.03;0.0;0.01;2000;5;False;0.9266;0.9044
model_mnist_lr0.0075;polytope;1;7;20;0.1;60;0.03;0.0;0.01;4000;1;False;0.9266;0.9237
model_mnist_lr0.0075;polytope;1;7;20;0.1;60;0.03;0.0;0.01;4000;2;False;0.9266;0.9241
model_mnist_lr0.0075;polytope;1;7;20;0.1;60;0.03;0.0;0.01;4000;3;False;0.9266;0.9133
model_mnist_lr0.0075;polytope;1;7;20;0.1;60;0.03;0.0;0.01;4000;4;False;0.9266;0.9244
model_mnist_lr0.0075;polytope;1;7;20;0.1;60;0.03;0.0;0.01;4000;5;False;0.9266;0.9018
model_mnist_lr0.0075;polytope;1;7;20;0.1;60;0.03;0.2;0.01;2000;1;False;0.9266;0.9133
model_mnist_lr0.0075;polytope;1;7;20;0.1;60;0.03;0.2;0.01;2000;2;False;0.9266;0.91
model_mnist_lr0.0075;polytope;1;7;20;0.1;60;0.03;0.2;0.01;2000;3;False;0.9266;0.9215
model_mnist_lr0.0075;polytope;1;7;20;0.1;60;0.03;0.2;0.01;2000;4;False;0.9266;0.9238
model_mnist_lr0.0075;polytope;1;7;20;0.1;60;0.03;0.2;0.01;2000;5;False;0.9266;0.9168
model_mnist_lr0.0075;polytope;1;7;20;0.1;60;0.03;0.2;0.01;4000;1;False;0.9266;0.925
model_mnist_lr0.0075;polytope;1;7;20;0.1;60;0.03;0.2;0.01;4000;2;False;0.9266;0.9236
model_mnist_lr0.0075;polytope;1;7;20;0.1;60;0.03;0.2;0.01;4000;3;False;0.9266;0.922
model_mnist_lr0.0075;polytope;1;7;20;0.1;60;0.03;0.2;0.01;4000;4;False;0.9266;0.9148
model_mnist_lr0.0075;polytope;1;7;20;0.1;60;0.03;0.2;0.01;4000;5;False;0.9266;0.9244
model_mnist_lr0.0075;polytope;1;7;20;0.1;30;0.05;0.0;0.01;2000;1;False;0.9266;0.9232
model_mnist_lr0.0075;polytope;1;7;20;0.1;30;0.05;0.0;0.01;2000;2;False;0.9266;0.9185
model_mnist_lr0.0075;polytope;1;7;20;0.1;30;0.05;0.0;0.01;2000;3;False;0.9266;0.9251
model_mnist_lr0.0075;polytope;1;7;20;0.1;30;0.05;0.0;0.01;2000;4;False;0.9266;0.9158
model_mnist_lr0.0075;polytope;1;7;20;0.1;30;0.05;0.0;0.01;2000;5;False;0.9266;0.9144
model_mnist_lr0.0075;polytope;1;7;20;0.1;30;0.05;0.0;0.01;4000;1;False;0.9266;0.9232
model_mnist_lr0.0075;polytope;1;7;20;0.1;30;0.05;0.0;0.01;4000;2;False;0.9266;0.9106
model_mnist_lr0.0075;polytope;1;7;20;0.1;30;0.05;0.0;0.01;4000;3;False;0.9266;0.9194
model_mnist_lr0.0075;polytope;1;7;20;0.1;30;0.05;0.0;0.01;4000;4;False;0.9266;0.9184
model_mnist_lr0.0075;polytope;1;7;20;0.1;30;0.05;0.0;0.01;4000;5;False;0.9266;0.922
model_mnist_lr0.0075;polytope;1;7;20;0.1;30;0.05;0.2;0.01;2000;1;False;0.9266;0.9185
model_mnist_lr0.0075;polytope;1;7;20;0.1;30;0.05;0.2;0.01;2000;2;False;0.9266;0.8937
model_mnist_lr0.0075;polytope;1;7;20;0.1;30;0.05;0.2;0.01;2000;3;False;0.9266;0.9151
model_mnist_lr0.0075;polytope;1;7;20;0.1;30;0.05;0.2;0.01;2000;4;False;0.9266;0.9098
model_mnist_lr0.0075;polytope;1;7;20;0.1;30;0.05;0.2;0.01;2000;5;False;0.9266;0.9223
model_mnist_lr0.0075;polytope;1;7;20;0.1;30;0.05;0.2;0.01;4000;1;False;0.9266;0.902
model_mnist_lr0.0075;polytope;1;7;20;0.1;30;0.05;0.2;0.01;4000;2;False;0.9266;0.9113
model_mnist_lr0.0075;polytope;1;7;20;0.1;30;0.05;0.2;0.01;4000;3;False;0.9266;0.9215
model_mnist_lr0.0075;polytope;1;7;20;0.1;30;0.05;0.2;0.01;4000;4;False;0.9266;0.9173
model_mnist_lr0.0075;polytope;1;7;20;0.1;30;0.05;0.2;0.01;4000;5;False;0.9266;0.9079
model_mnist_lr0.0075;polytope;1;7;20;0.1;60;0.05;0.0;0.01;2000;1;False;0.9266;0.9116
model_mnist_lr0.0075;polytope;1;7;20;0.1;60;0.05;0.0;0.01;2000;2;False;0.9266;0.9165
model_mnist_lr0.0075;polytope;1;7;20;0.1;60;0.05;0.0;0.01;2000;3;False;0.9266;0.9243
model_mnist_lr0.0075;polytope;1;7;20;0.1;60;0.05;0.0;0.01;2000;4;False;0.9266;0.9172
model_mnist_lr0.0075;polytope;1;7;20;0.1;60;0.05;0.0;0.01;2000;5;False;0.9266;0.9236
model_mnist_lr0.0075;polytope;1;7;20;0.1;60;0.05;0.0;0.01;4000;1;False;0.9266;0.9014
model_mnist_lr0.0075;polytope;1;7;20;0.1;60;0.05;0.0;0.01;4000;2;False;0.9266;0.9191
model_mnist_lr0.0075;polytope;1;7;20;0.1;60;0.05;0.0;0.01;4000;3;False;0.9266;0.9165
model_mnist_lr0.0075;polytope;1;7;20;0.1;60;0.05;0.0;0.01;4000;4;False;0.9266;0.9229
model_mnist_lr0.0075;polytope;1;7;20;0.1;60;0.05;0.0;0.01;4000;5;False;0.9266;0.9223
model_mnist_lr0.0075;polytope;1;7;20;0.1;60;0.05;0.2;0.01;2000;1;False;0.9266;0.8735
model_mnist_lr0.0075;polytope;1;7;20;0.1;60;0.05;0.2;0.01;2000;2;False;0.9266;0.9213
model_mnist_lr0.0075;polytope;1;7;20;0.1;60;0.05;0.2;0.01;2000;3;False;0.9266;0.9238
model_mnist_lr0.0075;polytope;1;7;20;0.1;60;0.05;0.2;0.01;2000;4;False;0.9266;0.9104
model_mnist_lr0.0075;polytope;1;7;20;0.1;60;0.05;0.2;0.01;2000;5;False;0.9266;0.9195
model_mnist_lr0.0075;polytope;1;7;20;0.1;60;0.05;0.2;0.01;4000;1;False;0.9266;0.9127
model_mnist_lr0.0075;polytope;1;7;20;0.1;60;0.05;0.2;0.01;4000;2;False;0.9266;0.9239
model_mnist_lr0.0075;polytope;1;7;20;0.1;60;0.05;0.2;0.01;4000;3;False;0.9266;0.8886
model_mnist_lr0.0075;polytope;1;7;20;0.1;60;0.05;0.2;0.01;4000;4;False;0.9266;0.9217
model_mnist_lr0.0075;polytope;1;7;20;0.1;60;0.05;0.2;0.01;4000;5;False;0.9266;0.9218
model_mnist_lr0.0075;polytope;8;3;20;0.1;30;0.01;0.0;0.01;2000;1;False;0.9266;0.9232
model_mnist_lr0.0075;polytope;8;3;20;0.1;30;0.01;0.0;0.01;2000;2;False;0.9266;0.9219
model_mnist_lr0.0075;polytope;8;3;20;0.1;30;0.01;0.0;0.01;2000;3;False;0.9266;0.9114
model_mnist_lr0.0075;polytope;8;3;20;0.1;30;0.01;0.0;0.01;2000;4;False;0.9266;0.9205
model_mnist_lr0.0075;polytope;8;3;20;0.1;30;0.01;0.0;0.01;2000;5;False;0.9266;0.9164
model_mnist_lr0.0075;polytope;8;3;20;0.1;30;0.01;0.0;0.01;4000;1;False;0.9266;0.907
model_mnist_lr0.0075;polytope;8;3;20;0.1;30;0.01;0.0;0.01;4000;2;False;0.9266;0.9072
model_mnist_lr0.0075;polytope;8;3;20;0.1;30;0.01;0.0;0.01;4000;3;False;0.9266;0.9175
model_mnist_lr0.0075;polytope;8;3;20;0.1;30;0.01;0.0;0.01;4000;4;False;0.9266;0.9252
model_mnist_lr0.0075;polytope;8;3;20;0.1;30;0.01;0.0;0.01;4000;5;False;0.9266;0.9083
model_mnist_lr0.0075;polytope;8;3;20;0.1;30;0.01;0.2;0.01;2000;1;False;0.9266;0.917
model_mnist_lr0.0075;polytope;8;3;20;0.1;30;0.01;0.2;0.01;2000;2;False;0.9266;0.9121
model_mnist_lr0.0075;polytope;8;3;20;0.1;30;0.01;0.2;0.01;2000;3;False;0.9266;0.9214
model_mnist_lr0.0075;polytope;8;3;20;0.1;30;0.01;0.2;0.01;2000;4;False;0.9266;0.9233
model_mnist_lr0.0075;polytope;8;3;20;0.1;30;0.01;0.2;0.01;2000;5;False;0.9266;0.9207
model_mnist_lr0.0075;polytope;8;3;20;0.1;30;0.01;0.2;0.01;4000;1;False;0.9266;0.9253
model_mnist_lr0.0075;polytope;8;3;20;0.1;30;0.01;0.2;0.01;4000;2;False;0.9266;0.9173
model_mnist_lr0.0075;polytope;8;3;20;0.1;30;0.01;0.2;0.01;4000;3;False;0.9266;0.9271
model_mnist_lr0.0075;polytope;8;3;20;0.1;30;0.01;0.2;0.01;4000;4;False;0.9266;0.9182
model_mnist_lr0.0075;polytope;8;3;20;0.1;30;0.01;0.2;0.01;4000;5;False;0.9266;0.9248
model_mnist_lr0.0075;polytope;8;3;20;0.1;60;0.01;0.0;0.01;2000;1;False;0.9266;0.9228
model_mnist_lr0.0075;polytope;8;3;20;0.1;60;0.01;0.0;0.01;2000;2;False;0.9266;0.9211
model_mnist_lr0.0075;polytope;8;3;20;0.1;60;0.01;0.0;0.01;2000;3;False;0.9266;0.8964
model_mnist_lr0.0075;polytope;8;3;20;0.1;60;0.01;0.0;0.01;2000;4;False;0.9266;0.9215
model_mnist_lr0.0075;polytope;8;3;20;0.1;60;0.01;0.0;0.01;2000;5;False;0.9266;0.9091
model_mnist_lr0.0075;polytope;8;3;20;0.1;60;0.01;0.0;0.01;4000;1;False;0.9266;0.9238
model_mnist_lr0.0075;polytope;8;3;20;0.1;60;0.01;0.0;0.01;4000;2;False;0.9266;0.9262
model_mnist_lr0.0075;polytope;8;3;20;0.1;60;0.01;0.0;0.01;4000;3;False;0.9266;0.8822
model_mnist_lr0.0075;polytope;8;3;20;0.1;60;0.01;0.0;0.01;4000;4;False;0.9266;0.9254
model_mnist_lr0.0075;polytope;8;3;20;0.1;60;0.01;0.0;0.01;4000;5;False;0.9266;0.9231
model_mnist_lr0.0075;polytope;8;3;20;0.1;60;0.01;0.2;0.01;2000;1;False;0.9266;0.9231
model_mnist_lr0.0075;polytope;8;3;20;0.1;60;0.01;0.2;0.01;2000;2;False;0.9266;0.9038
model_mnist_lr0.0075;polytope;8;3;20;0.1;60;0.01;0.2;0.01;2000;3;False;0.9266;0.9232
model_mnist_lr0.0075;polytope;8;3;20;0.1;60;0.01;0.2;0.01;2000;4;False;0.9266;0.8297
model_mnist_lr0.0075;polytope;8;3;20;0.1;60;0.01;0.2;0.01;2000;5;False;0.9266;0.9236
model_mnist_lr0.0075;polytope;8;3;20;0.1;60;0.01;0.2;0.01;4000;1;False;0.9266;0.9244
model_mnist_lr0.0075;polytope;8;3;20;0.1;60;0.01;0.2;0.01;4000;2;False;0.9266;0.8871
model_mnist_lr0.0075;polytope;8;3;20;0.1;60;0.01;0.2;0.01;4000;3;False;0.9266;0.9256
model_mnist_lr0.0075;polytope;8;3;20;0.1;60;0.01;0.2;0.01;4000;4;False;0.9266;0.913
model_mnist_lr0.0075;polytope;8;3;20;0.1;60;0.01;0.2;0.01;4000;5;False;0.9266;0.9255
model_mnist_lr0.0075;polytope;8;3;20;0.1;30;0.03;0.0;0.01;2000;1;False;0.9266;0.922
model_mnist_lr0.0075;polytope;8;3;20;0.1;30;0.03;0.0;0.01;2000;2;False;0.9266;0.9218
model_mnist_lr0.0075;polytope;8;3;20;0.1;30;0.03;0.0;0.01;2000;3;False;0.9266;0.9149
model_mnist_lr0.0075;polytope;8;3;20;0.1;30;0.03;0.0;0.01;2000;4;True;0.9266;0.9014
model_mnist_lr0.0075;polytope;8;3;20;0.1;30;0.03;0.0;0.01;2000;5;False;0.9266;0.9234
model_mnist_lr0.0075;polytope;8;3;20;0.1;30;0.03;0.0;0.01;4000;1;False;0.9266;0.9128
model_mnist_lr0.0075;polytope;8;3;20;0.1;30;0.03;0.0;0.01;4000;2;False;0.9266;0.9129
model_mnist_lr0.0075;polytope;8;3;20;0.1;30;0.03;0.0;0.01;4000;3;False;0.9266;0.9209
model_mnist_lr0.0075;polytope;8;3;20;0.1;30;0.03;0.0;0.01;4000;4;False;0.9266;0.9165
model_mnist_lr0.0075;polytope;8;3;20;0.1;30;0.03;0.0;0.01;4000;5;False;0.9266;0.9263
model_mnist_lr0.0075;polytope;8;3;20;0.1;30;0.03;0.2;0.01;2000;1;False;0.9266;0.9263
model_mnist_lr0.0075;polytope;8;3;20;0.1;30;0.03;0.2;0.01;2000;2;False;0.9266;0.923
model_mnist_lr0.0075;polytope;8;3;20;0.1;30;0.03;0.2;0.01;2000;3;False;0.9266;0.9212
model_mnist_lr0.0075;polytope;8;3;20;0.1;30;0.03;0.2;0.01;2000;4;False;0.9266;0.8479
model_mnist_lr0.0075;polytope;8;3;20;0.1;30;0.03;0.2;0.01;2000;5;False;0.9266;0.9201
model_mnist_lr0.0075;polytope;8;3;20;0.1;30;0.03;0.2;0.01;4000;1;False;0.9266;0.9239
model_mnist_lr0.0075;polytope;8;3;20;0.1;30;0.03;0.2;0.01;4000;2;False;0.9266;0.9224
model_mnist_lr0.0075;polytope;8;3;20;0.1;30;0.03;0.2;0.01;4000;3;False;0.9266;0.9205
model_mnist_lr0.0075;polytope;8;3;20;0.1;30;0.03;0.2;0.01;4000;4;False;0.9266;0.9248
model_mnist_lr0.0075;polytope;8;3;20;0.1;30;0.03;0.2;0.01;4000;5;False;0.9266;0.92
model_mnist_lr0.0075;polytope;8;3;20;0.1;60;0.03;0.0;0.01;2000;1;False;0.9266;0.9173
model_mnist_lr0.0075;polytope;8;3;20;0.1;60;0.03;0.0;0.01;2000;2;False;0.9266;0.905
model_mnist_lr0.0075;polytope;8;3;20;0.1;60;0.03;0.0;0.01;2000;3;False;0.9266;0.9211
model_mnist_lr0.0075;polytope;8;3;20;0.1;60;0.03;0.0;0.01;2000;4;False;0.9266;0.9116
model_mnist_lr0.0075;polytope;8;3;20;0.1;60;0.03;0.0;0.01;2000;5;False;0.9266;0.9224
model_mnist_lr0.0075;polytope;8;3;20;0.1;60;0.03;0.0;0.01;4000;1;False;0.9266;0.9
model_mnist_lr0.0075;polytope;8;3;20;0.1;60;0.03;0.0;0.01;4000;2;False;0.9266;0.9118
model_mnist_lr0.0075;polytope;8;3;20;0.1;60;0.03;0.0;0.01;4000;3;False;0.9266;0.9164
model_mnist_lr0.0075;polytope;8;3;20;0.1;60;0.03;0.0;0.01;4000;4;False;0.9266;0.9217
model_mnist_lr0.0075;polytope;8;3;20;0.1;60;0.03;0.0;0.01;4000;5;False;0.9266;0.9269
model_mnist_lr0.0075;polytope;8;3;20;0.1;60;0.03;0.2;0.01;2000;1;False;0.9266;0.9232
model_mnist_lr0.0075;polytope;8;3;20;0.1;60;0.03;0.2;0.01;2000;2;False;0.9266;0.9168
model_mnist_lr0.0075;polytope;8;3;20;0.1;60;0.03;0.2;0.01;2000;3;False;0.9266;0.9211
model_mnist_lr0.0075;polytope;8;3;20;0.1;60;0.03;0.2;0.01;2000;4;False;0.9266;0.9209
model_mnist_lr0.0075;polytope;8;3;20;0.1;60;0.03;0.2;0.01;2000;5;False;0.9266;0.9171
model_mnist_lr0.0075;polytope;8;3;20;0.1;60;0.03;0.2;0.01;4000;1;False;0.9266;0.9198
model_mnist_lr0.0075;polytope;8;3;20;0.1;60;0.03;0.2;0.01;4000;2;False;0.9266;0.9237
model_mnist_lr0.0075;polytope;8;3;20;0.1;60;0.03;0.2;0.01;4000;3;False;0.9266;0.9218
model_mnist_lr0.0075;polytope;8;3;20;0.1;60;0.03;0.2;0.01;4000;4;False;0.9266;0.9149
model_mnist_lr0.0075;polytope;8;3;20;0.1;60;0.03;0.2;0.01;4000;5;False;0.9266;0.9224
model_mnist_lr0.0075;polytope;8;3;20;0.1;30;0.05;0.0;0.01;2000;1;False;0.9266;0.9266
model_mnist_lr0.0075;polytope;8;3;20;0.1;30;0.05;0.0;0.01;2000;2;False;0.9266;0.9131
model_mnist_lr0.0075;polytope;8;3;20;0.1;30;0.05;0.0;0.01;2000;3;False;0.9266;0.925
model_mnist_lr0.0075;polytope;8;3;20;0.1;30;0.05;0.0;0.01;2000;4;False;0.9266;0.9117
model_mnist_lr0.0075;polytope;8;3;20;0.1;30;0.05;0.0;0.01;2000;5;False;0.9266;0.9224
model_mnist_lr0.0075;polytope;8;3;20;0.1;30;0.05;0.0;0.01;4000;1;True;0.9266;0.8985
model_mnist_lr0.0075;polytope;8;3;20;0.1;30;0.05;0.0;0.01;4000;2;False;0.9266;0.9243
model_mnist_lr0.0075;polytope;8;3;20;0.1;30;0.05;0.0;0.01;4000;3;False;0.9266;0.9246
model_mnist_lr0.0075;polytope;8;3;20;0.1;30;0.05;0.0;0.01;4000;4;False;0.9266;0.9257
model_mnist_lr0.0075;polytope;8;3;20;0.1;30;0.05;0.0;0.01;4000;5;False;0.9266;0.9226
model_mnist_lr0.0075;polytope;8;3;20;0.1;30;0.05;0.2;0.01;2000;1;False;0.9266;0.9131
model_mnist_lr0.0075;polytope;8;3;20;0.1;30;0.05;0.2;0.01;2000;2;False;0.9266;0.9149
model_mnist_lr0.0075;polytope;8;3;20;0.1;30;0.05;0.2;0.01;2000;3;False;0.9266;0.9158
model_mnist_lr0.0075;polytope;8;3;20;0.1;30;0.05;0.2;0.01;2000;4;False;0.9266;0.9259
model_mnist_lr0.0075;polytope;8;3;20;0.1;30;0.05;0.2;0.01;2000;5;False;0.9266;0.9223
model_mnist_lr0.0075;polytope;8;3;20;0.1;30;0.05;0.2;0.01;4000;1;False;0.9266;0.9226
model_mnist_lr0.0075;polytope;8;3;20;0.1;30;0.05;0.2;0.01;4000;2;False;0.9266;0.8876
model_mnist_lr0.0075;polytope;8;3;20;0.1;30;0.05;0.2;0.01;4000;3;False;0.9266;0.9093
model_mnist_lr0.0075;polytope;8;3;20;0.1;30;0.05;0.2;0.01;4000;4;False;0.9266;0.9242
model_mnist_lr0.0075;polytope;8;3;20;0.1;30;0.05;0.2;0.01;4000;5;True;0.9266;0.9108
model_mnist_lr0.0075;polytope;8;3;20;0.1;60;0.05;0.0;0.01;2000;1;False;0.9266;0.9253
model_mnist_lr0.0075;polytope;8;3;20;0.1;60;0.05;0.0;0.01;2000;2;False;0.9266;0.9247
model_mnist_lr0.0075;polytope;8;3;20;0.1;60;0.05;0.0;0.01;2000;3;False;0.9266;0.8865
model_mnist_lr0.0075;polytope;8;3;20;0.1;60;0.05;0.0;0.01;2000;4;False;0.9266;0.9163
model_mnist_lr0.0075;polytope;8;3;20;0.1;60;0.05;0.0;0.01;2000;5;False;0.9266;0.9229
model_mnist_lr0.0075;polytope;8;3;20;0.1;60;0.05;0.0;0.01;4000;1;False;0.9266;0.9108
model_mnist_lr0.0075;polytope;8;3;20;0.1;60;0.05;0.0;0.01;4000;2;False;0.9266;0.7813
model_mnist_lr0.0075;polytope;8;3;20;0.1;60;0.05;0.0;0.01;4000;3;True;0.9266;0.9025
model_mnist_lr0.0075;polytope;8;3;20;0.1;60;0.05;0.0;0.01;4000;4;False;0.9266;0.916
model_mnist_lr0.0075;polytope;8;3;20;0.1;60;0.05;0.0;0.01;4000;5;False;0.9266;0.9223
model_mnist_lr0.0075;polytope;8;3;20;0.1;60;0.05;0.2;0.01;2000;1;False;0.9266;0.903
model_mnist_lr0.0075;polytope;8;3;20;0.1;60;0.05;0.2;0.01;2000;2;False;0.9266;0.918
model_mnist_lr0.0075;polytope;8;3;20;0.1;60;0.05;0.2;0.01;2000;3;False;0.9266;0.9233
model_mnist_lr0.0075;polytope;8;3;20;0.1;60;0.05;0.2;0.01;2000;4;False;0.9266;0.9163
model_mnist_lr0.0075;polytope;8;3;20;0.1;60;0.05;0.2;0.01;2000;5;False;0.9266;0.9148
model_mnist_lr0.0075;polytope;8;3;20;0.1;60;0.05;0.2;0.01;4000;1;False;0.9266;0.9137
model_mnist_lr0.0075;polytope;8;3;20;0.1;60;0.05;0.2;0.01;4000;2;False;0.9266;0.9231
model_mnist_lr0.0075;polytope;8;3;20;0.1;60;0.05;0.2;0.01;4000;3;True;0.9266;0.9132
model_mnist_lr0.0075;polytope;8;3;20;0.1;60;0.05;0.2;0.01;4000;4;False;0.9266;0.9204
model_mnist_lr0.0075;polytope;8;3;20;0.1;60;0.05;0.2;0.01;4000;5;False;0.9266;0.925
model_mnist_lr0.0075;polytope;4;9;20;0.1;30;0.01;0.0;0.01;2000;1;False;0.9266;0.9192
model_mnist_lr0.0075;polytope;4;9;20;0.1;30;0.01;0.0;0.01;2000;2;False;0.9266;0.9244
model_mnist_lr0.0075;polytope;4;9;20;0.1;30;0.01;0.0;0.01;2000;3;False;0.9266;0.9172
model_mnist_lr0.0075;polytope;4;9;20;0.1;30;0.01;0.0;0.01;2000;4;False;0.9266;0.9248
model_mnist_lr0.0075;polytope;4;9;20;0.1;30;0.01;0.0;0.01;2000;5;False;0.9266;0.9203
model_mnist_lr0.0075;polytope;4;9;20;0.1;30;0.01;0.0;0.01;4000;1;False;0.9266;0.9181
model_mnist_lr0.0075;polytope;4;9;20;0.1;30;0.01;0.0;0.01;4000;2;False;0.9266;0.9174
model_mnist_lr0.0075;polytope;4;9;20;0.1;30;0.01;0.0;0.01;4000;3;False;0.9266;0.9213
model_mnist_lr0.0075;polytope;4;9;20;0.1;30;0.01;0.0;0.01;4000;4;False;0.9266;0.9248
model_mnist_lr0.0075;polytope;4;9;20;0.1;30;0.01;0.0;0.01;4000;5;False;0.9266;0.9196
model_mnist_lr0.0075;polytope;4;9;20;0.1;30;0.01;0.2;0.01;2000;1;False;0.9266;0.9238
model_mnist_lr0.0075;polytope;4;9;20;0.1;30;0.01;0.2;0.01;2000;2;False;0.9266;0.9256
model_mnist_lr0.0075;polytope;4;9;20;0.1;30;0.01;0.2;0.01;2000;3;False;0.9266;0.9151
model_mnist_lr0.0075;polytope;4;9;20;0.1;30;0.01;0.2;0.01;2000;4;False;0.9266;0.9245
model_mnist_lr0.0075;polytope;4;9;20;0.1;30;0.01;0.2;0.01;2000;5;False;0.9266;0.918
model_mnist_lr0.0075;polytope;4;9;20;0.1;30;0.01;0.2;0.01;4000;1;False;0.9266;0.915
model_mnist_lr0.0075;polytope;4;9;20;0.1;30;0.01;0.2;0.01;4000;2;False;0.9266;0.7805
model_mnist_lr0.0075;polytope;4;9;20;0.1;30;0.01;0.2;0.01;4000;3;False;0.9266;0.9248
model_mnist_lr0.0075;polytope;4;9;20;0.1;30;0.01;0.2;0.01;4000;4;False;0.9266;0.9258
model_mnist_lr0.0075;polytope;4;9;20;0.1;30;0.01;0.2;0.01;4000;5;False;0.9266;0.9206
model_mnist_lr0.0075;polytope;4;9;20;0.1;60;0.01;0.0;0.01;2000;1;False;0.9266;0.9244
model_mnist_lr0.0075;polytope;4;9;20;0.1;60;0.01;0.0;0.01;2000;2;False;0.9266;0.9205
model_mnist_lr0.0075;polytope;4;9;20;0.1;60;0.01;0.0;0.01;2000;3;False;0.9266;0.9213
model_mnist_lr0.0075;polytope;4;9;20;0.1;60;0.01;0.0;0.01;2000;4;False;0.9266;0.9121
model_mnist_lr0.0075;polytope;4;9;20;0.1;60;0.01;0.0;0.01;2000;5;False;0.9266;0.9253
model_mnist_lr0.0075;polytope;4;9;20;0.1;60;0.01;0.0;0.01;4000;1;False;0.9266;0.9181
model_mnist_lr0.0075;polytope;4;9;20;0.1;60;0.01;0.0;0.01;4000;2;False;0.9266;0.922
model_mnist_lr0.0075;polytope;4;9;20;0.1;60;0.01;0.0;0.01;4000;3;False;0.9266;0.9194
model_mnist_lr0.0075;polytope;4;9;20;0.1;60;0.01;0.0;0.01;4000;4;False;0.9266;0.9233
model_mnist_lr0.0075;polytope;4;9;20;0.1;60;0.01;0.0;0.01;4000;5;False;0.9266;0.9156
model_mnist_lr0.0075;polytope;4;9;20;0.1;60;0.01;0.2;0.01;2000;1;False;0.9266;0.9144
model_mnist_lr0.0075;polytope;4;9;20;0.1;60;0.01;0.2;0.01;2000;2;False;0.9266;0.9206
model_mnist_lr0.0075;polytope;4;9;20;0.1;60;0.01;0.2;0.01;2000;3;False;0.9266;0.9209
model_mnist_lr0.0075;polytope;4;9;20;0.1;60;0.01;0.2;0.01;2000;4;False;0.9266;0.9081
model_mnist_lr0.0075;polytope;4;9;20;0.1;60;0.01;0.2;0.01;2000;5;False;0.9266;0.9209
model_mnist_lr0.0075;polytope;4;9;20;0.1;60;0.01;0.2;0.01;4000;1;False;0.9266;0.9234
model_mnist_lr0.0075;polytope;4;9;20;0.1;60;0.01;0.2;0.01;4000;2;False;0.9266;0.9214
model_mnist_lr0.0075;polytope;4;9;20;0.1;60;0.01;0.2;0.01;4000;3;False;0.9266;0.9017
model_mnist_lr0.0075;polytope;4;9;20;0.1;60;0.01;0.2;0.01;4000;4;False;0.9266;0.925
model_mnist_lr0.0075;polytope;4;9;20;0.1;60;0.01;0.2;0.01;4000;5;False;0.9266;0.9202
model_mnist_lr0.0075;polytope;4;9;20;0.1;30;0.03;0.0;0.01;2000;1;False;0.9266;0.9238
model_mnist_lr0.0075;polytope;4;9;20;0.1;30;0.03;0.0;0.01;2000;2;False;0.9266;0.9171
model_mnist_lr0.0075;polytope;4;9;20;0.1;30;0.03;0.0;0.01;2000;3;False;0.9266;0.9222
model_mnist_lr0.0075;polytope;4;9;20;0.1;30;0.03;0.0;0.01;2000;4;False;0.9266;0.9189
model_mnist_lr0.0075;polytope;4;9;20;0.1;30;0.03;0.0;0.01;2000;5;False;0.9266;0.9227
model_mnist_lr0.0075;polytope;4;9;20;0.1;30;0.03;0.0;0.01;4000;1;False;0.9266;0.9197
model_mnist_lr0.0075;polytope;4;9;20;0.1;30;0.03;0.0;0.01;4000;2;False;0.9266;0.9174
model_mnist_lr0.0075;polytope;4;9;20;0.1;30;0.03;0.0;0.01;4000;3;False;0.9266;0.9153
model_mnist_lr0.0075;polytope;4;9;20;0.1;30;0.03;0.0;0.01;4000;4;False;0.9266;0.9239
model_mnist_lr0.0075;polytope;4;9;20;0.1;30;0.03;0.0;0.01;4000;5;False;0.9266;0.9085
model_mnist_lr0.0075;polytope;4;9;20;0.1;30;0.03;0.2;0.01;2000;1;False;0.9266;0.9121
model_mnist_lr0.0075;polytope;4;9;20;0.1;30;0.03;0.2;0.01;2000;2;False;0.9266;0.9199
model_mnist_lr0.0075;polytope;4;9;20;0.1;30;0.03;0.2;0.01;2000;3;False;0.9266;0.9252
model_mnist_lr0.0075;polytope;4;9;20;0.1;30;0.03;0.2;0.01;2000;4;False;0.9266;0.9239
model_mnist_lr0.0075;polytope;4;9;20;0.1;30;0.03;0.2;0.01;2000;5;False;0.9266;0.923
model_mnist_lr0.0075;polytope;4;9;20;0.1;30;0.03;0.2;0.01;4000;1;False;0.9266;0.8718
model_mnist_lr0.0075;polytope;4;9;20;0.1;30;0.03;0.2;0.01;4000;2;False;0.9266;0.9193
model_mnist_lr0.0075;polytope;4;9;20;0.1;30;0.03;0.2;0.01;4000;3;False;0.9266;0.9237
model_mnist_lr0.0075;polytope;4;9;20;0.1;30;0.03;0.2;0.01;4000;4;False;0.9266;0.924
model_mnist_lr0.0075;polytope;4;9;20;0.1;30;0.03;0.2;0.01;4000;5;False;0.9266;0.9167
model_mnist_lr0.0075;polytope;4;9;20;0.1;60;0.03;0.0;0.01;2000;1;False;0.9266;0.9179
model_mnist_lr0.0075;polytope;4;9;20;0.1;60;0.03;0.0;0.01;2000;2;False;0.9266;0.9239
model_mnist_lr0.0075;polytope;4;9;20;0.1;60;0.03;0.0;0.01;2000;3;False;0.9266;0.9158
model_mnist_lr0.0075;polytope;4;9;20;0.1;60;0.03;0.0;0.01;2000;4;False;0.9266;0.9212
model_mnist_lr0.0075;polytope;4;9;20;0.1;60;0.03;0.0;0.01;2000;5;False;0.9266;0.9248
model_mnist_lr0.0075;polytope;4;9;20;0.1;60;0.03;0.0;0.01;4000;1;False;0.9266;0.9204
model_mnist_lr0.0075;polytope;4;9;20;0.1;60;0.03;0.0;0.01;4000;2;False;0.9266;0.9269
model_mnist_lr0.0075;polytope;4;9;20;0.1;60;0.03;0.0;0.01;4000;3;False;0.9266;0.9242
model_mnist_lr0.0075;polytope;4;9;20;0.1;60;0.03;0.0;0.01;4000;4;False;0.9266;0.9252
model_mnist_lr0.0075;polytope;4;9;20;0.1;60;0.03;0.0;0.01;4000;5;False;0.9266;0.9206
model_mnist_lr0.0075;polytope;4;9;20;0.1;60;0.03;0.2;0.01;2000;1;False;0.9266;0.9267
model_mnist_lr0.0075;polytope;4;9;20;0.1;60;0.03;0.2;0.01;2000;2;False;0.9266;0.9211
model_mnist_lr0.0075;polytope;4;9;20;0.1;60;0.03;0.2;0.01;2000;3;False;0.9266;0.9218
model_mnist_lr0.0075;polytope;4;9;20;0.1;60;0.03;0.2;0.01;2000;4;False;0.9266;0.9088
model_mnist_lr0.0075;polytope;4;9;20;0.1;60;0.03;0.2;0.01;2000;5;False;0.9266;0.9233
model_mnist_lr0.0075;polytope;4;9;20;0.1;60;0.03;0.2;0.01;4000;1;False;0.9266;0.9235
model_mnist_lr0.0075;polytope;4;9;20;0.1;60;0.03;0.2;0.01;4000;2;False;0.9266;0.9121
model_mnist_lr0.0075;polytope;4;9;20;0.1;60;0.03;0.2;0.01;4000;3;False;0.9266;0.9205
model_mnist_lr0.0075;polytope;4;9;20;0.1;60;0.03;0.2;0.01;4000;4;False;0.9266;0.9247
model_mnist_lr0.0075;polytope;4;9;20;0.1;60;0.03;0.2;0.01;4000;5;False;0.9266;0.7448
model_mnist_lr0.0075;polytope;4;9;20;0.1;30;0.05;0.0;0.01;2000;1;False;0.9266;0.9244
model_mnist_lr0.0075;polytope;4;9;20;0.1;30;0.05;0.0;0.01;2000;2;False;0.9266;0.9197
model_mnist_lr0.0075;polytope;4;9;20;0.1;30;0.05;0.0;0.01;2000;3;False;0.9266;0.9116
model_mnist_lr0.0075;polytope;4;9;20;0.1;30;0.05;0.0;0.01;2000;4;False;0.9266;0.9186
model_mnist_lr0.0075;polytope;4;9;20;0.1;30;0.05;0.0;0.01;2000;5;False;0.9266;0.9163
model_mnist_lr0.0075;polytope;4;9;20;0.1;30;0.05;0.0;0.01;4000;1;False;0.9266;0.9257
model_mnist_lr0.0075;polytope;4;9;20;0.1;30;0.05;0.0;0.01;4000;2;False;0.9266;0.9237
model_mnist_lr0.0075;polytope;4;9;20;0.1;30;0.05;0.0;0.01;4000;3;False;0.9266;0.9249
model_mnist_lr0.0075;polytope;4;9;20;0.1;30;0.05;0.0;0.01;4000;4;False;0.9266;0.9251
model_mnist_lr0.0075;polytope;4;9;20;0.1;30;0.05;0.0;0.01;4000;5;False;0.9266;0.9202
model_mnist_lr0.0075;polytope;4;9;20;0.1;30;0.05;0.2;0.01;2000;1;False;0.9266;0.9131
model_mnist_lr0.0075;polytope;4;9;20;0.1;30;0.05;0.2;0.01;2000;2;False;0.9266;0.915
model_mnist_lr0.0075;polytope;4;9;20;0.1;30;0.05;0.2;0.01;2000;3;False;0.9266;0.9239
model_mnist_lr0.0075;polytope;4;9;20;0.1;30;0.05;0.2;0.01;2000;4;False;0.9266;0.9198
model_mnist_lr0.0075;polytope;4;9;20;0.1;30;0.05;0.2;0.01;2000;5;False;0.9266;0.9231
model_mnist_lr0.0075;polytope;4;9;20;0.1;30;0.05;0.2;0.01;4000;1;False;0.9266;0.9213
model_mnist_lr0.0075;polytope;4;9;20;0.1;30;0.05;0.2;0.01;4000;2;False;0.9266;0.9117
model_mnist_lr0.0075;polytope;4;9;20;0.1;30;0.05;0.2;0.01;4000;3;False;0.9266;0.9219
model_mnist_lr0.0075;polytope;4;9;20;0.1;30;0.05;0.2;0.01;4000;4;False;0.9266;0.9225
model_mnist_lr0.0075;polytope;4;9;20;0.1;30;0.05;0.2;0.01;4000;5;False;0.9266;0.9196
model_mnist_lr0.0075;polytope;4;9;20;0.1;60;0.05;0.0;0.01;2000;1;False;0.9266;0.8759
model_mnist_lr0.0075;polytope;4;9;20;0.1;60;0.05;0.0;0.01;2000;2;False;0.9266;0.9185
model_mnist_lr0.0075;polytope;4;9;20;0.1;60;0.05;0.0;0.01;2000;3;False;0.9266;0.9057
model_mnist_lr0.0075;polytope;4;9;20;0.1;60;0.05;0.0;0.01;2000;4;False;0.9266;0.9231
model_mnist_lr0.0075;polytope;4;9;20;0.1;60;0.05;0.0;0.01;2000;5;False;0.9266;0.921
model_mnist_lr0.0075;polytope;4;9;20;0.1;60;0.05;0.0;0.01;4000;1;False;0.9266;0.918
model_mnist_lr0.0075;polytope;4;9;20;0.1;60;0.05;0.0;0.01;4000;2;False;0.9266;0.9105
model_mnist_lr0.0075;polytope;4;9;20;0.1;60;0.05;0.0;0.01;4000;3;False;0.9266;0.901
model_mnist_lr0.0075;polytope;4;9;20;0.1;60;0.05;0.0;0.01;4000;4;False;0.9266;0.9208
model_mnist_lr0.0075;polytope;4;9;20;0.1;60;0.05;0.0;0.01;4000;5;False;0.9266;0.9194
model_mnist_lr0.0075;polytope;4;9;20;0.1;60;0.05;0.2;0.01;2000;1;False;0.9266;0.9184
model_mnist_lr0.0075;polytope;4;9;20;0.1;60;0.05;0.2;0.01;2000;2;False;0.9266;0.9206
model_mnist_lr0.0075;polytope;4;9;20;0.1;60;0.05;0.2;0.01;2000;3;False;0.9266;0.9129
model_mnist_lr0.0075;polytope;4;9;20;0.1;60;0.05;0.2;0.01;2000;4;False;0.9266;0.9166
model_mnist_lr0.0075;polytope;4;9;20;0.1;60;0.05;0.2;0.01;2000;5;False;0.9266;0.9247
model_mnist_lr0.0075;polytope;4;9;20;0.1;60;0.05;0.2;0.01;4000;1;False;0.9266;0.9099
model_mnist_lr0.0075;polytope;4;9;20;0.1;60;0.05;0.2;0.01;4000;2;False;0.9266;0.9243
model_mnist_lr0.0075;polytope;4;9;20;0.1;60;0.05;0.2;0.01;4000;3;False;0.9266;0.9206
model_mnist_lr0.0075;polytope;4;9;20;0.1;60;0.05;0.2;0.01;4000;4;False;0.9266;0.888
model_mnist_lr0.0075;polytope;4;9;20;0.1;60;0.05;0.2;0.01;4000;5;False;0.9266;0.9005
model_mnist_lr0.0075;polytope;6;5;20;0.1;30;0.01;0.0;0.01;2000;1;False;0.9266;0.9179
model_mnist_lr0.0075;polytope;6;5;20;0.1;30;0.01;0.0;0.01;2000;2;False;0.9266;0.9203
model_mnist_lr0.0075;polytope;6;5;20;0.1;30;0.01;0.0;0.01;2000;3;False;0.9266;0.9197
model_mnist_lr0.0075;polytope;6;5;20;0.1;30;0.01;0.0;0.01;2000;4;False;0.9266;0.9206
model_mnist_lr0.0075;polytope;6;5;20;0.1;30;0.01;0.0;0.01;2000;5;False;0.9266;0.9129
model_mnist_lr0.0075;polytope;6;5;20;0.1;30;0.01;0.0;0.01;4000;1;False;0.9266;0.9267
model_mnist_lr0.0075;polytope;6;5;20;0.1;30;0.01;0.0;0.01;4000;2;False;0.9266;0.9239
model_mnist_lr0.0075;polytope;6;5;20;0.1;30;0.01;0.0;0.01;4000;3;False;0.9266;0.9196
model_mnist_lr0.0075;polytope;6;5;20;0.1;30;0.01;0.0;0.01;4000;4;False;0.9266;0.9246
model_mnist_lr0.0075;polytope;6;5;20;0.1;30;0.01;0.0;0.01;4000;5;False;0.9266;0.913
model_mnist_lr0.0075;polytope;6;5;20;0.1;30;0.01;0.2;0.01;2000;1;False;0.9266;0.9239
model_mnist_lr0.0075;polytope;6;5;20;0.1;30;0.01;0.2;0.01;2000;2;False;0.9266;0.8954
model_mnist_lr0.0075;polytope;6;5;20;0.1;30;0.01;0.2;0.01;2000;3;False;0.9266;0.9248
model_mnist_lr0.0075;polytope;6;5;20;0.1;30;0.01;0.2;0.01;2000;4;False;0.9266;0.9176
model_mnist_lr0.0075;polytope;6;5;20;0.1;30;0.01;0.2;0.01;2000;5;False;0.9266;0.9261
model_mnist_lr0.0075;polytope;6;5;20;0.1;30;0.01;0.2;0.01;4000;1;False;0.9266;0.9049
model_mnist_lr0.0075;polytope;6;5;20;0.1;30;0.01;0.2;0.01;4000;2;False;0.9266;0.9011
model_mnist_lr0.0075;polytope;6;5;20;0.1;30;0.01;0.2;0.01;4000;3;False;0.9266;0.9252
model_mnist_lr0.0075;polytope;6;5;20;0.1;30;0.01;0.2;0.01;4000;4;False;0.9266;0.9075
model_mnist_lr0.0075;polytope;6;5;20;0.1;30;0.01;0.2;0.01;4000;5;False;0.9266;0.9173
model_mnist_lr0.0075;polytope;6;5;20;0.1;60;0.01;0.0;0.01;2000;1;False;0.9266;0.9153
model_mnist_lr0.0075;polytope;6;5;20;0.1;60;0.01;0.0;0.01;2000;2;False;0.9266;0.9077
model_mnist_lr0.0075;polytope;6;5;20;0.1;60;0.01;0.0;0.01;2000;3;False;0.9266;0.9173
model_mnist_lr0.0075;polytope;6;5;20;0.1;60;0.01;0.0;0.01;2000;4;False;0.9266;0.9127
model_mnist_lr0.0075;polytope;6;5;20;0.1;60;0.01;0.0;0.01;2000;5;False;0.9266;0.9201
model_mnist_lr0.0075;polytope;6;5;20;0.1;60;0.01;0.0;0.01;4000;1;False;0.9266;0.9078
model_mnist_lr0.0075;polytope;6;5;20;0.1;60;0.01;0.0;0.01;4000;2;False;0.9266;0.9201
model_mnist_lr0.0075;polytope;6;5;20;0.1;60;0.01;0.0;0.01;4000;3;False;0.9266;0.9178
model_mnist_lr0.0075;polytope;6;5;20;0.1;60;0.01;0.0;0.01;4000;4;False;0.9266;0.9228
model_mnist_lr0.0075;polytope;6;5;20;0.1;60;0.01;0.0;0.01;4000;5;False;0.9266;0.9219
model_mnist_lr0.0075;polytope;6;5;20;0.1;60;0.01;0.2;0.01;2000;1;False;0.9266;0.9236
model_mnist_lr0.0075;polytope;6;5;20;0.1;60;0.01;0.2;0.01;2000;2;False;0.9266;0.9204
model_mnist_lr0.0075;polytope;6;5;20;0.1;60;0.01;0.2;0.01;2000;3;False;0.9266;0.9183
model_mnist_lr0.0075;polytope;6;5;20;0.1;60;0.01;0.2;0.01;2000;4;False;0.9266;0.9238
model_mnist_lr0.0075;polytope;6;5;20;0.1;60;0.01;0.2;0.01;2000;5;False;0.9266;0.9109
model_mnist_lr0.0075;polytope;6;5;20;0.1;60;0.01;0.2;0.01;4000;1;False;0.9266;0.9175
model_mnist_lr0.0075;polytope;6;5;20;0.1;60;0.01;0.2;0.01;4000;2;False;0.9266;0.9248
model_mnist_lr0.0075;polytope;6;5;20;0.1;60;0.01;0.2;0.01;4000;3;False;0.9266;0.922
model_mnist_lr0.0075;polytope;6;5;20;0.1;60;0.01;0.2;0.01;4000;4;False;0.9266;0.9161
model_mnist_lr0.0075;polytope;6;5;20;0.1;60;0.01;0.2;0.01;4000;5;False;0.9266;0.9162
model_mnist_lr0.0075;polytope;6;5;20;0.1;30;0.03;0.0;0.01;2000;1;False;0.9266;0.9211
model_mnist_lr0.0075;polytope;6;5;20;0.1;30;0.03;0.0;0.01;2000;2;False;0.9266;0.9234
model_mnist_lr0.0075;polytope;6;5;20;0.1;30;0.03;0.0;0.01;2000;3;False;0.9266;0.9229
model_mnist_lr0.0075;polytope;6;5;20;0.1;30;0.03;0.0;0.01;2000;4;False;0.9266;0.9181
model_mnist_lr0.0075;polytope;6;5;20;0.1;30;0.03;0.0;0.01;2000;5;False;0.9266;0.9258
model_mnist_lr0.0075;polytope;6;5;20;0.1;30;0.03;0.0;0.01;4000;1;False;0.9266;0.9036
model_mnist_lr0.0075;polytope;6;5;20;0.1;30;0.03;0.0;0.01;4000;2;False;0.9266;0.9114
model_mnist_lr0.0075;polytope;6;5;20;0.1;30;0.03;0.0;0.01;4000;3;False;0.9266;0.9123
model_mnist_lr0.0075;polytope;6;5;20;0.1;30;0.03;0.0;0.01;4000;4;False;0.9266;0.9239
model_mnist_lr0.0075;polytope;6;5;20;0.1;30;0.03;0.0;0.01;4000;5;False;0.9266;0.9149
model_mnist_lr0.0075;polytope;6;5;20;0.1;30;0.03;0.2;0.01;2000;1;False;0.9266;0.8992
model_mnist_lr0.0075;polytope;6;5;20;0.1;30;0.03;0.2;0.01;2000;2;False;0.9266;0.9199
model_mnist_lr0.0075;polytope;6;5;20;0.1;30;0.03;0.2;0.01;2000;3;False;0.9266;0.9212
model_mnist_lr0.0075;polytope;6;5;20;0.1;30;0.03;0.2;0.01;2000;4;False;0.9266;0.9169
model_mnist_lr0.0075;polytope;6;5;20;0.1;30;0.03;0.2;0.01;2000;5;False;0.9266;0.9186
model_mnist_lr0.0075;polytope;6;5;20;0.1;30;0.03;0.2;0.01;4000;1;False;0.9266;0.9204
model_mnist_lr0.0075;polytope;6;5;20;0.1;30;0.03;0.2;0.01;4000;2;False;0.9266;0.922
model_mnist_lr0.0075;polytope;6;5;20;0.1;30;0.03;0.2;0.01;4000;3;False;0.9266;0.8977
model_mnist_lr0.0075;polytope;6;5;20;0.1;30;0.03;0.2;0.01;4000;4;False;0.9266;0.9242
model_mnist_lr0.0075;polytope;6;5;20;0.1;30;0.03;0.2;0.01;4000;5;False;0.9266;0.9009
model_mnist_lr0.0075;polytope;6;5;20;0.1;60;0.03;0.0;0.01;2000;1;False;0.9266;0.9202
model_mnist_lr0.0075;polytope;6;5;20;0.1;60;0.03;0.0;0.01;2000;2;False;0.9266;0.9011
model_mnist_lr0.0075;polytope;6;5;20;0.1;60;0.03;0.0;0.01;2000;3;False;0.9266;0.922
model_mnist_lr0.0075;polytope;6;5;20;0.1;60;0.03;0.0;0.01;2000;4;False;0.9266;0.9051
model_mnist_lr0.0075;polytope;6;5;20;0.1;60;0.03;0.0;0.01;2000;5;False;0.9266;0.9253
model_mnist_lr0.0075;polytope;6;5;20;0.1;60;0.03;0.0;0.01;4000;1;False;0.9266;0.9191
model_mnist_lr0.0075;polytope;6;5;20;0.1;60;0.03;0.0;0.01;4000;2;False;0.9266;0.9237
model_mnist_lr0.0075;polytope;6;5;20;0.1;60;0.03;0.0;0.01;4000;3;False;0.9266;0.9204
model_mnist_lr0.0075;polytope;6;5;20;0.1;60;0.03;0.0;0.01;4000;4;False;0.9266;0.9208
model_mnist_lr0.0075;polytope;6;5;20;0.1;60;0.03;0.0;0.01;4000;5;False;0.9266;0.923
model_mnist_lr0.0075;polytope;6;5;20;0.1;60;0.03;0.2;0.01;2000;1;False;0.9266;0.9233
model_mnist_lr0.0075;polytope;6;5;20;0.1;60;0.03;0.2;0.01;2000;2;False;0.9266;0.9238
model_mnist_lr0.0075;polytope;6;5;20;0.1;60;0.03;0.2;0.01;2000;3;False;0.9266;0.9191
model_mnist_lr0.0075;polytope;6;5;20;0.1;60;0.03;0.2;0.01;2000;4;False;0.9266;0.9247
model_mnist_lr0.0075;polytope;6;5;20;0.1;60;0.03;0.2;0.01;2000;5;False;0.9266;0.9223
model_mnist_lr0.0075;polytope;6;5;20;0.1;60;0.03;0.2;0.01;4000;1;False;0.9266;0.8987
model_mnist_lr0.0075;polytope;6;5;20;0.1;60;0.03;0.2;0.01;4000;2;False;0.9266;0.922
model_mnist_lr0.0075;polytope;6;5;20;0.1;60;0.03;0.2;0.01;4000;3;False;0.9266;0.9243
model_mnist_lr0.0075;polytope;6;5;20;0.1;60;0.03;0.2;0.01;4000;4;False;0.9266;0.9179
model_mnist_lr0.0075;polytope;6;5;20;0.1;60;0.03;0.2;0.01;4000;5;False;0.9266;0.9192
model_mnist_lr0.0075;polytope;6;5;20;0.1;30;0.05;0.0;0.01;2000;1;False;0.9266;0.9216
model_mnist_lr0.0075;polytope;6;5;20;0.1;30;0.05;0.0;0.01;2000;2;False;0.9266;0.9256
model_mnist_lr0.0075;polytope;6;5;20;0.1;30;0.05;0.0;0.01;2000;3;False;0.9266;0.9216
model_mnist_lr0.0075;polytope;6;5;20;0.1;30;0.05;0.0;0.01;2000;4;False;0.9266;0.9225
model_mnist_lr0.0075;polytope;6;5;20;0.1;30;0.05;0.0;0.01;2000;5;False;0.9266;0.8953
model_mnist_lr0.0075;polytope;6;5;20;0.1;30;0.05;0.0;0.01;4000;1;False;0.9266;0.9229
model_mnist_lr0.0075;polytope;6;5;20;0.1;30;0.05;0.0;0.01;4000;2;False;0.9266;0.9203
model_mnist_lr0.0075;polytope;6;5;20;0.1;30;0.05;0.0;0.01;4000;3;False;0.9266;0.8716
model_mnist_lr0.0075;polytope;6;5;20;0.1;30;0.05;0.0;0.01;4000;4;False;0.9266;0.9162
model_mnist_lr0.0075;polytope;6;5;20;0.1;30;0.05;0.0;0.01;4000;5;False;0.9266;0.9175
model_mnist_lr0.0075;polytope;6;5;20;0.1;30;0.05;0.2;0.01;2000;1;False;0.9266;0.9241
model_mnist_lr0.0075;polytope;6;5;20;0.1;30;0.05;0.2;0.01;2000;2;False;0.9266;0.9161
model_mnist_lr0.0075;polytope;6;5;20;0.1;30;0.05;0.2;0.01;2000;3;False;0.9266;0.9229
model_mnist_lr0.0075;polytope;6;5;20;0.1;30;0.05;0.2;0.01;2000;4;False;0.9266;0.9072
model_mnist_lr0.0075;polytope;6;5;20;0.1;30;0.05;0.2;0.01;2000;5;False;0.9266;0.9083
model_mnist_lr0.0075;polytope;6;5;20;0.1;30;0.05;0.2;0.01;4000;1;False;0.9266;0.9028
model_mnist_lr0.0075;polytope;6;5;20;0.1;30;0.05;0.2;0.01;4000;2;False;0.9266;0.9259
model_mnist_lr0.0075;polytope;6;5;20;0.1;30;0.05;0.2;0.01;4000;3;False;0.9266;0.9134
model_mnist_lr0.0075;polytope;6;5;20;0.1;30;0.05;0.2;0.01;4000;4;False;0.9266;0.9158
model_mnist_lr0.0075;polytope;6;5;20;0.1;30;0.05;0.2;0.01;4000;5;False;0.9266;0.9172
model_mnist_lr0.0075;polytope;6;5;20;0.1;60;0.05;0.0;0.01;2000;1;False;0.9266;0.9153
model_mnist_lr0.0075;polytope;6;5;20;0.1;60;0.05;0.0;0.01;2000;2;False;0.9266;0.8792
model_mnist_lr0.0075;polytope;6;5;20;0.1;60;0.05;0.0;0.01;2000;3;False;0.9266;0.9163
model_mnist_lr0.0075;polytope;6;5;20;0.1;60;0.05;0.0;0.01;2000;4;False;0.9266;0.9251
model_mnist_lr0.0075;polytope;6;5;20;0.1;60;0.05;0.0;0.01;2000;5;False;0.9266;0.9239
model_mnist_lr0.0075;polytope;6;5;20;0.1;60;0.05;0.0;0.01;4000;1;False;0.9266;0.9227
model_mnist_lr0.0075;polytope;6;5;20;0.1;60;0.05;0.0;0.01;4000;2;False;0.9266;0.9216
model_mnist_lr0.0075;polytope;6;5;20;0.1;60;0.05;0.0;0.01;4000;3;False;0.9266;0.9247
model_mnist_lr0.0075;polytope;6;5;20;0.1;60;0.05;0.0;0.01;4000;4;False;0.9266;0.92
model_mnist_lr0.0075;polytope;6;5;20;0.1;60;0.05;0.0;0.01;4000;5;False;0.9266;0.9255
model_mnist_lr0.0075;polytope;6;5;20;0.1;60;0.05;0.2;0.01;2000;1;False;0.9266;0.9224
model_mnist_lr0.0075;polytope;6;5;20;0.1;60;0.05;0.2;0.01;2000;2;False;0.9266;0.9212
model_mnist_lr0.0075;polytope;6;5;20;0.1;60;0.05;0.2;0.01;2000;3;False;0.9266;0.9241
model_mnist_lr0.0075;polytope;6;5;20;0.1;60;0.05;0.2;0.01;2000;4;False;0.9266;0.8875
model_mnist_lr0.0075;polytope;6;5;20;0.1;60;0.05;0.2;0.01;2000;5;False;0.9266;0.919
model_mnist_lr0.0075;polytope;6;5;20;0.1;60;0.05;0.2;0.01;4000;1;False;0.9266;0.9223
model_mnist_lr0.0075;polytope;6;5;20;0.1;60;0.05;0.2;0.01;4000;2;False;0.9266;0.922
model_mnist_lr0.0075;polytope;6;5;20;0.1;60;0.05;0.2;0.01;4000;3;False;0.9266;0.9173
model_mnist_lr0.0075;polytope;6;5;20;0.1;60;0.05;0.2;0.01;4000;4;False;0.9266;0.9217
model_mnist_lr0.0075;polytope;6;5;20;0.1;60;0.05;0.2;0.01;4000;5;False;0.9266;0.9191
model_mnist_lr0.0075;gradient;1;7;20;0.1;30;0.01;0.0;0.01;2000;1;False;0.9266;0.922
model_mnist_lr0.0075;gradient;1;7;20;0.1;30;0.01;0.0;0.01;2000;2;False;0.9266;0.9244
model_mnist_lr0.0075;gradient;1;7;20;0.1;30;0.01;0.0;0.01;2000;3;False;0.9266;0.9193
model_mnist_lr0.0075;gradient;1;7;20;0.1;30;0.01;0.0;0.01;2000;4;False;0.9266;0.9226
model_mnist_lr0.0075;gradient;1;7;20;0.1;30;0.01;0.0;0.01;2000;5;False;0.9266;0.9261
model_mnist_lr0.0075;gradient;1;7;20;0.1;30;0.01;0.0;0.01;4000;1;False;0.9266;0.924
model_mnist_lr0.0075;gradient;1;7;20;0.1;30;0.01;0.0;0.01;4000;2;False;0.9266;0.9027
model_mnist_lr0.0075;gradient;1;7;20;0.1;30;0.01;0.0;0.01;4000;3;False;0.9266;0.9225
model_mnist_lr0.0075;gradient;1;7;20;0.1;30;0.01;0.0;0.01;4000;4;False;0.9266;0.9168
model_mnist_lr0.0075;gradient;1;7;20;0.1;30;0.01;0.0;0.01;4000;5;False;0.9266;0.9216
model_mnist_lr0.0075;gradient;1;7;20;0.1;30;0.01;0.2;0.01;2000;1;False;0.9266;0.9226
model_mnist_lr0.0075;gradient;1;7;20;0.1;30;0.01;0.2;0.01;2000;2;False;0.9266;0.9242
model_mnist_lr0.0075;gradient;1;7;20;0.1;30;0.01;0.2;0.01;2000;3;False;0.9266;0.8863
model_mnist_lr0.0075;gradient;1;7;20;0.1;30;0.01;0.2;0.01;2000;4;False;0.9266;0.9086
model_mnist_lr0.0075;gradient;1;7;20;0.1;30;0.01;0.2;0.01;2000;5;False;0.9266;0.9246
model_mnist_lr0.0075;gradient;1;7;20;0.1;30;0.01;0.2;0.01;4000;1;False;0.9266;0.923
model_mnist_lr0.0075;gradient;1;7;20;0.1;30;0.01;0.2;0.01;4000;2;False;0.9266;0.9227
model_mnist_lr0.0075;gradient;1;7;20;0.1;30;0.01;0.2;0.01;4000;3;False;0.9266;0.9251
model_mnist_lr0.0075;gradient;1;7;20;0.1;30;0.01;0.2;0.01;4000;4;False;0.9266;0.922
model_mnist_lr0.0075;gradient;1;7;20;0.1;30;0.01;0.2;0.01;4000;5;False;0.9266;0.9189
model_mnist_lr0.0075;gradient;1;7;20;0.1;60;0.01;0.0;0.01;2000;1;False;0.9266;0.9138
model_mnist_lr0.0075;gradient;1;7;20;0.1;60;0.01;0.0;0.01;2000;2;False;0.9266;0.9266
model_mnist_lr0.0075;gradient;1;7;20;0.1;60;0.01;0.0;0.01;2000;3;False;0.9266;0.8838
model_mnist_lr0.0075;gradient;1;7;20;0.1;60;0.01;0.0;0.01;2000;4;False;0.9266;0.9261
model_mnist_lr0.0075;gradient;1;7;20;0.1;60;0.01;0.0;0.01;2000;5;False;0.9266;0.9063
model_mnist_lr0.0075;gradient;1;7;20;0.1;60;0.01;0.0;0.01;4000;1;False;0.9266;0.922
model_mnist_lr0.0075;gradient;1;7;20;0.1;60;0.01;0.0;0.01;4000;2;False;0.9266;0.9248
model_mnist_lr0.0075;gradient;1;7;20;0.1;60;0.01;0.0;0.01;4000;3;False;0.9266;0.9178
model_mnist_lr0.0075;gradient;1;7;20;0.1;60;0.01;0.0;0.01;4000;4;False;0.9266;0.9243
model_mnist_lr0.0075;gradient;1;7;20;0.1;60;0.01;0.0;0.01;4000;5;False;0.9266;0.9177
model_mnist_lr0.0075;gradient;1;7;20;0.1;60;0.01;0.2;0.01;2000;1;False;0.9266;0.9175
model_mnist_lr0.0075;gradient;1;7;20;0.1;60;0.01;0.2;0.01;2000;2;False;0.9266;0.922
model_mnist_lr0.0075;gradient;1;7;20;0.1;60;0.01;0.2;0.01;2000;3;False;0.9266;0.9183
model_mnist_lr0.0075;gradient;1;7;20;0.1;60;0.01;0.2;0.01;2000;4;False;0.9266;0.9045
model_mnist_lr0.0075;gradient;1;7;20;0.1;60;0.01;0.2;0.01;2000;5;False;0.9266;0.9227
model_mnist_lr0.0075;gradient;1;7;20;0.1;60;0.01;0.2;0.01;4000;1;False;0.9266;0.9248
model_mnist_lr0.0075;gradient;1;7;20;0.1;60;0.01;0.2;0.01;4000;2;False;0.9266;0.9033
model_mnist_lr0.0075;gradient;1;7;20;0.1;60;0.01;0.2;0.01;4000;3;False;0.9266;0.9204
model_mnist_lr0.0075;gradient;1;7;20;0.1;60;0.01;0.2;0.01;4000;4;False;0.9266;0.9231
model_mnist_lr0.0075;gradient;1;7;20;0.1;60;0.01;0.2;0.01;4000;5;False;0.9266;0.9247
model_mnist_lr0.0075;gradient;1;7;20;0.1;30;0.03;0.0;0.01;2000;1;False;0.9266;0.9259
model_mnist_lr0.0075;gradient;1;7;20;0.1;30;0.03;0.0;0.01;2000;2;False;0.9266;0.9105
model_mnist_lr0.0075;gradient;1;7;20;0.1;30;0.03;0.0;0.01;2000;3;False;0.9266;0.9018
model_mnist_lr0.0075;gradient;1;7;20;0.1;30;0.03;0.0;0.01;2000;4;False;0.9266;0.9262
model_mnist_lr0.0075;gradient;1;7;20;0.1;30;0.03;0.0;0.01;2000;5;False;0.9266;0.9174
model_mnist_lr0.0075;gradient;1;7;20;0.1;30;0.03;0.0;0.01;4000;1;False;0.9266;0.8894
model_mnist_lr0.0075;gradient;1;7;20;0.1;30;0.03;0.0;0.01;4000;2;False;0.9266;0.928
model_mnist_lr0.0075;gradient;1;7;20;0.1;30;0.03;0.0;0.01;4000;3;False;0.9266;0.9188
model_mnist_lr0.0075;gradient;1;7;20;0.1;30;0.03;0.0;0.01;4000;4;False;0.9266;0.9217
model_mnist_lr0.0075;gradient;1;7;20;0.1;30;0.03;0.0;0.01;4000;5;False;0.9266;0.9138
model_mnist_lr0.0075;gradient;1;7;20;0.1;30;0.03;0.2;0.01;2000;1;False;0.9266;0.9213
model_mnist_lr0.0075;gradient;1;7;20;0.1;30;0.03;0.2;0.01;2000;2;False;0.9266;0.9105
model_mnist_lr0.0075;gradient;1;7;20;0.1;30;0.03;0.2;0.01;2000;3;False;0.9266;0.9239
model_mnist_lr0.0075;gradient;1;7;20;0.1;30;0.03;0.2;0.01;2000;4;False;0.9266;0.922
model_mnist_lr0.0075;gradient;1;7;20;0.1;30;0.03;0.2;0.01;2000;5;False;0.9266;0.9258
model_mnist_lr0.0075;gradient;1;7;20;0.1;30;0.03;0.2;0.01;4000;1;False;0.9266;0.879
model_mnist_lr0.0075;gradient;1;7;20;0.1;30;0.03;0.2;0.01;4000;2;False;0.9266;0.9262
model_mnist_lr0.0075;gradient;1;7;20;0.1;30;0.03;0.2;0.01;4000;3;False;0.9266;0.9207
model_mnist_lr0.0075;gradient;1;7;20;0.1;30;0.03;0.2;0.01;4000;4;False;0.9266;0.9128
model_mnist_lr0.0075;gradient;1;7;20;0.1;30;0.03;0.2;0.01;4000;5;False;0.9266;0.9193
model_mnist_lr0.0075;gradient;1;7;20;0.1;60;0.03;0.0;0.01;2000;1;False;0.9266;0.9223
model_mnist_lr0.0075;gradient;1;7;20;0.1;60;0.03;0.0;0.01;2000;2;False;0.9266;0.9128
model_mnist_lr0.0075;gradient;1;7;20;0.1;60;0.03;0.0;0.01;2000;3;False;0.9266;0.9092
model_mnist_lr0.0075;gradient;1;7;20;0.1;60;0.03;0.0;0.01;2000;4;False;0.9266;0.9244
model_mnist_lr0.0075;gradient;1;7;20;0.1;60;0.03;0.0;0.01;2000;5;False;0.9266;0.9125
model_mnist_lr0.0075;gradient;1;7;20;0.1;60;0.03;0.0;0.01;4000;1;False;0.9266;0.922
model_mnist_lr0.0075;gradient;1;7;20;0.1;60;0.03;0.0;0.01;4000;2;False;0.9266;0.9173
model_mnist_lr0.0075;gradient;1;7;20;0.1;60;0.03;0.0;0.01;4000;3;False;0.9266;0.9115
model_mnist_lr0.0075;gradient;1;7;20;0.1;60;0.03;0.0;0.01;4000;4;False;0.9266;0.9201
model_mnist_lr0.0075;gradient;1;7;20;0.1;60;0.03;0.0;0.01;4000;5;False;0.9266;0.9159
model_mnist_lr0.0075;gradient;1;7;20;0.1;60;0.03;0.2;0.01;2000;1;False;0.9266;0.9196
model_mnist_lr0.0075;gradient;1;7;20;0.1;60;0.03;0.2;0.01;2000;2;False;0.9266;0.9131
model_mnist_lr0.0075;gradient;1;7;20;0.1;60;0.03;0.2;0.01;2000;3;False;0.9266;0.9229
model_mnist_lr0.0075;gradient;1;7;20;0.1;60;0.03;0.2;0.01;2000;4;False;0.9266;0.9217
model_mnist_lr0.0075;gradient;1;7;20;0.1;60;0.03;0.2;0.01;2000;5;False;0.9266;0.9254
model_mnist_lr0.0075;gradient;1;7;20;0.1;60;0.03;0.2;0.01;4000;1;False;0.9266;0.8899
model_mnist_lr0.0075;gradient;1;7;20;0.1;60;0.03;0.2;0.01;4000;2;False;0.9266;0.9189
model_mnist_lr0.0075;gradient;1;7;20;0.1;60;0.03;0.2;0.01;4000;3;False;0.9266;0.9232
model_mnist_lr0.0075;gradient;1;7;20;0.1;60;0.03;0.2;0.01;4000;4;False;0.9266;0.9193
model_mnist_lr0.0075;gradient;1;7;20;0.1;60;0.03;0.2;0.01;4000;5;False;0.9266;0.913
model_mnist_lr0.0075;gradient;1;7;20;0.1;30;0.05;0.0;0.01;2000;1;False;0.9266;0.9246
model_mnist_lr0.0075;gradient;1;7;20;0.1;30;0.05;0.0;0.01;2000;2;False;0.9266;0.9254
model_mnist_lr0.0075;gradient;1;7;20;0.1;30;0.05;0.0;0.01;2000;3;False;0.9266;0.9228
model_mnist_lr0.0075;gradient;1;7;20;0.1;30;0.05;0.0;0.01;2000;4;False;0.9266;0.9245
model_mnist_lr0.0075;gradient;1;7;20;0.1;30;0.05;0.0;0.01;2000;5;False;0.9266;0.919
model_mnist_lr0.0075;gradient;1;7;20;0.1;30;0.05;0.0;0.01;4000;1;False;0.9266;0.8964
model_mnist_lr0.0075;gradient;1;7;20;0.1;30;0.05;0.0;0.01;4000;2;False;0.9266;0.9243
model_mnist_lr0.0075;gradient;1;7;20;0.1;30;0.05;0.0;0.01;4000;3;False;0.9266;0.9233
model_mnist_lr0.0075;gradient;1;7;20;0.1;30;0.05;0.0;0.01;4000;4;False;0.9266;0.9125
model_mnist_lr0.0075;gradient;1;7;20;0.1;30;0.05;0.0;0.01;4000;5;False;0.9266;0.9187
model_mnist_lr0.0075;gradient;1;7;20;0.1;30;0.05;0.2;0.01;2000;1;False;0.9266;0.9258
model_mnist_lr0.0075;gradient;1;7;20;0.1;30;0.05;0.2;0.01;2000;2;False;0.9266;0.9208
model_mnist_lr0.0075;gradient;1;7;20;0.1;30;0.05;0.2;0.01;2000;3;False;0.9266;0.9136
model_mnist_lr0.0075;gradient;1;7;20;0.1;30;0.05;0.2;0.01;2000;4;False;0.9266;0.9171
model_mnist_lr0.0075;gradient;1;7;20;0.1;30;0.05;0.2;0.01;2000;5;False;0.9266;0.8953
model_mnist_lr0.0075;gradient;1;7;20;0.1;30;0.05;0.2;0.01;4000;1;False;0.9266;0.9196
model_mnist_lr0.0075;gradient;1;7;20;0.1;30;0.05;0.2;0.01;4000;2;False;0.9266;0.9272
model_mnist_lr0.0075;gradient;1;7;20;0.1;30;0.05;0.2;0.01;4000;3;False;0.9266;0.8924
model_mnist_lr0.0075;gradient;1;7;20;0.1;30;0.05;0.2;0.01;4000;4;False;0.9266;0.9222
model_mnist_lr0.0075;gradient;1;7;20;0.1;30;0.05;0.2;0.01;4000;5;False;0.9266;0.9199
model_mnist_lr0.0075;gradient;1;7;20;0.1;60;0.05;0.0;0.01;2000;1;False;0.9266;0.922
model_mnist_lr0.0075;gradient;1;7;20;0.1;60;0.05;0.0;0.01;2000;2;False;0.9266;0.9241
model_mnist_lr0.0075;gradient;1;7;20;0.1;60;0.05;0.0;0.01;2000;3;False;0.9266;0.9198
model_mnist_lr0.0075;gradient;1;7;20;0.1;60;0.05;0.0;0.01;2000;4;False;0.9266;0.9112
model_mnist_lr0.0075;gradient;1;7;20;0.1;60;0.05;0.0;0.01;2000;5;False;0.9266;0.9231
model_mnist_lr0.0075;gradient;1;7;20;0.1;60;0.05;0.0;0.01;4000;1;False;0.9266;0.9237
model_mnist_lr0.0075;gradient;1;7;20;0.1;60;0.05;0.0;0.01;4000;2;False;0.9266;0.9198
model_mnist_lr0.0075;gradient;1;7;20;0.1;60;0.05;0.0;0.01;4000;3;False;0.9266;0.9132
model_mnist_lr0.0075;gradient;1;7;20;0.1;60;0.05;0.0;0.01;4000;4;False;0.9266;0.9176
model_mnist_lr0.0075;gradient;1;7;20;0.1;60;0.05;0.0;0.01;4000;5;False;0.9266;0.9171
model_mnist_lr0.0075;gradient;1;7;20;0.1;60;0.05;0.2;0.01;2000;1;False;0.9266;0.9202
model_mnist_lr0.0075;gradient;1;7;20;0.1;60;0.05;0.2;0.01;2000;2;False;0.9266;0.9257
model_mnist_lr0.0075;gradient;1;7;20;0.1;60;0.05;0.2;0.01;2000;3;False;0.9266;0.9203
model_mnist_lr0.0075;gradient;1;7;20;0.1;60;0.05;0.2;0.01;2000;4;False;0.9266;0.9205
model_mnist_lr0.0075;gradient;1;7;20;0.1;60;0.05;0.2;0.01;2000;5;False;0.9266;0.9139
model_mnist_lr0.0075;gradient;1;7;20;0.1;60;0.05;0.2;0.01;4000;1;False;0.9266;0.9239
model_mnist_lr0.0075;gradient;1;7;20;0.1;60;0.05;0.2;0.01;4000;2;False;0.9266;0.9247
model_mnist_lr0.0075;gradient;1;7;20;0.1;60;0.05;0.2;0.01;4000;3;False;0.9266;0.9214
model_mnist_lr0.0075;gradient;1;7;20;0.1;60;0.05;0.2;0.01;4000;4;False;0.9266;0.9192
model_mnist_lr0.0075;gradient;1;7;20;0.1;60;0.05;0.2;0.01;4000;5;False;0.9266;0.919
model_mnist_lr0.0075;gradient;8;3;20;0.1;30;0.01;0.0;0.01;2000;1;False;0.9266;0.9169
model_mnist_lr0.0075;gradient;8;3;20;0.1;30;0.01;0.0;0.01;2000;2;False;0.9266;0.9176
model_mnist_lr0.0075;gradient;8;3;20;0.1;30;0.01;0.0;0.01;2000;3;False;0.9266;0.9219
model_mnist_lr0.0075;gradient;8;3;20;0.1;30;0.01;0.0;0.01;2000;4;False;0.9266;0.9263
model_mnist_lr0.0075;gradient;8;3;20;0.1;30;0.01;0.0;0.01;2000;5;False;0.9266;0.926
model_mnist_lr0.0075;gradient;8;3;20;0.1;30;0.01;0.0;0.01;4000;1;False;0.9266;0.9278
model_mnist_lr0.0075;gradient;8;3;20;0.1;30;0.01;0.0;0.01;4000;2;False;0.9266;0.9237
model_mnist_lr0.0075;gradient;8;3;20;0.1;30;0.01;0.0;0.01;4000;3;False;0.9266;0.9209
model_mnist_lr0.0075;gradient;8;3;20;0.1;30;0.01;0.0;0.01;4000;4;False;0.9266;0.9125
model_mnist_lr0.0075;gradient;8;3;20;0.1;30;0.01;0.0;0.01;4000;5;False;0.9266;0.924
model_mnist_lr0.0075;gradient;8;3;20;0.1;30;0.01;0.2;0.01;2000;1;False;0.9266;0.9258
model_mnist_lr0.0075;gradient;8;3;20;0.1;30;0.01;0.2;0.01;2000;2;False;0.9266;0.9263
model_mnist_lr0.0075;gradient;8;3;20;0.1;30;0.01;0.2;0.01;2000;3;False;0.9266;0.9017
model_mnist_lr0.0075;gradient;8;3;20;0.1;30;0.01;0.2;0.01;2000;4;False;0.9266;0.9247
model_mnist_lr0.0075;gradient;8;3;20;0.1;30;0.01;0.2;0.01;2000;5;False;0.9266;0.9263
model_mnist_lr0.0075;gradient;8;3;20;0.1;30;0.01;0.2;0.01;4000;1;False;0.9266;0.9231
model_mnist_lr0.0075;gradient;8;3;20;0.1;30;0.01;0.2;0.01;4000;2;False;0.9266;0.9121
model_mnist_lr0.0075;gradient;8;3;20;0.1;30;0.01;0.2;0.01;4000;3;False;0.9266;0.9157
model_mnist_lr0.0075;gradient;8;3;20;0.1;30;0.01;0.2;0.01;4000;4;False;0.9266;0.9152
model_mnist_lr0.0075;gradient;8;3;20;0.1;30;0.01;0.2;0.01;4000;5;False;0.9266;0.8887
model_mnist_lr0.0075;gradient;8;3;20;0.1;60;0.01;0.0;0.01;2000;1;True;0.9266;0.9047
model_mnist_lr0.0075;gradient;8;3;20;0.1;60;0.01;0.0;0.01;2000;2;False;0.9266;0.925
model_mnist_lr0.0075;gradient;8;3;20;0.1;60;0.01;0.0;0.01;2000;3;False;0.9266;0.9222
model_mnist_lr0.0075;gradient;8;3;20;0.1;60;0.01;0.0;0.01;2000;4;False;0.9266;0.9241
model_mnist_lr0.0075;gradient;8;3;20;0.1;60;0.01;0.0;0.01;2000;5;False;0.9266;0.9192
model_mnist_lr0.0075;gradient;8;3;20;0.1;60;0.01;0.0;0.01;4000;1;False;0.9266;0.9103
model_mnist_lr0.0075;gradient;8;3;20;0.1;60;0.01;0.0;0.01;4000;2;False;0.9266;0.9151
model_mnist_lr0.0075;gradient;8;3;20;0.1;60;0.01;0.0;0.01;4000;3;False;0.9266;0.9217
model_mnist_lr0.0075;gradient;8;3;20;0.1;60;0.01;0.0;0.01;4000;4;False;0.9266;0.9239
model_mnist_lr0.0075;gradient;8;3;20;0.1;60;0.01;0.0;0.01;4000;5;False;0.9266;0.9124
model_mnist_lr0.0075;gradient;8;3;20;0.1;60;0.01;0.2;0.01;2000;1;False;0.9266;0.9163
model_mnist_lr0.0075;gradient;8;3;20;0.1;60;0.01;0.2;0.01;2000;2;False;0.9266;0.9232
model_mnist_lr0.0075;gradient;8;3;20;0.1;60;0.01;0.2;0.01;2000;3;False;0.9266;0.9161
model_mnist_lr0.0075;gradient;8;3;20;0.1;60;0.01;0.2;0.01;2000;4;False;0.9266;0.9229
model_mnist_lr0.0075;gradient;8;3;20;0.1;60;0.01;0.2;0.01;2000;5;False;0.9266;0.9209
model_mnist_lr0.0075;gradient;8;3;20;0.1;60;0.01;0.2;0.01;4000;1;False;0.9266;0.9225
model_mnist_lr0.0075;gradient;8;3;20;0.1;60;0.01;0.2;0.01;4000;2;False;0.9266;0.9204
model_mnist_lr0.0075;gradient;8;3;20;0.1;60;0.01;0.2;0.01;4000;3;False;0.9266;0.9211
model_mnist_lr0.0075;gradient;8;3;20;0.1;60;0.01;0.2;0.01;4000;4;False;0.9266;0.9076
model_mnist_lr0.0075;gradient;8;3;20;0.1;60;0.01;0.2;0.01;4000;5;False;0.9266;0.9238
model_mnist_lr0.0075;gradient;8;3;20;0.1;30;0.03;0.0;0.01;2000;1;False;0.9266;0.9245
model_mnist_lr0.0075;gradient;8;3;20;0.1;30;0.03;0.0;0.01;2000;2;False;0.9266;0.9217
model_mnist_lr0.0075;gradient;8;3;20;0.1;30;0.03;0.0;0.01;2000;3;False;0.9266;0.9244
model_mnist_lr0.0075;gradient;8;3;20;0.1;30;0.03;0.0;0.01;2000;4;True;0.9266;0.8735
model_mnist_lr0.0075;gradient;8;3;20;0.1;30;0.03;0.0;0.01;2000;5;False;0.9266;0.8896
model_mnist_lr0.0075;gradient;8;3;20;0.1;30;0.03;0.0;0.01;4000;1;False;0.9266;0.9133
model_mnist_lr0.0075;gradient;8;3;20;0.1;30;0.03;0.0;0.01;4000;2;False;0.9266;0.9234
model_mnist_lr0.0075;gradient;8;3;20;0.1;30;0.03;0.0;0.01;4000;3;False;0.9266;0.9214
model_mnist_lr0.0075;gradient;8;3;20;0.1;30;0.03;0.0;0.01;4000;4;False;0.9266;0.9214
model_mnist_lr0.0075;gradient;8;3;20;0.1;30;0.03;0.0;0.01;4000;5;False;0.9266;0.9126
model_mnist_lr0.0075;gradient;8;3;20;0.1;30;0.03;0.2;0.01;2000;1;False;0.9266;0.9231
model_mnist_lr0.0075;gradient;8;3;20;0.1;30;0.03;0.2;0.01;2000;2;False;0.9266;0.9178
model_mnist_lr0.0075;gradient;8;3;20;0.1;30;0.03;0.2;0.01;2000;3;False;0.9266;0.9253
model_mnist_lr0.0075;gradient;8;3;20;0.1;30;0.03;0.2;0.01;2000;4;False;0.9266;0.9161
model_mnist_lr0.0075;gradient;8;3;20;0.1;30;0.03;0.2;0.01;2000;5;False;0.9266;0.9226
model_mnist_lr0.0075;gradient;8;3;20;0.1;30;0.03;0.2;0.01;4000;1;False;0.9266;0.8966
model_mnist_lr0.0075;gradient;8;3;20;0.1;30;0.03;0.2;0.01;4000;2;False;0.9266;0.9027
model_mnist_lr0.0075;gradient;8;3;20;0.1;30;0.03;0.2;0.01;4000;3;False;0.9266;0.9203
model_mnist_lr0.0075;gradient;8;3;20;0.1;30;0.03;0.2;0.01;4000;4;False;0.9266;0.9201
model_mnist_lr0.0075;gradient;8;3;20;0.1;30;0.03;0.2;0.01;4000;5;False;0.9266;0.9217
model_mnist_lr0.0075;gradient;8;3;20;0.1;60;0.03;0.0;0.01;2000;1;False;0.9266;0.9195
model_mnist_lr0.0075;gradient;8;3;20;0.1;60;0.03;0.0;0.01;2000;2;False;0.9266;0.9222
model_mnist_lr0.0075;gradient;8;3;20;0.1;60;0.03;0.0;0.01;2000;3;False;0.9266;0.92
model_mnist_lr0.0075;gradient;8;3;20;0.1;60;0.03;0.0;0.01;2000;4;False;0.9266;0.9169
model_mnist_lr0.0075;gradient;8;3;20;0.1;60;0.03;0.0;0.01;2000;5;False;0.9266;0.8889
model_mnist_lr0.0075;gradient;8;3;20;0.1;60;0.03;0.0;0.01;4000;1;False;0.9266;0.9233
model_mnist_lr0.0075;gradient;8;3;20;0.1;60;0.03;0.0;0.01;4000;2;False;0.9266;0.9157
model_mnist_lr0.0075;gradient;8;3;20;0.1;60;0.03;0.0;0.01;4000;3;False;0.9266;0.8981
model_mnist_lr0.0075;gradient;8;3;20;0.1;60;0.03;0.0;0.01;4000;4;False;0.9266;0.9163
model_mnist_lr0.0075;gradient;8;3;20;0.1;60;0.03;0.0;0.01;4000;5;False;0.9266;0.9234
model_mnist_lr0.0075;gradient;8;3;20;0.1;60;0.03;0.2;0.01;2000;1;False;0.9266;0.9223
model_mnist_lr0.0075;gradient;8;3;20;0.1;60;0.03;0.2;0.01;2000;2;False;0.9266;0.9205
model_mnist_lr0.0075;gradient;8;3;20;0.1;60;0.03;0.2;0.01;2000;3;False;0.9266;0.9259
model_mnist_lr0.0075;gradient;8;3;20;0.1;60;0.03;0.2;0.01;2000;4;False;0.9266;0.9249
model_mnist_lr0.0075;gradient;8;3;20;0.1;60;0.03;0.2;0.01;2000;5;False;0.9266;0.9154
model_mnist_lr0.0075;gradient;8;3;20;0.1;60;0.03;0.2;0.01;4000;1;False;0.9266;0.92
model_mnist_lr0.0075;gradient;8;3;20;0.1;60;0.03;0.2;0.01;4000;2;False;0.9266;0.9138
model_mnist_lr0.0075;gradient;8;3;20;0.1;60;0.03;0.2;0.01;4000;3;False;0.9266;0.9221
model_mnist_lr0.0075;gradient;8;3;20;0.1;60;0.03;0.2;0.01;4000;4;False;0.9266;0.9234
model_mnist_lr0.0075;gradient;8;3;20;0.1;60;0.03;0.2;0.01;4000;5;False;0.9266;0.9248
model_mnist_lr0.0075;gradient;8;3;20;0.1;30;0.05;0.0;0.01;2000;1;False;0.9266;0.9188
model_mnist_lr0.0075;gradient;8;3;20;0.1;30;0.05;0.0;0.01;2000;2;False;0.9266;0.9243
model_mnist_lr0.0075;gradient;8;3;20;0.1;30;0.05;0.0;0.01;2000;3;False;0.9266;0.912
model_mnist_lr0.0075;gradient;8;3;20;0.1;30;0.05;0.0;0.01;2000;4;False;0.9266;0.9194
model_mnist_lr0.0075;gradient;8;3;20;0.1;30;0.05;0.0;0.01;2000;5;False;0.9266;0.9241
model_mnist_lr0.0075;gradient;8;3;20;0.1;30;0.05;0.0;0.01;4000;1;False;0.9266;0.9166
model_mnist_lr0.0075;gradient;8;3;20;0.1;30;0.05;0.0;0.01;4000;2;False;0.9266;0.9265
model_mnist_lr0.0075;gradient;8;3;20;0.1;30;0.05;0.0;0.01;4000;3;False;0.9266;0.903
model_mnist_lr0.0075;gradient;8;3;20;0.1;30;0.05;0.0;0.01;4000;4;False;0.9266;0.9198
model_mnist_lr0.0075;gradient;8;3;20;0.1;30;0.05;0.0;0.01;4000;5;False;0.9266;0.9086
model_mnist_lr0.0075;gradient;8;3;20;0.1;30;0.05;0.2;0.01;2000;1;False;0.9266;0.9234
model_mnist_lr0.0075;gradient;8;3;20;0.1;30;0.05;0.2;0.01;2000;2;False;0.9266;0.9237
model_mnist_lr0.0075;gradient;8;3;20;0.1;30;0.05;0.2;0.01;2000;3;False;0.9266;0.9056
model_mnist_lr0.0075;gradient;8;3;20;0.1;30;0.05;0.2;0.01;2000;4;False;0.9266;0.877
model_mnist_lr0.0075;gradient;8;3;20;0.1;30;0.05;0.2;0.01;2000;5;False;0.9266;0.9253
model_mnist_lr0.0075;gradient;8;3;20;0.1;30;0.05;0.2;0.01;4000;1;False;0.9266;0.9259
model_mnist_lr0.0075;gradient;8;3;20;0.1;30;0.05;0.2;0.01;4000;2;False;0.9266;0.9225
model_mnist_lr0.0075;gradient;8;3;20;0.1;30;0.05;0.2;0.01;4000;3;False;0.9266;0.9141
model_mnist_lr0.0075;gradient;8;3;20;0.1;30;0.05;0.2;0.01;4000;4;True;0.9266;0.9084
model_mnist_lr0.0075;gradient;8;3;20;0.1;30;0.05;0.2;0.01;4000;5;False;0.9266;0.9255
model_mnist_lr0.0075;gradient;8;3;20;0.1;60;0.05;0.0;0.01;2000;1;False;0.9266;0.923
model_mnist_lr0.0075;gradient;8;3;20;0.1;60;0.05;0.0;0.01;2000;2;False;0.9266;0.9228
model_mnist_lr0.0075;gradient;8;3;20;0.1;60;0.05;0.0;0.01;2000;3;False;0.9266;0.9135
model_mnist_lr0.0075;gradient;8;3;20;0.1;60;0.05;0.0;0.01;2000;4;False;0.9266;0.9232
model_mnist_lr0.0075;gradient;8;3;20;0.1;60;0.05;0.0;0.01;2000;5;False;0.9266;0.9229
model_mnist_lr0.0075;gradient;8;3;20;0.1;60;0.05;0.0;0.01;4000;1;False;0.9266;0.9237
model_mnist_lr0.0075;gradient;8;3;20;0.1;60;0.05;0.0;0.01;4000;2;False;0.9266;0.9152
model_mnist_lr0.0075;gradient;8;3;20;0.1;60;0.05;0.0;0.01;4000;3;False;0.9266;0.9237
model_mnist_lr0.0075;gradient;8;3;20;0.1;60;0.05;0.0;0.01;4000;4;False;0.9266;0.9154
model_mnist_lr0.0075;gradient;8;3;20;0.1;60;0.05;0.0;0.01;4000;5;False;0.9266;0.9246
model_mnist_lr0.0075;gradient;8;3;20;0.1;60;0.05;0.2;0.01;2000;1;False;0.9266;0.9188
model_mnist_lr0.0075;gradient;8;3;20;0.1;60;0.05;0.2;0.01;2000;2;False;0.9266;0.9186
model_mnist_lr0.0075;gradient;8;3;20;0.1;60;0.05;0.2;0.01;2000;3;False;0.9266;0.9257
model_mnist_lr0.0075;gradient;8;3;20;0.1;60;0.05;0.2;0.01;2000;4;False;0.9266;0.9052
model_mnist_lr0.0075;gradient;8;3;20;0.1;60;0.05;0.2;0.01;2000;5;False;0.9266;0.9195
model_mnist_lr0.0075;gradient;8;3;20;0.1;60;0.05;0.2;0.01;4000;1;False;0.9266;0.9181
model_mnist_lr0.0075;gradient;8;3;20;0.1;60;0.05;0.2;0.01;4000;2;False;0.9266;0.9239
model_mnist_lr0.0075;gradient;8;3;20;0.1;60;0.05;0.2;0.01;4000;3;False;0.9266;0.9129
model_mnist_lr0.0075;gradient;8;3;20;0.1;60;0.05;0.2;0.01;4000;4;False;0.9266;0.9122
model_mnist_lr0.0075;gradient;8;3;20;0.1;60;0.05;0.2;0.01;4000;5;False;0.9266;0.9218
model_mnist_lr0.0075;gradient;4;9;20;0.1;30;0.01;0.0;0.01;2000;1;False;0.9266;0.9107
model_mnist_lr0.0075;gradient;4;9;20;0.1;30;0.01;0.0;0.01;2000;2;False;0.9266;0.9254
model_mnist_lr0.0075;gradient;4;9;20;0.1;30;0.01;0.0;0.01;2000;3;False;0.9266;0.9228
model_mnist_lr0.0075;gradient;4;9;20;0.1;30;0.01;0.0;0.01;2000;4;False;0.9266;0.9231
model_mnist_lr0.0075;gradient;4;9;20;0.1;30;0.01;0.0;0.01;2000;5;False;0.9266;0.9222
model_mnist_lr0.0075;gradient;4;9;20;0.1;30;0.01;0.0;0.01;4000;1;False;0.9266;0.9221
model_mnist_lr0.0075;gradient;4;9;20;0.1;30;0.01;0.0;0.01;4000;2;False;0.9266;0.9239
model_mnist_lr0.0075;gradient;4;9;20;0.1;30;0.01;0.0;0.01;4000;3;False;0.9266;0.9262
model_mnist_lr0.0075;gradient;4;9;20;0.1;30;0.01;0.0;0.01;4000;4;False;0.9266;0.925
model_mnist_lr0.0075;gradient;4;9;20;0.1;30;0.01;0.0;0.01;4000;5;False;0.9266;0.9167
model_mnist_lr0.0075;gradient;4;9;20;0.1;30;0.01;0.2;0.01;2000;1;False;0.9266;0.9081
model_mnist_lr0.0075;gradient;4;9;20;0.1;30;0.01;0.2;0.01;2000;2;False;0.9266;0.9167
model_mnist_lr0.0075;gradient;4;9;20;0.1;30;0.01;0.2;0.01;2000;3;False;0.9266;0.9257
model_mnist_lr0.0075;gradient;4;9;20;0.1;30;0.01;0.2;0.01;2000;4;False;0.9266;0.9115
model_mnist_lr0.0075;gradient;4;9;20;0.1;30;0.01;0.2;0.01;2000;5;False;0.9266;0.9252
model_mnist_lr0.0075;gradient;4;9;20;0.1;30;0.01;0.2;0.01;4000;1;False;0.9266;0.9204
model_mnist_lr0.0075;gradient;4;9;20;0.1;30;0.01;0.2;0.01;4000;2;False;0.9266;0.9145
model_mnist_lr0.0075;gradient;4;9;20;0.1;30;0.01;0.2;0.01;4000;3;False;0.9266;0.8953
model_mnist_lr0.0075;gradient;4;9;20;0.1;30;0.01;0.2;0.01;4000;4;False;0.9266;0.9202
model_mnist_lr0.0075;gradient;4;9;20;0.1;30;0.01;0.2;0.01;4000;5;False;0.9266;0.922
model_mnist_lr0.0075;gradient;4;9;20;0.1;60;0.01;0.0;0.01;2000;1;False;0.9266;0.9201
model_mnist_lr0.0075;gradient;4;9;20;0.1;60;0.01;0.0;0.01;2000;2;False;0.9266;0.9247
model_mnist_lr0.0075;gradient;4;9;20;0.1;60;0.01;0.0;0.01;2000;3;False;0.9266;0.9212
model_mnist_lr0.0075;gradient;4;9;20;0.1;60;0.01;0.0;0.01;2000;4;False;0.9266;0.9201
model_mnist_lr0.0075;gradient;4;9;20;0.1;60;0.01;0.0;0.01;2000;5;False;0.9266;0.9241
model_mnist_lr0.0075;gradient;4;9;20;0.1;60;0.01;0.0;0.01;4000;1;False;0.9266;0.8898
model_mnist_lr0.0075;gradient;4;9;20;0.1;60;0.01;0.0;0.01;4000;2;False;0.9266;0.9213
model_mnist_lr0.0075;gradient;4;9;20;0.1;60;0.01;0.0;0.01;4000;3;False;0.9266;0.9227
model_mnist_lr0.0075;gradient;4;9;20;0.1;60;0.01;0.0;0.01;4000;4;False;0.9266;0.915
model_mnist_lr0.0075;gradient;4;9;20;0.1;60;0.01;0.0;0.01;4000;5;False;0.9266;0.8892
model_mnist_lr0.0075;gradient;4;9;20;0.1;60;0.01;0.2;0.01;2000;1;False;0.9266;0.9224
model_mnist_lr0.0075;gradient;4;9;20;0.1;60;0.01;0.2;0.01;2000;2;False;0.9266;0.9223
model_mnist_lr0.0075;gradient;4;9;20;0.1;60;0.01;0.2;0.01;2000;3;False;0.9266;0.9217
model_mnist_lr0.0075;gradient;4;9;20;0.1;60;0.01;0.2;0.01;2000;4;False;0.9266;0.9215
model_mnist_lr0.0075;gradient;4;9;20;0.1;60;0.01;0.2;0.01;2000;5;False;0.9266;0.9074
model_mnist_lr0.0075;gradient;4;9;20;0.1;60;0.01;0.2;0.01;4000;1;False;0.9266;0.9232
model_mnist_lr0.0075;gradient;4;9;20;0.1;60;0.01;0.2;0.01;4000;2;False;0.9266;0.9229
model_mnist_lr0.0075;gradient;4;9;20;0.1;60;0.01;0.2;0.01;4000;3;False;0.9266;0.8908
model_mnist_lr0.0075;gradient;4;9;20;0.1;60;0.01;0.2;0.01;4000;4;False;0.9266;0.9211
model_mnist_lr0.0075;gradient;4;9;20;0.1;60;0.01;0.2;0.01;4000;5;False;0.9266;0.9257
model_mnist_lr0.0075;gradient;4;9;20;0.1;30;0.03;0.0;0.01;2000;1;False;0.9266;0.9062
model_mnist_lr0.0075;gradient;4;9;20;0.1;30;0.03;0.0;0.01;2000;2;False;0.9266;0.9166
model_mnist_lr0.0075;gradient;4;9;20;0.1;30;0.03;0.0;0.01;2000;3;False;0.9266;0.9164
model_mnist_lr0.0075;gradient;4;9;20;0.1;30;0.03;0.0;0.01;2000;4;False;0.9266;0.9202
model_mnist_lr0.0075;gradient;4;9;20;0.1;30;0.03;0.0;0.01;2000;5;False;0.9266;0.9165
model_mnist_lr0.0075;gradient;4;9;20;0.1;30;0.03;0.0;0.01;4000;1;False;0.9266;0.9209
model_mnist_lr0.0075;gradient;4;9;20;0.1;30;0.03;0.0;0.01;4000;2;False;0.9266;0.9228
model_mnist_lr0.0075;gradient;4;9;20;0.1;30;0.03;0.0;0.01;4000;3;False;0.9266;0.9208
model_mnist_lr0.0075;gradient;4;9;20;0.1;30;0.03;0.0;0.01;4000;4;False;0.9266;0.9202
model_mnist_lr0.0075;gradient;4;9;20;0.1;30;0.03;0.0;0.01;4000;5;False;0.9266;0.913
model_mnist_lr0.0075;gradient;4;9;20;0.1;30;0.03;0.2;0.01;2000;1;False;0.9266;0.9171
model_mnist_lr0.0075;gradient;4;9;20;0.1;30;0.03;0.2;0.01;2000;2;False;0.9266;0.9248
model_mnist_lr0.0075;gradient;4;9;20;0.1;30;0.03;0.2;0.01;2000;3;False;0.9266;0.9205
model_mnist_lr0.0075;gradient;4;9;20;0.1;30;0.03;0.2;0.01;2000;4;False;0.9266;0.9249
model_mnist_lr0.0075;gradient;4;9;20;0.1;30;0.03;0.2;0.01;2000;5;False;0.9266;0.9213
model_mnist_lr0.0075;gradient;4;9;20;0.1;30;0.03;0.2;0.01;4000;1;False;0.9266;0.9238
model_mnist_lr0.0075;gradient;4;9;20;0.1;30;0.03;0.2;0.01;4000;2;False;0.9266;0.9219
model_mnist_lr0.0075;gradient;4;9;20;0.1;30;0.03;0.2;0.01;4000;3;False;0.9266;0.9166
model_mnist_lr0.0075;gradient;4;9;20;0.1;30;0.03;0.2;0.01;4000;4;False;0.9266;0.9234
model_mnist_lr0.0075;gradient;4;9;20;0.1;30;0.03;0.2;0.01;4000;5;False;0.9266;0.9209
model_mnist_lr0.0075;gradient;4;9;20;0.1;60;0.03;0.0;0.01;2000;1;False;0.9266;0.9236
model_mnist_lr0.0075;gradient;4;9;20;0.1;60;0.03;0.0;0.01;2000;2;False;0.9266;0.9203
model_mnist_lr0.0075;gradient;4;9;20;0.1;60;0.03;0.0;0.01;2000;3;False;0.9266;0.9169
model_mnist_lr0.0075;gradient;4;9;20;0.1;60;0.03;0.0;0.01;2000;4;False;0.9266;0.9209
model_mnist_lr0.0075;gradient;4;9;20;0.1;60;0.03;0.0;0.01;2000;5;False;0.9266;0.9096
model_mnist_lr0.0075;gradient;4;9;20;0.1;60;0.03;0.0;0.01;4000;1;False;0.9266;0.9161
model_mnist_lr0.0075;gradient;4;9;20;0.1;60;0.03;0.0;0.01;4000;2;False;0.9266;0.9194
model_mnist_lr0.0075;gradient;4;9;20;0.1;60;0.03;0.0;0.01;4000;3;False;0.9266;0.8881
model_mnist_lr0.0075;gradient;4;9;20;0.1;60;0.03;0.0;0.01;4000;4;False;0.9266;0.9198
model_mnist_lr0.0075;gradient;4;9;20;0.1;60;0.03;0.0;0.01;4000;5;False;0.9266;0.8948
model_mnist_lr0.0075;gradient;4;9;20;0.1;60;0.03;0.2;0.01;2000;1;False;0.9266;0.9186
model_mnist_lr0.0075;gradient;4;9;20;0.1;60;0.03;0.2;0.01;2000;2;False;0.9266;0.911
model_mnist_lr0.0075;gradient;4;9;20;0.1;60;0.03;0.2;0.01;2000;3;False;0.9266;0.9167
model_mnist_lr0.0075;gradient;4;9;20;0.1;60;0.03;0.2;0.01;2000;4;False;0.9266;0.9182
model_mnist_lr0.0075;gradient;4;9;20;0.1;60;0.03;0.2;0.01;2000;5;False;0.9266;0.912
model_mnist_lr0.0075;gradient;4;9;20;0.1;60;0.03;0.2;0.01;4000;1;False;0.9266;0.9218
model_mnist_lr0.0075;gradient;4;9;20;0.1;60;0.03;0.2;0.01;4000;2;False;0.9266;0.9208
model_mnist_lr0.0075;gradient;4;9;20;0.1;60;0.03;0.2;0.01;4000;3;False;0.9266;0.9247
model_mnist_lr0.0075;gradient;4;9;20;0.1;60;0.03;0.2;0.01;4000;4;False;0.9266;0.9197
model_mnist_lr0.0075;gradient;4;9;20;0.1;60;0.03;0.2;0.01;4000;5;False;0.9266;0.9138
model_mnist_lr0.0075;gradient;4;9;20;0.1;30;0.05;0.0;0.01;2000;1;False;0.9266;0.9238
model_mnist_lr0.0075;gradient;4;9;20;0.1;30;0.05;0.0;0.01;2000;2;False;0.9266;0.9191
model_mnist_lr0.0075;gradient;4;9;20;0.1;30;0.05;0.0;0.01;2000;3;False;0.9266;0.9119
model_mnist_lr0.0075;gradient;4;9;20;0.1;30;0.05;0.0;0.01;2000;4;False;0.9266;0.9239
model_mnist_lr0.0075;gradient;4;9;20;0.1;30;0.05;0.0;0.01;2000;5;False;0.9266;0.9241
model_mnist_lr0.0075;gradient;4;9;20;0.1;30;0.05;0.0;0.01;4000;1;False;0.9266;0.8744
model_mnist_lr0.0075;gradient;4;9;20;0.1;30;0.05;0.0;0.01;4000;2;False;0.9266;0.9173
model_mnist_lr0.0075;gradient;4;9;20;0.1;30;0.05;0.0;0.01;4000;3;False;0.9266;0.9243
model_mnist_lr0.0075;gradient;4;9;20;0.1;30;0.05;0.0;0.01;4000;4;False;0.9266;0.864
model_mnist_lr0.0075;gradient;4;9;20;0.1;30;0.05;0.0;0.01;4000;5;False;0.9266;0.9275
model_mnist_lr0.0075;gradient;4;9;20;0.1;30;0.05;0.2;0.01;2000;1;False;0.9266;0.9153
model_mnist_lr0.0075;gradient;4;9;20;0.1;30;0.05;0.2;0.01;2000;2;False;0.9266;0.9203
model_mnist_lr0.0075;gradient;4;9;20;0.1;30;0.05;0.2;0.01;2000;3;False;0.9266;0.9233
model_mnist_lr0.0075;gradient;4;9;20;0.1;30;0.05;0.2;0.01;2000;4;False;0.9266;0.922
model_mnist_lr0.0075;gradient;4;9;20;0.1;30;0.05;0.2;0.01;2000;5;False;0.9266;0.9075
model_mnist_lr0.0075;gradient;4;9;20;0.1;30;0.05;0.2;0.01;4000;1;False;0.9266;0.9172
model_mnist_lr0.0075;gradient;4;9;20;0.1;30;0.05;0.2;0.01;4000;2;False;0.9266;0.9209
model_mnist_lr0.0075;gradient;4;9;20;0.1;30;0.05;0.2;0.01;4000;3;False;0.9266;0.9199
model_mnist_lr0.0075;gradient;4;9;20;0.1;30;0.05;0.2;0.01;4000;4;False;0.9266;0.9154
model_mnist_lr0.0075;gradient;4;9;20;0.1;30;0.05;0.2;0.01;4000;5;False;0.9266;0.9268
model_mnist_lr0.0075;gradient;4;9;20;0.1;60;0.05;0.0;0.01;2000;1;False;0.9266;0.9231
model_mnist_lr0.0075;gradient;4;9;20;0.1;60;0.05;0.0;0.01;2000;2;False;0.9266;0.9225
model_mnist_lr0.0075;gradient;4;9;20;0.1;60;0.05;0.0;0.01;2000;3;False;0.9266;0.9218
model_mnist_lr0.0075;gradient;4;9;20;0.1;60;0.05;0.0;0.01;2000;4;False;0.9266;0.9173
model_mnist_lr0.0075;gradient;4;9;20;0.1;60;0.05;0.0;0.01;2000;5;False;0.9266;0.923
model_mnist_lr0.0075;gradient;4;9;20;0.1;60;0.05;0.0;0.01;4000;1;False;0.9266;0.9211
model_mnist_lr0.0075;gradient;4;9;20;0.1;60;0.05;0.0;0.01;4000;2;False;0.9266;0.9245
model_mnist_lr0.0075;gradient;4;9;20;0.1;60;0.05;0.0;0.01;4000;3;False;0.9266;0.9166
model_mnist_lr0.0075;gradient;4;9;20;0.1;60;0.05;0.0;0.01;4000;4;False;0.9266;0.922
model_mnist_lr0.0075;gradient;4;9;20;0.1;60;0.05;0.0;0.01;4000;5;False;0.9266;0.9223
model_mnist_lr0.0075;gradient;4;9;20;0.1;60;0.05;0.2;0.01;2000;1;False;0.9266;0.9159
model_mnist_lr0.0075;gradient;4;9;20;0.1;60;0.05;0.2;0.01;2000;2;False;0.9266;0.9246
model_mnist_lr0.0075;gradient;4;9;20;0.1;60;0.05;0.2;0.01;2000;3;False;0.9266;0.9202
model_mnist_lr0.0075;gradient;4;9;20;0.1;60;0.05;0.2;0.01;2000;4;False;0.9266;0.924
model_mnist_lr0.0075;gradient;4;9;20;0.1;60;0.05;0.2;0.01;2000;5;False;0.9266;0.9216
model_mnist_lr0.0075;gradient;4;9;20;0.1;60;0.05;0.2;0.01;4000;1;False;0.9266;0.923
model_mnist_lr0.0075;gradient;4;9;20;0.1;60;0.05;0.2;0.01;4000;2;False;0.9266;0.921
model_mnist_lr0.0075;gradient;4;9;20;0.1;60;0.05;0.2;0.01;4000;3;False;0.9266;0.9263
model_mnist_lr0.0075;gradient;4;9;20;0.1;60;0.05;0.2;0.01;4000;4;False;0.9266;0.9235
model_mnist_lr0.0075;gradient;4;9;20;0.1;60;0.05;0.2;0.01;4000;5;False;0.9266;0.8973
model_mnist_lr0.0075;gradient;6;5;20;0.1;30;0.01;0.0;0.01;2000;1;False;0.9266;0.9263
model_mnist_lr0.0075;gradient;6;5;20;0.1;30;0.01;0.0;0.01;2000;2;False;0.9266;0.9202
model_mnist_lr0.0075;gradient;6;5;20;0.1;30;0.01;0.0;0.01;2000;3;False;0.9266;0.9191
model_mnist_lr0.0075;gradient;6;5;20;0.1;30;0.01;0.0;0.01;2000;4;False;0.9266;0.9176
model_mnist_lr0.0075;gradient;6;5;20;0.1;30;0.01;0.0;0.01;2000;5;False;0.9266;0.9234
model_mnist_lr0.0075;gradient;6;5;20;0.1;30;0.01;0.0;0.01;4000;1;False;0.9266;0.9216
model_mnist_lr0.0075;gradient;6;5;20;0.1;30;0.01;0.0;0.01;4000;2;False;0.9266;0.9229
model_mnist_lr0.0075;gradient;6;5;20;0.1;30;0.01;0.0;0.01;4000;3;False;0.9266;0.8966
model_mnist_lr0.0075;gradient;6;5;20;0.1;30;0.01;0.0;0.01;4000;4;False;0.9266;0.9178
model_mnist_lr0.0075;gradient;6;5;20;0.1;30;0.01;0.0;0.01;4000;5;False;0.9266;0.9025
model_mnist_lr0.0075;gradient;6;5;20;0.1;30;0.01;0.2;0.01;2000;1;False;0.9266;0.922
model_mnist_lr0.0075;gradient;6;5;20;0.1;30;0.01;0.2;0.01;2000;2;False;0.9266;0.9168
model_mnist_lr0.0075;gradient;6;5;20;0.1;30;0.01;0.2;0.01;2000;3;False;0.9266;0.9007
model_mnist_lr0.0075;gradient;6;5;20;0.1;30;0.01;0.2;0.01;2000;4;False;0.9266;0.9037
model_mnist_lr0.0075;gradient;6;5;20;0.1;30;0.01;0.2;0.01;2000;5;False;0.9266;0.8998
model_mnist_lr0.0075;gradient;6;5;20;0.1;30;0.01;0.2;0.01;4000;1;False;0.9266;0.92
model_mnist_lr0.0075;gradient;6;5;20;0.1;30;0.01;0.2;0.01;4000;2;False;0.9266;0.9123
model_mnist_lr0.0075;gradient;6;5;20;0.1;30;0.01;0.2;0.01;4000;3;False;0.9266;0.9184
model_mnist_lr0.0075;gradient;6;5;20;0.1;30;0.01;0.2;0.01;4000;4;False;0.9266;0.9246
model_mnist_lr0.0075;gradient;6;5;20;0.1;30;0.01;0.2;0.01;4000;5;False;0.9266;0.9179
model_mnist_lr0.0075;gradient;6;5;20;0.1;60;0.01;0.0;0.01;2000;1;False;0.9266;0.9204
model_mnist_lr0.0075;gradient;6;5;20;0.1;60;0.01;0.0;0.01;2000;2;False;0.9266;0.9224
model_mnist_lr0.0075;gradient;6;5;20;0.1;60;0.01;0.0;0.01;2000;3;False;0.9266;0.9177
model_mnist_lr0.0075;gradient;6;5;20;0.1;60;0.01;0.0;0.01;2000;4;False;0.9266;0.925
model_mnist_lr0.0075;gradient;6;5;20;0.1;60;0.01;0.0;0.01;2000;5;False;0.9266;0.9211
model_mnist_lr0.0075;gradient;6;5;20;0.1;60;0.01;0.0;0.01;4000;1;False;0.9266;0.9225
model_mnist_lr0.0075;gradient;6;5;20;0.1;60;0.01;0.0;0.01;4000;2;False;0.9266;0.9214
model_mnist_lr0.0075;gradient;6;5;20;0.1;60;0.01;0.0;0.01;4000;3;False;0.9266;0.9203
model_mnist_lr0.0075;gradient;6;5;20;0.1;60;0.01;0.0;0.01;4000;4;False;0.9266;0.9147
model_mnist_lr0.0075;gradient;6;5;20;0.1;60;0.01;0.0;0.01;4000;5;False;0.9266;0.9075
model_mnist_lr0.0075;gradient;6;5;20;0.1;60;0.01;0.2;0.01;2000;1;False;0.9266;0.9222
model_mnist_lr0.0075;gradient;6;5;20;0.1;60;0.01;0.2;0.01;2000;2;False;0.9266;0.9144
model_mnist_lr0.0075;gradient;6;5;20;0.1;60;0.01;0.2;0.01;2000;3;False;0.9266;0.9217
model_mnist_lr0.0075;gradient;6;5;20;0.1;60;0.01;0.2;0.01;2000;4;False;0.9266;0.9218
model_mnist_lr0.0075;gradient;6;5;20;0.1;60;0.01;0.2;0.01;2000;5;False;0.9266;0.9157
model_mnist_lr0.0075;gradient;6;5;20;0.1;60;0.01;0.2;0.01;4000;1;False;0.9266;0.9215
model_mnist_lr0.0075;gradient;6;5;20;0.1;60;0.01;0.2;0.01;4000;2;False;0.9266;0.924
model_mnist_lr0.0075;gradient;6;5;20;0.1;60;0.01;0.2;0.01;4000;3;False;0.9266;0.926
model_mnist_lr0.0075;gradient;6;5;20;0.1;60;0.01;0.2;0.01;4000;4;False;0.9266;0.909
model_mnist_lr0.0075;gradient;6;5;20;0.1;60;0.01;0.2;0.01;4000;5;False;0.9266;0.9175
model_mnist_lr0.0075;gradient;6;5;20;0.1;30;0.03;0.0;0.01;2000;1;False;0.9266;0.9237
model_mnist_lr0.0075;gradient;6;5;20;0.1;30;0.03;0.0;0.01;2000;2;False;0.9266;0.9151
model_mnist_lr0.0075;gradient;6;5;20;0.1;30;0.03;0.0;0.01;2000;3;False;0.9266;0.9194
model_mnist_lr0.0075;gradient;6;5;20;0.1;30;0.03;0.0;0.01;2000;4;False;0.9266;0.9113
model_mnist_lr0.0075;gradient;6;5;20;0.1;30;0.03;0.0;0.01;2000;5;False;0.9266;0.9255
model_mnist_lr0.0075;gradient;6;5;20;0.1;30;0.03;0.0;0.01;4000;1;False;0.9266;0.921
model_mnist_lr0.0075;gradient;6;5;20;0.1;30;0.03;0.0;0.01;4000;2;False;0.9266;0.9088
model_mnist_lr0.0075;gradient;6;5;20;0.1;30;0.03;0.0;0.01;4000;3;False;0.9266;0.9177
model_mnist_lr0.0075;gradient;6;5;20;0.1;30;0.03;0.0;0.01;4000;4;False;0.9266;0.9241
model_mnist_lr0.0075;gradient;6;5;20;0.1;30;0.03;0.0;0.01;4000;5;False;0.9266;0.9119
model_mnist_lr0.0075;gradient;6;5;20;0.1;30;0.03;0.2;0.01;2000;1;False;0.9266;0.9075
model_mnist_lr0.0075;gradient;6;5;20;0.1;30;0.03;0.2;0.01;2000;2;False;0.9266;0.9235
model_mnist_lr0.0075;gradient;6;5;20;0.1;30;0.03;0.2;0.01;2000;3;False;0.9266;0.9155
model_mnist_lr0.0075;gradient;6;5;20;0.1;30;0.03;0.2;0.01;2000;4;False;0.9266;0.9203
model_mnist_lr0.0075;gradient;6;5;20;0.1;30;0.03;0.2;0.01;2000;5;False;0.9266;0.9213
model_mnist_lr0.0075;gradient;6;5;20;0.1;30;0.03;0.2;0.01;4000;1;False;0.9266;0.9224
model_mnist_lr0.0075;gradient;6;5;20;0.1;30;0.03;0.2;0.01;4000;2;False;0.9266;0.925
model_mnist_lr0.0075;gradient;6;5;20;0.1;30;0.03;0.2;0.01;4000;3;False;0.9266;0.9255
model_mnist_lr0.0075;gradient;6;5;20;0.1;30;0.03;0.2;0.01;4000;4;False;0.9266;0.9076
model_mnist_lr0.0075;gradient;6;5;20;0.1;30;0.03;0.2;0.01;4000;5;False;0.9266;0.921
model_mnist_lr0.0075;gradient;6;5;20;0.1;60;0.03;0.0;0.01;2000;1;False;0.9266;0.9146
model_mnist_lr0.0075;gradient;6;5;20;0.1;60;0.03;0.0;0.01;2000;2;False;0.9266;0.9198
model_mnist_lr0.0075;gradient;6;5;20;0.1;60;0.03;0.0;0.01;2000;3;False;0.9266;0.9245
model_mnist_lr0.0075;gradient;6;5;20;0.1;60;0.03;0.0;0.01;2000;4;False;0.9266;0.9213
model_mnist_lr0.0075;gradient;6;5;20;0.1;60;0.03;0.0;0.01;2000;5;False;0.9266;0.9173
model_mnist_lr0.0075;gradient;6;5;20;0.1;60;0.03;0.0;0.01;4000;1;False;0.9266;0.9118
model_mnist_lr0.0075;gradient;6;5;20;0.1;60;0.03;0.0;0.01;4000;2;False;0.9266;0.9176
model_mnist_lr0.0075;gradient;6;5;20;0.1;60;0.03;0.0;0.01;4000;3;False;0.9266;0.925
model_mnist_lr0.0075;gradient;6;5;20;0.1;60;0.03;0.0;0.01;4000;4;False;0.9266;0.9219
model_mnist_lr0.0075;gradient;6;5;20;0.1;60;0.03;0.0;0.01;4000;5;False;0.9266;0.9205
model_mnist_lr0.0075;gradient;6;5;20;0.1;60;0.03;0.2;0.01;2000;1;False;0.9266;0.9215
model_mnist_lr0.0075;gradient;6;5;20;0.1;60;0.03;0.2;0.01;2000;2;False;0.9266;0.9122
model_mnist_lr0.0075;gradient;6;5;20;0.1;60;0.03;0.2;0.01;2000;3;False;0.9266;0.9036
model_mnist_lr0.0075;gradient;6;5;20;0.1;60;0.03;0.2;0.01;2000;4;False;0.9266;0.9251
model_mnist_lr0.0075;gradient;6;5;20;0.1;60;0.03;0.2;0.01;2000;5;False;0.9266;0.9192
model_mnist_lr0.0075;gradient;6;5;20;0.1;60;0.03;0.2;0.01;4000;1;False;0.9266;0.9227
model_mnist_lr0.0075;gradient;6;5;20;0.1;60;0.03;0.2;0.01;4000;2;False;0.9266;0.9243
model_mnist_lr0.0075;gradient;6;5;20;0.1;60;0.03;0.2;0.01;4000;3;False;0.9266;0.9233
model_mnist_lr0.0075;gradient;6;5;20;0.1;60;0.03;0.2;0.01;4000;4;False;0.9266;0.9155
model_mnist_lr0.0075;gradient;6;5;20;0.1;60;0.03;0.2;0.01;4000;5;False;0.9266;0.9136
model_mnist_lr0.0075;gradient;6;5;20;0.1;30;0.05;0.0;0.01;2000;1;False;0.9266;0.9177
model_mnist_lr0.0075;gradient;6;5;20;0.1;30;0.05;0.0;0.01;2000;2;False;0.9266;0.913
model_mnist_lr0.0075;gradient;6;5;20;0.1;30;0.05;0.0;0.01;2000;3;False;0.9266;0.9217
model_mnist_lr0.0075;gradient;6;5;20;0.1;30;0.05;0.0;0.01;2000;4;False;0.9266;0.9077
model_mnist_lr0.0075;gradient;6;5;20;0.1;30;0.05;0.0;0.01;2000;5;False;0.9266;0.9188
model_mnist_lr0.0075;gradient;6;5;20;0.1;30;0.05;0.0;0.01;4000;1;False;0.9266;0.9265
model_mnist_lr0.0075;gradient;6;5;20;0.1;30;0.05;0.0;0.01;4000;2;False;0.9266;0.8596
model_mnist_lr0.0075;gradient;6;5;20;0.1;30;0.05;0.0;0.01;4000;3;False;0.9266;0.915
model_mnist_lr0.0075;gradient;6;5;20;0.1;30;0.05;0.0;0.01;4000;4;False;0.9266;0.908
model_mnist_lr0.0075;gradient;6;5;20;0.1;30;0.05;0.0;0.01;4000;5;False;0.9266;0.9204
model_mnist_lr0.0075;gradient;6;5;20;0.1;30;0.05;0.2;0.01;2000;1;False;0.9266;0.9245
model_mnist_lr0.0075;gradient;6;5;20;0.1;30;0.05;0.2;0.01;2000;2;False;0.9266;0.9207
model_mnist_lr0.0075;gradient;6;5;20;0.1;30;0.05;0.2;0.01;2000;3;False;0.9266;0.9128
model_mnist_lr0.0075;gradient;6;5;20;0.1;30;0.05;0.2;0.01;2000;4;False;0.9266;0.905
model_mnist_lr0.0075;gradient;6;5;20;0.1;30;0.05;0.2;0.01;2000;5;False;0.9266;0.9097
model_mnist_lr0.0075;gradient;6;5;20;0.1;30;0.05;0.2;0.01;4000;1;False;0.9266;0.9201
model_mnist_lr0.0075;gradient;6;5;20;0.1;30;0.05;0.2;0.01;4000;2;False;0.9266;0.9238
model_mnist_lr0.0075;gradient;6;5;20;0.1;30;0.05;0.2;0.01;4000;3;False;0.9266;0.9238
model_mnist_lr0.0075;gradient;6;5;20;0.1;30;0.05;0.2;0.01;4000;4;False;0.9266;0.9202
model_mnist_lr0.0075;gradient;6;5;20;0.1;30;0.05;0.2;0.01;4000;5;False;0.9266;0.9226
model_mnist_lr0.0075;gradient;6;5;20;0.1;60;0.05;0.0;0.01;2000;1;False;0.9266;0.9231
model_mnist_lr0.0075;gradient;6;5;20;0.1;60;0.05;0.0;0.01;2000;2;False;0.9266;0.9218
model_mnist_lr0.0075;gradient;6;5;20;0.1;60;0.05;0.0;0.01;2000;3;False;0.9266;0.9208
model_mnist_lr0.0075;gradient;6;5;20;0.1;60;0.05;0.0;0.01;2000;4;False;0.9266;0.9232
model_mnist_lr0.0075;gradient;6;5;20;0.1;60;0.05;0.0;0.01;2000;5;False;0.9266;0.9212
model_mnist_lr0.0075;gradient;6;5;20;0.1;60;0.05;0.0;0.01;4000;1;False;0.9266;0.9109
model_mnist_lr0.0075;gradient;6;5;20;0.1;60;0.05;0.0;0.01;4000;2;False;0.9266;0.9124
model_mnist_lr0.0075;gradient;6;5;20;0.1;60;0.05;0.0;0.01;4000;3;False;0.9266;0.9068
model_mnist_lr0.0075;gradient;6;5;20;0.1;60;0.05;0.0;0.01;4000;4;False;0.9266;0.922
model_mnist_lr0.0075;gradient;6;5;20;0.1;60;0.05;0.0;0.01;4000;5;False;0.9266;0.92
model_mnist_lr0.0075;gradient;6;5;20;0.1;60;0.05;0.2;0.01;2000;1;False;0.9266;0.9223
model_mnist_lr0.0075;gradient;6;5;20;0.1;60;0.05;0.2;0.01;2000;2;False;0.9266;0.9009
model_mnist_lr0.0075;gradient;6;5;20;0.1;60;0.05;0.2;0.01;2000;3;False;0.9266;0.9281
model_mnist_lr0.0075;gradient;6;5;20;0.1;60;0.05;0.2;0.01;2000;4;False;0.9266;0.9198
model_mnist_lr0.0075;gradient;6;5;20;0.1;60;0.05;0.2;0.01;2000;5;False;0.9266;0.9245
model_mnist_lr0.0075;gradient;6;5;20;0.1;60;0.05;0.2;0.01;4000;1;False;0.9266;0.9251
model_mnist_lr0.0075;gradient;6;5;20;0.1;60;0.05;0.2;0.01;4000;2;False;0.9266;0.9178
model_mnist_lr0.0075;gradient;6;5;20;0.1;60;0.05;0.2;0.01;4000;3;False;0.9266;0.9257
model_mnist_lr0.0075;gradient;6;5;20;0.1;60;0.05;0.2;0.01;4000;4;False;0.9266;0.9228
model_mnist_lr0.0075;gradient;6;5;20;0.1;60;0.05;0.2;0.01;4000;5;False;0.9266;0.9225
